[
{
   "fields": {
      "model": "logentry",
      "name": "log entry",
      "app_label": "admin"
   },
   "model": "contenttypes.contenttype",
   "pk": 1
},
{
   "fields": {
      "model": "permission",
      "name": "permission",
      "app_label": "auth"
   },
   "model": "contenttypes.contenttype",
   "pk": 2
},
{
   "fields": {
      "model": "group",
      "name": "group",
      "app_label": "auth"
   },
   "model": "contenttypes.contenttype",
   "pk": 3
},
{
   "fields": {
      "model": "user",
      "name": "user",
      "app_label": "auth"
   },
   "model": "contenttypes.contenttype",
   "pk": 4
},
{
   "fields": {
      "model": "contenttype",
      "name": "content type",
      "app_label": "contenttypes"
   },
   "model": "contenttypes.contenttype",
   "pk": 5
},
{
   "fields": {
      "model": "session",
      "name": "session",
      "app_label": "sessions"
   },
   "model": "contenttypes.contenttype",
   "pk": 6
},
{
   "fields": {
      "model": "proyecto",
      "name": "proyecto",
      "app_label": "project"
   },
   "model": "contenttypes.contenttype",
   "pk": 7
},
{
   "fields": {
      "model": "miembroequipo",
      "name": "miembro equipo",
      "app_label": "project"
   },
   "model": "contenttypes.contenttype",
   "pk": 8
},
{
   "fields": {
      "model": "sprint",
      "name": "sprint",
      "app_label": "project"
   },
   "model": "contenttypes.contenttype",
   "pk": 9
},
{
   "fields": {
      "model": "flujo",
      "name": "flujo",
      "app_label": "project"
   },
   "model": "contenttypes.contenttype",
   "pk": 10
},
{
   "fields": {
      "model": "actividad",
      "name": "actividad",
      "app_label": "project"
   },
   "model": "contenttypes.contenttype",
   "pk": 11
},
{
   "fields": {
      "model": "userstory",
      "name": "user story",
      "app_label": "project"
   },
   "model": "contenttypes.contenttype",
   "pk": 12
},
{
   "fields": {
      "model": "nota",
      "name": "nota",
      "app_label": "project"
   },
   "model": "contenttypes.contenttype",
   "pk": 13
},
{
   "fields": {
      "model": "adjunto",
      "name": "adjunto",
      "app_label": "project"
   },
   "model": "contenttypes.contenttype",
   "pk": 14
},
{
   "fields": {
      "model": "userobjectpermission",
      "name": "user object permission",
      "app_label": "guardian"
   },
   "model": "contenttypes.contenttype",
   "pk": 15
},
{
   "fields": {
      "model": "groupobjectpermission",
      "name": "group object permission",
      "app_label": "guardian"
   },
   "model": "contenttypes.contenttype",
   "pk": 16
},
{
   "fields": {
      "model": "revision",
      "name": "revision",
      "app_label": "reversion"
   },
   "model": "contenttypes.contenttype",
   "pk": 17
},
{
   "fields": {
      "model": "version",
      "name": "version",
      "app_label": "reversion"
   },
   "model": "contenttypes.contenttype",
   "pk": 18
},
{
   "fields": {
      "expire_date": "2015-05-14T15:00:07.331Z",
      "session_data": "ZTNkMmUxZjRjYmNhNjU2OGFmMDJjYzQ2ZGZmZGY0N2I4ZmRmNmMwMTp7Il9hdXRoX3VzZXJfaGFzaCI6ImZmOWJkMmE4N2Y0ZGUwOWIxYjRhMTcxZjkzNjk0NWZhZjcwMjUxMDEiLCJfYXV0aF91c2VyX2JhY2tlbmQiOiJkamFuZ28uY29udHJpYi5hdXRoLmJhY2tlbmRzLk1vZGVsQmFja2VuZCIsIl9hdXRoX3VzZXJfaWQiOjF9"
   },
   "model": "sessions.session",
   "pk": "dzg3213hzsmj1x5v18siwuf3hobhka93"
},
{
   "fields": {
      "expire_date": "2015-05-27T14:30:43.163Z",
      "session_data": "ZTNkMmUxZjRjYmNhNjU2OGFmMDJjYzQ2ZGZmZGY0N2I4ZmRmNmMwMTp7Il9hdXRoX3VzZXJfaGFzaCI6ImZmOWJkMmE4N2Y0ZGUwOWIxYjRhMTcxZjkzNjk0NWZhZjcwMjUxMDEiLCJfYXV0aF91c2VyX2JhY2tlbmQiOiJkamFuZ28uY29udHJpYi5hdXRoLmJhY2tlbmRzLk1vZGVsQmFja2VuZCIsIl9hdXRoX3VzZXJfaWQiOjF9"
   },
   "model": "sessions.session",
   "pk": "iarlr6m7rzhomy17yd4nwosdl1yx0utw"
},
{
   "fields": {
      "expire_date": "2015-05-27T14:24:08.375Z",
      "session_data": "ZTNkMmUxZjRjYmNhNjU2OGFmMDJjYzQ2ZGZmZGY0N2I4ZmRmNmMwMTp7Il9hdXRoX3VzZXJfaGFzaCI6ImZmOWJkMmE4N2Y0ZGUwOWIxYjRhMTcxZjkzNjk0NWZhZjcwMjUxMDEiLCJfYXV0aF91c2VyX2JhY2tlbmQiOiJkamFuZ28uY29udHJpYi5hdXRoLmJhY2tlbmRzLk1vZGVsQmFja2VuZCIsIl9hdXRoX3VzZXJfaWQiOjF9"
   },
   "model": "sessions.session",
   "pk": "mnq7tu48c0v8gh4oit0zxzewp8ps76sq"
},
{
   "fields": {
      "expire_date": "2015-05-16T03:42:24.406Z",
      "session_data": "NTg2NjI2MDEyMzA2ZTBlYzI0ZDVhZWRhYzU5YWNjY2Y5ZWFiODlhZjp7Il9hdXRoX3VzZXJfaGFzaCI6ImEzNTU0NjU3NzIyY2Q3MjRlNzk5Njc3ZDg5NThkZjNiMDQ0N2JhN2YiLCJfYXV0aF91c2VyX2JhY2tlbmQiOiJkamFuZ28uY29udHJpYi5hdXRoLmJhY2tlbmRzLk1vZGVsQmFja2VuZCIsIl9hdXRoX3VzZXJfaWQiOjJ9"
   },
   "model": "sessions.session",
   "pk": "ttram5ig8efkcv48ollhqoncc5si2tz6"
},
{
   "fields": {
      "nombre": "Sprint 1",
      "proyecto": 7,
      "fin": "2015-05-19T16:34:33Z",
      "inicio": "2015-04-19T16:34:32Z"
   },
   "model": "project.sprint",
   "pk": 1
},
{
   "fields": {
      "nombre": "Sprint 2",
      "proyecto": 7,
      "fin": "2015-04-19T16:34:49Z",
      "inicio": "2015-04-19T16:34:47Z"
   },
   "model": "project.sprint",
   "pk": 2
},
{
   "fields": {
      "nombre": "Sprint 3",
      "proyecto": 7,
      "fin": "2015-04-19T16:34:58Z",
      "inicio": "2015-04-19T16:34:57Z"
   },
   "model": "project.sprint",
   "pk": 3
},
{
   "fields": {
      "nombre": "Sprint",
      "proyecto": 6,
      "fin": "2015-10-31T00:00:00Z",
      "inicio": "2015-10-01T00:00:00Z"
   },
   "model": "project.sprint",
   "pk": 4
},
{
   "fields": {
      "nombre": "Tiempo de duracion",
      "proyecto": 3,
      "fin": "2015-05-04T00:00:00Z",
      "inicio": "2015-04-04T00:00:00Z"
   },
   "model": "project.sprint",
   "pk": 5
},
{
   "fields": {
      "nombre": "Sprint1",
      "proyecto": 8,
      "fin": "2015-10-12T00:00:00Z",
      "inicio": "2015-09-12T00:00:00Z"
   },
   "model": "project.sprint",
   "pk": 6
},
{
   "fields": {
      "nombre": "Sprint",
      "proyecto": 5,
      "fin": "2015-11-01T00:00:00Z",
      "inicio": "2015-10-04T00:00:00Z"
   },
   "model": "project.sprint",
   "pk": 7
},
{
   "fields": {
      "nombre": "SPrint1",
      "proyecto": 11,
      "fin": "2015-07-31T00:00:00Z",
      "inicio": "2015-07-01T00:00:00Z"
   },
   "model": "project.sprint",
   "pk": 8
},
{
   "fields": {
      "nombre": "Tiempo a personajes",
      "proyecto": 9,
      "fin": "2015-01-16T00:00:00Z",
      "inicio": "2015-01-01T00:00:00Z"
   },
   "model": "project.sprint",
   "pk": 9
},
{
   "fields": {
      "nombre": "Desarrollo",
      "proyecto": 7
   },
   "model": "project.flujo",
   "pk": 1
},
{
   "fields": {
      "nombre": "Mantenimiento",
      "proyecto": 7
   },
   "model": "project.flujo",
   "pk": 2
},
{
   "fields": {
      "nombre": "Desarrollo",
      "proyecto": null
   },
   "model": "project.flujo",
   "pk": 3
},
{
   "fields": {
      "nombre": "FLujo1",
      "proyecto": 6
   },
   "model": "project.flujo",
   "pk": 4
},
{
   "fields": {
      "nombre": "Creacion",
      "proyecto": 3
   },
   "model": "project.flujo",
   "pk": 5
},
{
   "fields": {
      "nombre": "Actividades",
      "proyecto": 8
   },
   "model": "project.flujo",
   "pk": 6
},
{
   "fields": {
      "nombre": "Principio",
      "proyecto": 5
   },
   "model": "project.flujo",
   "pk": 7
},
{
   "fields": {
      "nombre": "Flujo1",
      "proyecto": 11
   },
   "model": "project.flujo",
   "pk": 8
},
{
   "fields": {
      "nombre": "Personajes",
      "proyecto": 9
   },
   "model": "project.flujo",
   "pk": 9
},
{
   "fields": {
      "_order": 0,
      "name": "Analisis",
      "flujo": 1
   },
   "model": "project.actividad",
   "pk": 1
},
{
   "fields": {
      "_order": 1,
      "name": "Diseno",
      "flujo": 1
   },
   "model": "project.actividad",
   "pk": 2
},
{
   "fields": {
      "_order": 2,
      "name": "Mantenimiento",
      "flujo": 1
   },
   "model": "project.actividad",
   "pk": 3
},
{
   "fields": {
      "_order": 3,
      "name": "Implementacion",
      "flujo": 1
   },
   "model": "project.actividad",
   "pk": 4
},
{
   "fields": {
      "_order": 0,
      "name": "A",
      "flujo": 2
   },
   "model": "project.actividad",
   "pk": 5
},
{
   "fields": {
      "_order": 1,
      "name": "B",
      "flujo": 2
   },
   "model": "project.actividad",
   "pk": 6
},
{
   "fields": {
      "_order": 2,
      "name": "C",
      "flujo": 2
   },
   "model": "project.actividad",
   "pk": 7
},
{
   "fields": {
      "_order": 0,
      "name": "Analisis",
      "flujo": 3
   },
   "model": "project.actividad",
   "pk": 8
},
{
   "fields": {
      "_order": 1,
      "name": "Dise\u00f1o",
      "flujo": 3
   },
   "model": "project.actividad",
   "pk": 9
},
{
   "fields": {
      "_order": 2,
      "name": "Implementacion",
      "flujo": 3
   },
   "model": "project.actividad",
   "pk": 10
},
{
   "fields": {
      "_order": 0,
      "name": "Nombre",
      "flujo": 4
   },
   "model": "project.actividad",
   "pk": 11
},
{
   "fields": {
      "_order": 0,
      "name": "Disenho",
      "flujo": 5
   },
   "model": "project.actividad",
   "pk": 12
},
{
   "fields": {
      "_order": 1,
      "name": "Construccion",
      "flujo": 5
   },
   "model": "project.actividad",
   "pk": 13
},
{
   "fields": {
      "_order": 2,
      "name": "terminacion",
      "flujo": 5
   },
   "model": "project.actividad",
   "pk": 14
},
{
   "fields": {
      "_order": 0,
      "name": "Planeamiento",
      "flujo": 6
   },
   "model": "project.actividad",
   "pk": 15
},
{
   "fields": {
      "_order": 1,
      "name": "Realizacion",
      "flujo": 6
   },
   "model": "project.actividad",
   "pk": 16
},
{
   "fields": {
      "_order": 0,
      "name": "Analisis",
      "flujo": 7
   },
   "model": "project.actividad",
   "pk": 17
},
{
   "fields": {
      "_order": 1,
      "name": "Creacion",
      "flujo": 7
   },
   "model": "project.actividad",
   "pk": 18
},
{
   "fields": {
      "_order": 2,
      "name": "Puesta en Marcha",
      "flujo": 7
   },
   "model": "project.actividad",
   "pk": 19
},
{
   "fields": {
      "_order": 0,
      "name": "Analisis",
      "flujo": 8
   },
   "model": "project.actividad",
   "pk": 20
},
{
   "fields": {
      "_order": 1,
      "name": "Dise\u00f1o",
      "flujo": 8
   },
   "model": "project.actividad",
   "pk": 21
},
{
   "fields": {
      "_order": 2,
      "name": "finalizacion",
      "flujo": 8
   },
   "model": "project.actividad",
   "pk": 22
},
{
   "fields": {
      "_order": 0,
      "name": "Disenho",
      "flujo": 9
   },
   "model": "project.actividad",
   "pk": 23
},
{
   "fields": {
      "_order": 1,
      "name": "Prueba",
      "flujo": 9
   },
   "model": "project.actividad",
   "pk": 24
},
{
   "fields": {
      "user_story": 1,
      "content_type": "text/x-python-script",
      "tipo": "src",
      "binario": "aW1wb3J0IHN5cwoKcHJpbnQgIkhlbGxvIFdvcmxkISIKCg==",
      "filename": "hello.py",
      "creacion": "2015-05-13T14:32:05.304Z",
      "descripcion": "Hello world in Python",
      "nombre": "Hello World Python",
      "lenguaje": "python"
   },
   "model": "project.adjunto",
   "pk": 1
},
{
   "fields": {
      "user_story": 1,
      "content_type": "application/octet-stream",
      "tipo": "src",
      "binario": "I2luY2x1ZGUgPHN0ZGlvLmg+CiNpbmNsdWRlIDxzdGRsaWIuaD4KCmludCBtYWluKCl7CiAgIHByaW50ZigiSGVsbG8gV29ybGQhXG4iKTsKCiAgIHJldHVybiAwOwp9Cgo=",
      "filename": "hello_world.c",
      "creacion": "2015-05-13T14:32:21.777Z",
      "descripcion": "Hello World in C",
      "nombre": "Hello World C",
      "lenguaje": "clike"
   },
   "model": "project.adjunto",
   "pk": 2
},
{
   "fields": {
      "user_story": 1,
      "content_type": "text/x-ruby-script",
      "tipo": "src",
      "binario": "Y2xhc3MgRW1wbG95ZWUgPCBQZXJzb24KICBkZWYgaW5pdGlhbGl6ZShmbmFtZSwgbG5hbWUsIHBvc2l0aW9uKQogICAgc3VwZXIoZm5hbWUsbG5hbWUpCiAgICBAcG9zaXRpb24gPSBwb3NpdGlvbgogIGVuZAogIGRlZiB0b19zCiAgICAgc3VwZXIgKyAiLCAjQHBvc2l0aW9uIgogIGVuZAogIGF0dHJfd3JpdGVyIDpwb3NpdGlvbgplbmQKZW1wbG95ZWUgPSBFbXBsb3llZS5uZXcoIkF1Z3VzdHVzIiwiQm9uZGkiLCJDRk8iKQpwdXRzIGVtcGxveWVlCnB1dHMgZW1wbG95ZWUuZm5hbWUKZW1wbG95ZWUucG9zaXRpb24gPSAiQ0VPIgpwdXRzIGVtcGxveWVlCg==",
      "filename": "employee.rb",
      "creacion": "2015-05-13T14:32:55.643Z",
      "descripcion": "Ruby code example",
      "nombre": "Ruby Example",
      "lenguaje": "ruby"
   },
   "model": "project.adjunto",
   "pk": 3
},
{
   "fields": {
      "user_story": 1,
      "content_type": "application/octet-stream",
      "tipo": "src",
      "binario": "Ly8gU2NhbGEKY2xhc3MgUG9pbnQoCiAgICB2YWwgeDogRG91YmxlLCB2YWwgeTogRG91YmxlLAogICAgYWRkVG9HcmlkOiBCb29sZWFuID0gZmFsc2UKKSB7CiAgaW1wb3J0IFBvaW50Ll8KIAogIGlmIChhZGRUb0dyaWQpCiAgICBncmlkLmFkZCh0aGlzKQogCiAgZGVmIHRoaXMoKSA9IHRoaXMoMC4wLCAwLjApCiAKICBkZWYgZGlzdGFuY2VUb1BvaW50KG90aGVyOiBQb2ludCkgPQogICAgZGlzdGFuY2VCZXR3ZWVuUG9pbnRzKHgsIHksIG90aGVyLngsIG90aGVyLnkpCn0KIApvYmplY3QgUG9pbnQgewogIHByaXZhdGUgdmFsIGdyaWQgPSBuZXcgR3JpZCgpCiAKICBkZWYgZGlzdGFuY2VCZXR3ZWVuUG9pbnRzKHgxOiBEb3VibGUsIHkxOiBEb3VibGUsCiAgICAgIHgyOiBEb3VibGUsIHkyOiBEb3VibGUpID0gewogICAgbWF0aC5oeXBvdCh4MSAtIHgyLCB5MSAtIHkyKQogIH0KfQo=",
      "filename": "point.scala",
      "creacion": "2015-05-13T14:33:15.605Z",
      "descripcion": "Scala example code",
      "nombre": "Scala Code",
      "lenguaje": "scala"
   },
   "model": "project.adjunto",
   "pk": 4
},
{
   "fields": {
      "user_story": 1,
      "content_type": "text/php",
      "tipo": "src",
      "binario": "ZnVuY3Rpb24gZ2V0QWRkZXIoJHgpCnsKICAgIHJldHVybiBmdW5jdGlvbigkeSkgdXNlICgkeCkKICAgIHsKICAgICAgICByZXR1cm4gJHggKyAkeTsKICAgIH07Cn0KIAokYWRkZXIgPSBnZXRBZGRlcig4KTsKZWNobyAkYWRkZXIoMik7IC8vIHByaW50cyAiMTAiCg==",
      "filename": "adder.php",
      "creacion": "2015-05-13T14:33:49.325Z",
      "descripcion": "PHP example code",
      "nombre": "PHP Code",
      "lenguaje": "php"
   },
   "model": "project.adjunto",
   "pk": 5
},
{
   "fields": {
      "user_story": 1,
      "content_type": "text/css",
      "tipo": "src",
      "binario": "LyogaHR0cDovL3ByaXNtanMuY29tL2Rvd25sb2FkLmh0bWw/dGhlbWVzPXByaXNtJmxhbmd1YWdlcz1tYXJrdXArY3NzK2NsaWtlK2phdmFzY3JpcHQrYmFzaCtqYXZhK21hdGxhYitwaHArcHl0aG9uK3J1Ynkrc2NhbGErc3FsK3N3aWZ0ICovCi8qKgogKiBwcmlzbS5qcyBkZWZhdWx0IHRoZW1lIGZvciBKYXZhU2NyaXB0LCBDU1MgYW5kIEhUTUwKICogQmFzZWQgb24gZGFiYmxldCAoaHR0cDovL2RhYmJsZXQuY29tKQogKiBAYXV0aG9yIExlYSBWZXJvdQogKi8KCmNvZGVbY2xhc3MqPSJsYW5ndWFnZS0iXSwKcHJlW2NsYXNzKj0ibGFuZ3VhZ2UtIl0gewoJY29sb3I6IGJsYWNrOwoJdGV4dC1zaGFkb3c6IDAgMXB4IHdoaXRlOwoJZm9udC1mYW1pbHk6IENvbnNvbGFzLCBNb25hY28sICdBbmRhbGUgTW9ubycsIG1vbm9zcGFjZTsKCWRpcmVjdGlvbjogbHRyOwoJdGV4dC1hbGlnbjogbGVmdDsKCXdoaXRlLXNwYWNlOiBwcmU7Cgl3b3JkLXNwYWNpbmc6IG5vcm1hbDsKCXdvcmQtYnJlYWs6IG5vcm1hbDsKCWxpbmUtaGVpZ2h0OiAxLjU7CgoJLW1vei10YWItc2l6ZTogNDsKCS1vLXRhYi1zaXplOiA0OwoJdGFiLXNpemU6IDQ7CgoJLXdlYmtpdC1oeXBoZW5zOiBub25lOwoJLW1vei1oeXBoZW5zOiBub25lOwoJLW1zLWh5cGhlbnM6IG5vbmU7CgloeXBoZW5zOiBub25lOwp9CgpwcmVbY2xhc3MqPSJsYW5ndWFnZS0iXTo6LW1vei1zZWxlY3Rpb24sIHByZVtjbGFzcyo9Imxhbmd1YWdlLSJdIDo6LW1vei1zZWxlY3Rpb24sCmNvZGVbY2xhc3MqPSJsYW5ndWFnZS0iXTo6LW1vei1zZWxlY3Rpb24sIGNvZGVbY2xhc3MqPSJsYW5ndWFnZS0iXSA6Oi1tb3otc2VsZWN0aW9uIHsKCXRleHQtc2hhZG93OiBub25lOwoJYmFja2dyb3VuZDogI2IzZDRmYzsKfQoKcHJlW2NsYXNzKj0ibGFuZ3VhZ2UtIl06OnNlbGVjdGlvbiwgcHJlW2NsYXNzKj0ibGFuZ3VhZ2UtIl0gOjpzZWxlY3Rpb24sCmNvZGVbY2xhc3MqPSJsYW5ndWFnZS0iXTo6c2VsZWN0aW9uLCBjb2RlW2NsYXNzKj0ibGFuZ3VhZ2UtIl0gOjpzZWxlY3Rpb24gewoJdGV4dC1zaGFkb3c6IG5vbmU7CgliYWNrZ3JvdW5kOiAjYjNkNGZjOwp9CgpAbWVkaWEgcHJpbnQgewoJY29kZVtjbGFzcyo9Imxhbmd1YWdlLSJdLAoJcHJlW2NsYXNzKj0ibGFuZ3VhZ2UtIl0gewoJCXRleHQtc2hhZG93OiBub25lOwoJfQp9CgovKiBDb2RlIGJsb2NrcyAqLwpwcmVbY2xhc3MqPSJsYW5ndWFnZS0iXSB7CglwYWRkaW5nOiAxZW07CgltYXJnaW46IC41ZW0gMDsKCW92ZXJmbG93OiBhdXRvOwp9Cgo6bm90KHByZSkgPiBjb2RlW2NsYXNzKj0ibGFuZ3VhZ2UtIl0sCnByZVtjbGFzcyo9Imxhbmd1YWdlLSJdIHsKCWJhY2tncm91bmQ6ICNmNWYyZjA7Cn0KCi8qIElubGluZSBjb2RlICovCjpub3QocHJlKSA+IGNvZGVbY2xhc3MqPSJsYW5ndWFnZS0iXSB7CglwYWRkaW5nOiAuMWVtOwoJYm9yZGVyLXJhZGl1czogLjNlbTsKfQoKLnRva2VuLmNvbW1lbnQsCi50b2tlbi5wcm9sb2csCi50b2tlbi5kb2N0eXBlLAoudG9rZW4uY2RhdGEgewoJY29sb3I6IHNsYXRlZ3JheTsKfQoKLnRva2VuLnB1bmN0dWF0aW9uIHsKCWNvbG9yOiAjOTk5Owp9CgoubmFtZXNwYWNlIHsKCW9wYWNpdHk6IC43Owp9CgoudG9rZW4ucHJvcGVydHksCi50b2tlbi50YWcsCi50b2tlbi5ib29sZWFuLAoudG9rZW4ubnVtYmVyLAoudG9rZW4uY29uc3RhbnQsCi50b2tlbi5zeW1ib2wsCi50b2tlbi5kZWxldGVkIHsKCWNvbG9yOiAjOTA1Owp9CgoudG9rZW4uc2VsZWN0b3IsCi50b2tlbi5hdHRyLW5hbWUsCi50b2tlbi5zdHJpbmcsCi50b2tlbi5jaGFyLAoudG9rZW4uYnVpbHRpbiwKLnRva2VuLmluc2VydGVkIHsKCWNvbG9yOiAjNjkwOwp9CgoudG9rZW4ub3BlcmF0b3IsCi50b2tlbi5lbnRpdHksCi50b2tlbi51cmwsCi5sYW5ndWFnZS1jc3MgLnRva2VuLnN0cmluZywKLnN0eWxlIC50b2tlbi5zdHJpbmcgewoJY29sb3I6ICNhNjdmNTk7CgliYWNrZ3JvdW5kOiBoc2xhKDAsIDAlLCAxMDAlLCAuNSk7Cn0KCi50b2tlbi5hdHJ1bGUsCi50b2tlbi5hdHRyLXZhbHVlLAoudG9rZW4ua2V5d29yZCB7Cgljb2xvcjogIzA3YTsKfQoKLnRva2VuLmZ1bmN0aW9uIHsKCWNvbG9yOiAjREQ0QTY4Owp9CgoudG9rZW4ucmVnZXgsCi50b2tlbi5pbXBvcnRhbnQsCi50b2tlbi52YXJpYWJsZSB7Cgljb2xvcjogI2U5MDsKfQoKLnRva2VuLmltcG9ydGFudCwKLnRva2VuLmJvbGQgewoJZm9udC13ZWlnaHQ6IGJvbGQ7Cn0KLnRva2VuLml0YWxpYyB7Cglmb250LXN0eWxlOiBpdGFsaWM7Cn0KCi50b2tlbi5lbnRpdHkgewoJY3Vyc29yOiBoZWxwOwp9Cgo=",
      "filename": "prism.css",
      "creacion": "2015-05-13T14:34:09.130Z",
      "descripcion": "Prism CSS code",
      "nombre": "Prims CSS",
      "lenguaje": "css"
   },
   "model": "project.adjunto",
   "pk": 6
},
{
   "fields": {
      "user_story": 1,
      "content_type": "text/plain",
      "tipo": "text",
      "binario": "VGhlIHBhdGggb2YgdGhlIHJpZ2h0ZW91cyBtYW4gaXMgYmVzZXQgb24gYWxsIHNpZGVzIGJ5IHRoZSBpbmVxdWl0aWVzIG9mIHRoZSBzZWxmaXNoIGFuZCB0aGUgdHlyYW5ueSBvZiBldmlsIG1lbi4gQmxlc3NlZCBpcyBoZSwgd2hvIGluIHRoZSBuYW1lIG9mIGNoYXJpdHkgYW5kIGdvb2Qgd2lsbCwgc2hlcGhlcmRzIHRoZSB3ZWFrIHRocm91Z2ggdGhlIHZhbGxleSBvZiBkYXJrbmVzcywgZm9yIGhlIGlzIHRydWx5IGhpcyBicm90aGVyJ3Mga2VlcGVyIGFuZCB0aGUgZmluZGVyIG9mIGxvc3QgY2hpbGRyZW4uIEFuZCBJIHdpbGwgc3RyaWtlIGRvd24gdXBvbiB0aGVlIHdpdGggZ3JlYXQgdmVuZ2VhbmNlIGFuZCBmdXJpb3VzIGFuZ2VyIHRob3NlIHdobyB3b3VsZCBhdHRlbXB0IHRvIHBvaXNvbiBhbmQgZGVzdHJveSBteSBicm90aGVycy4gQW5kIHlvdSB3aWxsIGtub3cgbXkgbmFtZSBpcyB0aGUgTG9yZCB3aGVuIEkgbGF5IG15IHZlbmdlYW5jZSB1cG9uIHRoZWUuCg==",
      "filename": "ezekiel.txt",
      "creacion": "2015-05-13T14:34:59.594Z",
      "descripcion": "Does he look like a bitch?",
      "nombre": "Ezekiel 25:17",
      "lenguaje": null
   },
   "model": "project.adjunto",
   "pk": 7
},
{
   "fields": {
      "user_story": 1,
      "content_type": "text/plain",
      "tipo": "text",
      "binario": "TG9yZW0gaXBzdW0gZG9sb3Igc2l0IGFtZXQsIGNvbnNlY3RldHVyIGFkaXBpc2NpbmcgZWxpdC4gRHVpcyBzZWQgbmlzbCBydXRydW0sIG1vbGxpcyBkdWkgZWdldCwgbW9sbGlzIGR1aS4gTmFtIHF1aXMgbWV0dXMgbWFnbmEuIFNlZCBvcm5hcmUgbGliZXJvIHNpdCBhbWV0IGxlbyBmZXVnaWF0LCB1dCBjdXJzdXMgbWFzc2EgYWxpcXVhbS4gTnVuYyBub24gZmFjaWxpc2lzIHVybmEuIEFsaXF1YW0gdXQgZWxpdCBxdWlzIHF1YW0gZmVybWVudHVtIHRyaXN0aXF1ZS4gQ3VyYWJpdHVyIGEgYWxpcXVhbSBsYWN1cy4gUGVsbGVudGVzcXVlIHZvbHV0cGF0IGxlY3R1cyB0b3J0b3IsIGEgcGVsbGVudGVzcXVlIHB1cnVzIHZlaGljdWxhIHZlbC4gSW50ZWdlciBhdCB2dWxwdXRhdGUgZWxpdC4gVmVzdGlidWx1bSBhbnRlIGlwc3VtIHByaW1pcyBpbiBmYXVjaWJ1cyBvcmNpIGx1Y3R1cyBldCB1bHRyaWNlcyBwb3N1ZXJlIGN1YmlsaWEgQ3VyYWU7IFNlZCBpZCB2ZW5lbmF0aXMgbGFjdXMsIG5vbiBibGFuZGl0IHR1cnBpcy4gUHJvaW4gZmF1Y2lidXMgcmlzdXMgc2l0IGFtZXQgZHVpIG1hdHRpcywgZWZmaWNpdHVyIGNvbnZhbGxpcyBudWxsYSB2ZXN0aWJ1bHVtLiBQaGFzZWxsdXMgZWxlbWVudHVtIGFyY3UgaW4gbWFsZXN1YWRhIHZ1bHB1dGF0ZS4gRnVzY2UgcnV0cnVtIGFyY3UgcG9ydGEgcHVydXMgYWNjdW1zYW4sIGluIHRyaXN0aXF1ZSB0dXJwaXMgYXVjdG9yLiBOdW5jIGJsYW5kaXQgZXJhdCBldCB0b3J0b3IgbW9sZXN0aWUsIG5vbiB2ZWhpY3VsYSBtaSByaG9uY3VzLiBQcmFlc2VudCBpbiBzYXBpZW4gaXBzdW0uCgpJbiBwb3J0dGl0b3Igc2VtcGVyIHBoYXJldHJhLiBDcmFzIHZhcml1cyBuZXF1ZSBhYyBuZXF1ZSBkYXBpYnVzIHZlc3RpYnVsdW0uIFN1c3BlbmRpc3NlIGEgdWx0cmljaWVzIG1hc3NhLiBFdGlhbSB0ZW1wdXMgdHVycGlzIGF0IGRvbG9yIHBvcnR0aXRvciwgdml0YWUgYWNjdW1zYW4gbWFnbmEgZWZmaWNpdHVyLiBQZWxsZW50ZXNxdWUgaGFiaXRhbnQgbW9yYmkgdHJpc3RpcXVlIHNlbmVjdHVzIGV0IG5ldHVzIGV0IG1hbGVzdWFkYSBmYW1lcyBhYyB0dXJwaXMgZWdlc3Rhcy4gUXVpc3F1ZSBsaWJlcm8gb2RpbywgZ3JhdmlkYSBhdCBzYWdpdHRpcyBlZ2V0LCBoZW5kcmVyaXQgbmVjIHNhcGllbi4gRXRpYW0gdWxsYW1jb3JwZXIgc2l0IGFtZXQgYXVndWUgYXQgbHVjdHVzLiBOdWxsYW0gZWdldCB0aW5jaWR1bnQgZXN0LiBQcmFlc2VudCBzY2VsZXJpc3F1ZSBsYWN1cyBleCwgaWQgYmxhbmRpdCB2ZWxpdCBzb2RhbGVzIHNpdCBhbWV0LiBGdXNjZSBhdCBtYXVyaXMgcG9zdWVyZSwgcnV0cnVtIGVyb3Mgdml0YWUsIHBvcnRhIG5lcXVlLiBNYXVyaXMgc2VtcGVyIGxlY3R1cyBhdCBwdXJ1cyB2dWxwdXRhdGUsIGF0IGNvbnZhbGxpcyBmZWxpcyBlZmZpY2l0dXIuIEFsaXF1YW0gZWxlaWZlbmQgZXggbWksIHNlZCBjb25zZXF1YXQgbWFnbmEgcGVsbGVudGVzcXVlIGlkLiBTZWQgc2VtcGVyIGVnZXQgbG9yZW0gZWdldCB2dWxwdXRhdGUuCg==",
      "filename": "Lorem.txt",
      "creacion": "2015-05-13T14:35:19.923Z",
      "descripcion": "Lorem Ipsum text",
      "nombre": "Lorem Ipsum",
      "lenguaje": null
   },
   "model": "project.adjunto",
   "pk": 8
},
{
   "fields": {
      "user_story": 1,
      "content_type": "application/x-sh",
      "tipo": "src",
      "binario": "IyEvdXNyL2Jpbi9iYXNoCgplY2hvICJIZWxsbyBXb3JsZCEiCg==",
      "filename": "hello.sh",
      "creacion": "2015-05-13T14:35:59.231Z",
      "descripcion": "Hello world with bash",
      "nombre": "Hello in Bash",
      "lenguaje": "bash"
   },
   "model": "project.adjunto",
   "pk": 9
},
{
   "fields": {
      "user_story": 1,
      "content_type": "image/jpeg",
      "tipo": "img",
      "binario": "/9j/2wBDAAMCAgMCAgMDAwMEAwMEBQgFBQQEBQoHBwYIDAoMDAsKCwsNDhIQDQ4RDgsLEBYQERMUFRUVDA8XGBYUGBIUFRT/2wBDAQMEBAUEBQkFBQkUDQsNFBQUFBQUFBQUFBQUFBQUFBQUFBQUFBQUFBQUFBQUFBQUFBQUFBQUFBQUFBQUFBQUFBT/wAARCALQBQADASIAAhEBAxEB/8QAHQAAAgMBAQEBAQAAAAAAAAAAAgMBBAUABgcICf/EAD0QAAEEAgEDAwMDAwMDAwQBBQEAAgMRBCExBRJBE1FhBiJxFDKBQpGhFSOxB1LBM9HhFiRi8UPwJVNyNP/EABsBAAMBAQEBAQAAAAAAAAAAAAECAwAEBQYH/8QAKREAAgICAgIDAAMBAQADAQAAAAECEQMhEjEEQRMiURRhcTIFFSOBkf/aAAwDAQACEQMRAD8A/XmfIXNIHuvKdVB7nHelqnqgkZyNrLz5PUa482F8TSPu4WkeaypaJ0s2aWrpaGewglY8z6vayR2XaBdOWk7S/wBV9xVaWcXyq5ns6JTpeyZbkY19n3VY/Ya8JfrkHSW6Y2qGZZD/AD5T4yDSzjIQdcJ0WQGnaexUqNZj+ApfGHhUG5VbTI8wd3KQzRSz8chx1SyJI98cL1M8bJ478kLIyMItOgm6BVmG9iSW9o0tKWAgFU5YimJtFJ3KG6cmuiNoCwgpmA5jym+qfZJaD7I6RME8XXwkuFqwUp12NIIfiViLRBc5Q6/ZEWiXOoKHO4QPH8riLWFo5xsJMnlE9tWgq1jAnlDQ9kyvhdXwEGCjmxBwQyYZINC05jaViIF1pbKqKMWbELTwqr8bwvTHEbLelWk6eQeE8Z0K8d9Hm5Mcg8JRh3wt2bEonSrPxaBVOdkuBj+jZ2hdDtaIgom0DoRaIvEo+lY4UOhIHCv/AKf3Qvg+QmsRwMh0JvYS3xAHhaMkXbYVd0e+FTkRcShJGL4SHRC/PK03Q+4SHRAk6VORFrZUMfGl3p/AT63VKWssWnsWit6R9gmRw64TxEmMipKFIFkA909sPaBe0UYoVSYyyQpORVKxfoHnwuEXsDSvu2OPCHt+06pLYzVsRGKA/K0MRwAWeSB4tOgmINBLIojfxHA0tbFgDgTzawcGYAfwvS9Oc0tAXFkbPRwpexoxB28UlyYvaDparWNI4QSNY38rm5nXwM2GL7QmiIWE1xaLVeWRoNg0E12gMsCYNu9JUszCOVSnzgwEdyoP6jR/dpCMWJzSNDINtNLHydlG7qDSP3KnLkteSulQZCUkytNuwqLxZVvImb3ACyTylenZBrStFUc0lZW9M2jbCT8pnbbqVrHivVISkCMb0V4sG/6VbZgCttFrVw8QOAtXTihp0FzyyejtWF0eeOF2jQASZMbts0vRzQgMJr/CycztDSEyk2xZQ4rZg5B7B/Kzcjgmld6g+ne1LKkls1tdSVHDLspTN+4pYY478K/FjCWrBoqx/ppLSAFTlRNQsxSwi60lvaQtiTp7mDgKjNjdn9KymTcCg/RKAP0UydhaSqcrnMbpWWznehzpQAFm5cobaJ0pNWVQzpdc6V4wJSlSCOUBwodmWsr9RspZmPkrqWM43M1JckPFBV3vs7VT1qHKEz/KfiI5lh5+8FKlNtSvXJO0Ek/2ne0EmDkKmcKVR7vuKOSS7VaR9KyjRFuxbiSTaTJsI3PO9ILvSsmiYoDfwpcKpMDLPwi7bFLWKLDC6tLuyk5oXEUlYyQot0h7UZHyucKCARdWnQN2EAHwrEQCVuxo9llv7QlS+EbSue21D2XXRnTsvY8KpIyza0ZwW8DSpyMItWRFoqPb9ySI6Nqy5qDsT2TK5ZQQUrTmgDaANaUydoIsBSBoo+1cWn2QGFKHJnpoew3wsYAgqRYR9ptR2klYwNWiXUa42oo+yFmJXLjrlDZKxUhA5u0Y2oLSSlJEAbQ9qb2efKHsPsgPEW72XDyudyuvhKxiP5UXblxO1FoMBygmlNrgK8oDUCBZRVRUd9a8IrBcfZYejqFqWj7kIHtyjbYI0sMEOApA2uaEQ5CmzDAL+FAFf3RgWmNZ3AflK2Og4ovKtsitvCWwU1PjvsNKcmOkCY9cFAYySrI34Umh4SWUSK4hDeCpbo2eUwkOSS03+UthoIbJ52pbWyojbuk9kelnpGQvt0uazY4T+w+AmxYj38jSHQ/EqiIkrnimlXZIu0EAcKo9u1kCSFnygce1G80Uuu4bKxgHHaX22mOK5kZ8poiMBjeFZjb2g/hQGhnP8ITKOAKTrsUY51BV3Gyuc/7uUJKYQB7UHbaaaPupDfhKYX20Byiay3cJzISmtx+ERn0f02w+tOsW4n8lajOpNlYLdv2XzrHzXNo3S1cfqZoDuXzkuz6rh9UejzpmOb4K87nSNHcQmyZ5kYbKyM6Zxva1o0YMRNPRO1W/VVtImmt1DaqulO0UVo0Wzhy4ydx+FlMncwmkxuUQnEaNGySuDqKrNyA6inscDu0wvEsCTtbVoPU0Upzz26O0BdpLYOJaZlmMDZtWWZbZBTliPmLT7o2TH3RNTNaRrSPBtV5cJjuAAlMyKryU1s3yEAuJSnwO3apSQFt6Wz+pBNHhBLEyUacAmsDiYfpuCgAtK05cWvZVZISDwmTEoSlSWCmPJb4VZ7j3btG37NxY2lDmdygPBHKNrh7pEx+Ip0Z9kCtO2lOiVDNFctQ1tP7EJjJSicRXYhDPu4TQ0k0mNi7qWsyiAyK+dBPhB9kcUJVluOTVC1JyKqADGH2Vj9GJW8bVjGxL5Wth4YOyueU6OmGO1s8nP0iTZ7VRk6a+/wBhX03/AEMzC6seypZX08BxGVl5C/TPxz5nJhOHhD+lHsvbT9BIGmk/ws+XpBaDqv4V1mic0vHZ5h+LrhV5MfXFr0z+mkDjaozYJb4VFkTJSxNHnJYqvSpvjq1t5OOQeKWZkRUuiLs4pxopFt37pb26op72EfhKcNbCsc7QgsXNFtRuahDKOk1kwgPZG0aQjnhGzaDYSeE1rvIKAjSG6CQeyy2Tkog8ccKt31aH1K/+E1GbHlzd0hY4BypunryhGTtFoylRu4stEUvR9HyPvaN2vF4mSe4exXqOjyVIz3XLljo78GTZ6d2UGg7pU351Hm1WnmJ7q2s+R5HlcigdksjXRfmzq3aoT9QH/dSrSyWKtVJNDnS6VBHJLI2Fk5x8OtUn5bvJOypkaHFKdECFSkc/OTBOWflQJjfKF0G/faJuObGk1IybYbD3G6VuJpkGkpmP7q5DH20VBtnTFNlKVhY81ym4+QWnmvwpyh9xVdrT3V8pGNTTN/EzGCMcq3J1FjY7q6CysGB0rQKTc9noQ07VqSSbOzm1AHM60wA+Pi1hZfWGk6KodWyC17qPleeyJnuJ5XZjx+zzcmd9Grm54kJohU45e88clZ4e4jfKs4hIcLVXE5Ods3cBgdWluQwMcw/asLAJFLbgl+1c80/R3Y6FZGE1wJCxc3FAadLfkmoUsrNcC0haFiTS9Hl8uKncrPlZ7ha+YLcaKoSMvS7YnDNbMXIad+FlZXcRza9BPAd6WVlY9cLthJHDkTMVzEJGlclj5oqs9haulHE0JISi4gpzhrlKc21RE2hL3/KW55I0U1zSlSNTLQpXc4lAUx0ZpB21ysASdlcBXhN9PtOlJbZTWKQ1thENH4RAWFDhpExB1sIHH/KMm0L+OFhhRoKdH8KHN3pcNAaQFDA1aIHjXCBo1+VIaO5Ixy1G7YpMc37bpIjddJxeS20jKCJaIVGVuirczqCqOOymQHsrOYSSg7CrDjZQ0FUnxFFoPKAx+yc43pARST0Bogs+EJad6TdofKWzUJc2wo9MHac4Ail3bpFsYT6di6Q9t+FZr4CW8bTWZLZXI3woTHMIu0BaQsUohwBCgAcUP5RA0DwuBSCg7XA74Xau1JACxkSQNoLBCIikt1ki0UxiHjSWUShwocaRZju0Whc0VrlFRrhCLN6SDUAPNqFPCirShWiXcqWhF23zpd2nwsOSG6C5t3SijRTBpBs1BA+ETRQFIeEQ2Eo1FiM0nxhVWacFbZulNsdIawWU39p+EDRwipSZRIJ0gaR5Qukvwllxb4UXZ9ktBQZeBpEzZCUBZ5VrHhL3DaPoNWFFCXHSv42CZK9lYwsGiD26WtBjBoutLlnOjphib7KUXT2sFkKZYqbTQtN8VcKtIztO1KMn7OtwSRlTxjelnTMorayWDay8hq6EzkmjOdH912hLLVhzOVDY7NkeFRM56ENiLq9kwkRjiymuLWt4F/CqyOslFMDQEj7pINndpr2E0l9idAogElG0H2UVSltp7NQxov5To4QUMTVYaQErdASGNYBWkxoHslB+vhQZQAlTFa0fu+N5oKwyUt2Ehre0BNaNL56T2faxh9UPZlFvKXlSeo3SCkLmkogUSjO3tB3tU3X3HVhacsVg2FUfFymBRTva5MLTZUdnwjYONnNe5qbHklp2Uqiu7AjZnEutygdIhI33VEE2m7NJOQOIMt35KFrnA8lNLQeQhdQ8JheI5klFOa7u8qoOapOY+kLG4jS2vKXZTACQoLChZuJAeQVDj3Lgw7U9u1rNxK00YKpSt2VpyMJvRVWSEG9J7NxM8MKkNI8p7oi08Jfaa48pUzcQ2P0LTNFB265RsFbRsziC7XhD22rIF1pR6W9JuQnFlYRGwrEUZTmQWL0rUWLZH/hSch1BioYLIC0MfE2NC1YhwaGhtX8bH7f3N2uaeRHTGAjFwvu4/utjEwAQPldj49VrS1oA1gbpcc5nVGIWLhNa0WN2tWLCD9617KlHMBfwrUeWGVtcc22PxorZ3Q2PjcQ3a89n9CaLpq9c/qDHNq7VOeSN5vlNDJNdgcUeGyOkdgP2rEzun9g01fQ8mON90BwvO9Vx2hrjwvRx5bdHPkgmjwOZigXpYWXAAeF63qUVWvOZbNlepjkeVkgYkrKKQ5gJV6dnwqz2rqTOCUSo9tfKE740nyM9gl1Q4T2RaAaCCUxlBBXK5rqpZiosctFJDwBSkyaoGkmV9BEDYEspDteyS6cjygkkIvVpLrIToRjHTXvSSZ90hcKu0o88pyZpYmSWvavTdP6kGtB0vGMkqlo4mV2gb8qM4pl8c3Fns/8AUA7dhQ+cP9l5yPMBravxZgLTpc7idqyWWZJLJ8KtLLWrUOlD0p4tyNiE0XpjYTpWMTF9XtoWtKPpTquikc0ikMbkZbMfu8J7MW/6VojBLfBKbHj9tapTc7LxxUZ8eET4RPxu2tLZhgBvQXZGGHAaUZSvR1Rx0jzGYzts7VfHZ3P8rbzMA+yqY+Ce8Dt8p7VCODs1OkY4IslI+o2GKIjytTAgLGMoHSrdfi74hY2FGM/uXlGsTPnWdGS86WZLD7Begz4mtkd4WXM0A/K9SEtHgZI7M39P7BWIMaimloCZGQ07P9092BRLuJEdUtKFpLTRWbjzjW1oQztDVzyZ1RpATW3lZebIQDRV/KmBvayMuUOGk0UJNsyJ3EuJvylRuLj4Rzu2fYpMdB93S6vRx+xwxvUHHKyuo4ZZ4teixe01fKDqWM10dgJVJp0Z41JWeGyYu08UVRlYDVrcz4PuKyZY7O/C9LG7PMyRplJzEvtu1adGbSnNpWs5mhLmWCkOYFbLdJMjaNJkIyq9u/hCWUNpzh4pCQmsRiS1B2EpxCgi0wwFUEDhpNSXj2WRmxbgQT4UcFceVFjSIhB8KAdLlwQZiQACEY/cKUAWQmRs3wlseg2t9kVU3lG13aCa8pckhcSKS9j1qytPshVnD2T5CSUtwHvtZaAyu5tVtQas0mO2d8ISAQdhOICQBwosWicSBSjlAxzhSEilI+bRUAgGhYFolwFKQNobsBLmdwspZbSfShzAsmVorObfnhLeN0rDm0dBKdtEwktQk68JhGkNUkFAGx+F1WUVIXXaYZNIi0tzbTKsILAWGYtEeFDhRUrCgmr4UaHhERtd2/KA6TsDgow2ipIpdypsp0BW9qQOFJbf8Lu3jSASQFIG1IH91KLGJqwpa0jS4WUbbJSmoluyrsLO4gKpGDdq/jWSFOTHihzIiRpN9PtOwmxhoHIQSyNHCheytFWWg72SXO+EczwXJLnEcKgg3HAeA7YvwVrYjWU2uVkQvBPC1cA0RalPotBG/iAlrVqRAdovVLMxNtC0GvJYB4+F58z14aQcjQG2s6eTm+Vckca+FnZLuU0UJkf4Up5TuzpUJn3YVjItxKr+kb0upUjgldiS0WgNj3VkxeUt0ZTk6EFtpRj3auelY9kBiN/CwvErOalPZtWnMSyxFGop9lpkcdk6KcIbO0YYG8J7Eoho7Quv5UO5KGt8rBoZ3DVoXuFoQb/uhcTaZCNfVn9BjFoaQuZQ2aW2/Hieym8rOy8csbwvm5dn3GP/AJM8u7Tooo5LItQflLc6q0tY3EsuiEgNKnJjEeFZhm7dFXGxNlahZuJhmD4SnQH2W4/Dv+m0p2Hs6RTsDjRjuhLeUPYtZ+JR8JLsS/CJqM8No8Ir+FaONXgf3QmGjqkgXESBZ2uc26pPMOrpc+LQRsPAruHaSua7aa+MtPFoQytrWbgOjdpN5KQG0ExjqPFoWNwJpd/KO+4KC0FawqAJFJb2dwTByUVWRQC3IXgUnwHZSTDfhaboL42lGDf7UeQOBQMO1IjPsr/oH2pAYK8rckHgVWsrwmNZXhH6QRNZQWsTgdCxauNEDWlmQuo+60seUNqlKbHjFGvhwDS1osUdnAKxsPJ7Vs4+WC2rXDNM6IpFj9OA0UKpKkf6NWmnIBZpUM2buB91JJtj9Dn9QaOEmTqRrRWNk5BZdKhLnEDldEcSZKUj0H+qVf3IH9WLtX/leYk6jXnaSeou7rvSqsKJOZ6kdT8l1jhUs7NbI0rHHUAQN7Sp8nu4OkY46Ykp6KvUn94cQvP5DbWtly917WROebJXfDRwzooZEdKi9hBrwtGZ2vdUnkeV1pnDNIQ5tflKc2jXynPfxpKLi48a909nO1Ql1A0Es8pj+LPKVs3pOicgSdWgdtE8XpCB8ok6EnyKSy2k/tAPulkc+6ZMVoryNqhSrSs7KVxxICrS7KdMRi7NpjZSAlqCeU9WBMvQZJBG1cjzCDfhY8Tt1wnsffk6UnAqpNG3Fl+5/sniSx3ArCbK4cK1HkOLgDwpOJSMz2XQSHyMBFr6BgdEGRC11DY/svm/0++pmfG19f8ApQNfC0O2CvH8puG0e74iU1RkZX0/2A0FkT9NMbjqh7r6hm4Eb4B2N55Xmc3pvY423S4Meds9OWJejyAhMZ0mGvIWrl4zWE20Ki5rD4XUp32Sca0VxitmGxZT8PoLZZNDk+Fcw4GHdL0PScYeo3WrUMmRxRSOPlsyX9COLjl/aaG+F4z6iyWNLm7X3HrPTW/6US1wsr4D9WxOimkDubT+LL5JbIeWnCGjx3UcgGQlY02WC4p/UpT3EWsOeQlxNr6SEdHy2STsvPywFzcy71pZDpTdk2o9cjzStwIqZ6ODKArat/r+1nJXlmZpaOUR6iW8WFN4yiy0bs/UbJVCXNvRWa7MLjRP+Ul09+U6xpCvK2XpJmutVy8Dj+Ej1D8oTISBSPGhOVmpjZNUrks/fHRWDDOYzSsOyT2DaVxCpUhHUIQ4EheeyB2vK9BLJ3g3pY+VFb7pdONnJkVme4HW0pxr5ViRhb4Vd4pda2cjQsmjsJEpv4RSPpVJZtJ0ibJeSEDnJYeSbtF3WmS2Bsm1BKBxAXXfCcUl2wluo2iuz8IPLkAAP1SHu9xpS9LJRQCSaXDRQ9wIU3vylbBQxpopkZ2dpYANHhSHdvytLYy0Pc8AFLLgXcpZeSKUCyfdIl7Hu9EPcCT4QP8Ae1LkJvtKwRTuL2bQdtFN37oSPKKEqwS38qK3wjUatEagRu0VBdW7UoPsxFa4U9vwpARlpA2hY1bBIrSBwpGbQEkikAC3t34SHCgnPsmksiwSj6MlYkm7QInc1SEgoDKJyFw2mBqgtCzGoU7fC6togLUcEaSg40C5hJvSEN/lMIs+y6u1H0Px/QS2go4G0Z5CgrWNX6DV0oINoiKXUtY5FjSlcApDd8JTVZPbXKkN0ETWWdprI7SNjJC2stE1u09kRd44TGwGrI38JOhlFsrsZtXY3ljBpA+EsHGkLiWgBSbsdKh5yAB8pUk9pMji4JTgm4gdhvk7jVm1F65QAVflEdDhY1BxEk6WthP0Pell44+5bWBj9xBAKjPovCOzbwe4gXwtNgqvCTgYpbGCeVd9LVrzZM9aMdFWUmis+YElacjAflVZIiTwVSLJTRmOhs75Q/pwFedGAlvZWxpW5HO4lOSID3SXR06loOjJ/KS6K0/KxHEp9nwh9PuB8q2YgB8oA0VvwgmLxKbsexaD0ACrpDQ00NpTthPYrRUe0AfKSRslWJmaSSa0mTJUKIIKjaN3JUKg1CzbapS5utKK2mdp9kBa0z9/w9QkaQSVaGeJhT/7rFL6ATWuXzbds++WOootzwGu5pVZ7CPBRxSOb5sJ7WiQfKVhUP0qMbZ9lbiJZVFQMfXymNhI/CULjouwZAAHdwnuhEm26Wexp4paGOS1tORTIcWIkxTfCQ/HA+StdvaW8WquRG0cBZ9jpGW+D7bSDFSuvjpVng2tY3EU4eAheAaRuAukCFlVA4s0lGIp40d7RnfFUtYeBTrwpDTasGHaD0iHIWbgL+4HSn7q4ThELRiHWk3IFFVrSVwYSVaZimuCnMw3Oo7r2SuY3Erwt7uU4Q34VqHBJ8FWmYJArtU+ZPijIdCd6QiLXC2zgkD9qU/A/wDxW5m4mN6B9qSzBX/utWSAgn7Uv9Of+1PzSEozBH26pPgBBrauDBPNApkeE720l5G40RC4tK0YJD2hJjxS2tKxHCQRrSlJookx/qnssFV5Ze675VhzftVWVm9JUBoo5EBe0kEm1k5WM9pPNL0OgEmZjXiiLVVIi1Z4/I9QOPskBziaXosrp7XkkClRd032C6IzVHO4OyixxTDZaVcbgFv9KJ2IRwKTqQHB0YGQ13cfZZ2S0r0s2IAOFmZOLYP4V4tHHODPPyv2bH+FUkcDwtTIxiCdLPlx3A6CtFnJKLKzggcrDoqCS9lcKyItFc0lP5vjasuYa3spD20djaZMg0JIH5Qko3NtLf7KnYrXsg7HlLcacdI3ki6O0sivhMyLFPv2tJebB8J736SJBdrJbsDK7jtB3WaUyb4QWXHaskhA2uTWO42q7P3bCcNVRQkFFhp435V3G0fdZ7CatXIJPuB8fCiyqPU9Bdczdr659LTiGJtn+V8Z6Rkdj2m17/pfV2wQN+7S8ryoOSo9zw5qHZ9WHVo3RhriFlZs8bwfuBXiJfqQt/qpVnfVHcaJH915UfFaZ6v8iJt9UkBJ7VhyTU7kqvN1wTH9wCpyZoc6wV2RxtdnPLKn0em6bMCRtev6YK7XL510zNpwHd5Xu+l5LXMaARdLj8mDOzDNPR63InE3TnMPPhfEfr7p7mzudXK+sR5BLA215X6v6T+qgfJ22ufxMnxzpj+Tj+TG6Pzt1aMiR4qq91g5J5Xt/qPpboZXiqteKzYixxGl9nhlyR8dng4MovJCDuKN7TXCU6wutHEwi/XsoL7S3OtLLqRoUZ6hLlJf88JPfRqlAfwmrQt7L8Ug7aKlpbZ/wqLJa8ohPfukcU2a6LJq7Ql5FeUr1dbQeoPdJxDyLFdwKVLCHVrhdHLY0U7uDhz4R/5YKsysuIAHSy52gLazjQrysedpJXTCRzzRQmG/dU5BpX5WFVZGE6K6U0zmaK3d/FKC40P8opI9oQy7vwiRo5rqBUg+2ihIK4FYwTjqjwgcbBK67NFQ53goii3iillGbOyhdZ5FLDI4N0ia3ShrS4fhGGrB9nAiza4jXlGBfAXObTTWlhqSFDg7RgjyP5UEV8qC6t1SWgokmksiqRF2whI3ylYEARRQnlMcRXsUsrDVs4oTQUkrkbGIpSOVy4FAWghsojZ9q+EFombtAoCdICmOBFoCNIIzQtwq/lLcatOISniyiJQhxIUdx9kxwvxpA07qkB0cf/60gtMPlKWZSieUNb2i4UH4QBsEilykNPsortWClRB5Cgm0ZAJQUN/+6A1EUuABI0iIUirGklsJIb3UiDa+VLW6RtAA4WHSOjj2rUEP3BKhYXH3WtiY91pQk6KRiFBit0CFZOG1oBACtwYhABCecUnwuaU3Z1KGjFlhFaG1Tkx16B2FvhVZ8Kv6U0ZCuBhPhJ2kObR4WrLCQaAQNwjJ4pUchOBmiO1zoSARRWyzpjiVYi6S5zthI8iGWOTZk4WOS7bV6Pp8Qb22KURdL9L7v8Kw1vpcLnlPl0dMIU9mrDMA0D2Tmzd/HCyWTEfhW4pO1u/8rnqztUkW9O/KXI0EaUB491Ng0fCWmg6ZUkZR7fKH0ifH8q09jeUt0jW2muyVIQ5gZztUpyL1wnzT87VN7u43dqysixDnG+UsntPJRubZ/wDKkt91ktkqF+pejwhkl7dAKXO7RpV5pD/KsiVASu82qrnElNeD/dJLTaqgNEk2uauaiHKNgoJjbKa1tIgLRtACye6BKOj9y9mgmBtJ4hsBG2La+Wd2z9FilxQsMIGk5g48JjIR7JrYEqkNQLRdJ7Iu5cICPCfG3toVaHIm0QyIWFYbHQ0iiYHEa/uniOjVI2SqhTW0kTfdelcMSRLHopeQVEznt3wkSssFWpGb4SHNPshyLKJSMVHyoMd+Cr4i7nJn6EuIohbkV4mWIu51bRNhIcOVpt6e6/CbH051jRKTkDjRTjhsDSZ+nDvGlqRdOJH7QrMfTD/2lbkI6MEYe9C02PDvwvQt6bf9JRjpVUatDmKjFgwbrSvY/Te4igtKLBLf6aV/GxQ0jShKZjOh6IQQS3+FfZ0U0Pt/sFu4zY3NCvR47DWtLmllZOzyMvR6PAoJD+i93he2fhsI4G1TlwWN3wljlaNZ4iboZaTr8aVb/Stkdq967BjeOLKrO6WxzzQVVm/QWeNb0o6Hans6Q6tBevj6U2+Fdh6ONUBtN8xm0jwn+kPLbpCcMs5C+kt+nw9n7WrM6l9Mu7bAAr2UvmtmjJM+fyNolVJgV6bO6NJHZ7SsTJwnsPGl1wmmO0Zb39vi0hznHwr0mMUo4rj7FdCkiTRUb9w37p0eK1/umsxXA/tVyDGOtJeVA4io+mNe2wP7qnk9OomhwvTY2NYr2RS9NLgbHKT5aezOKo8Fk4hHKzcnEO17vK6Ts/asvI6Rp32/2XRDMc08dnhJ8QeyzpsYAHS9hndMLCftWNkYdE6XfCdnFPHR5ubH+FVfHXhb8+LzpZ8+NR2F0qVnHKNGU+MAaVZ7bWjLAQqr4i0qlkJRKLm1opT2+3CtyR2kSMscKyZBorPaK+UlxVhzSAdJJYfKxJoS4Ek3pIkI/KsP3pJIB1SokTaK7ubQP81pNLTf8oSLBvRVkJQgHWymMNgf+UuRpRttZirsaSSCP+FYx5C0hVQCRVJsRAHyNKbRVM2cLLMbhvXsvQ43U+2Nov8AyvHxv42r8OSe2r2uaUE+zqhNro38jqJIP3f2WdN1F1/u48Ki/IJGyqcs3cTtBY0O8rNhvUzd3QVmPqRP9VrzImI82mxZRGrpB40ZZWexwOplsrSD/le++n+tMeACbNVdr4/h5RseF6Dp/VZMei0nS5MuJSR3+PmcWfdMCdk0bbIBPyrWZhNyccs5vzS+W9H+qpg6NpPBX0XoXV25kbe40vns2F43yR9Dimpo8N9Y/RPqRukjB/svivXejPxpXdzS03wv1vl40eViO2CCvkP1x9LNMj5GR6HNhej4Xl19Wed5viclyifBMnGdH4VGVlL23WOkGJ5+2qXmM3G7CV9RiyKSPlsmJxZkO/P8JTr5tWJQQaq1Xc038rqtHI0LDrKgORkb40lnjhNomd6lKfV7TXulEewr2XEklFJCWN9ax7Lu/VpABo72i2AlcQjGzULVmOYkLPIsc88q1jtJIHj3U3HQUyzNF61HttUpsL8hegwunmWhSuO6GWtur/AUllUdFvhcto8VNgH/ALVTlwt8V8L2WX04NrVfCy8nEAJ0uhZDnlio8rNikGqtVnw9u16KfG5+1Z82MbPhXUrOeUTHc1DxpXpMfZVeSHtVbsnTEGgNaPyl3RTSyrSXnde3lFIRgu5UVyEVW5S4b0VhSW8DwpADRXhRz4KI/tCw5NVRXE3+FDihJRCCa52hcQSuchSgOtd3a5Q3Xhcdm0GFAuvSi/hS7+yGigaqOC612lyxr3ZxFogNjaFEEChPKmiOKUeVwO0tmV2QbUOH3DwiPCA2FhiHJZ2jNkAlCQQjYqYstQpiB3KLKpCyNJZFJx8ISLSjcRY5XOsi0dUocNIGo5cuLQPCkAeNIhAdpQaPkfwEfb8KQ34UylAdimvhGG0p7VrNQDRVBEBZ/C6qRAfcEgyRcxWcfK2cJoaRfCxoJKA5WljT6FrnnbOiLN2F7QAnGQVoLIjyq5NKH53O1zcToUjVdK1vJSZHNeK1+VkuzSSiZlnusnXsm40DkX2dPEjrHB9lfxOkNJ22yqmBmNJAJW7j5LANcrmnKXR1Y4xe2BF0dhb+0fyE84EUbeNpn6xrGk2qU+fZ50pLkdL4R6BmxhZoKnJjO2fCtfrWEbKr5GW0tO1SF9MhLj2iq4hmiuGUByqWVkfcd+VTfkm+dq3Ehzpm4MwAc0p/XD3WD+ocpGQQtwDzfRtvzgQkSZYPn+6yXZRIS/1BJRURHN9GhJPZu0sSgkqr6hKgO5WAWg61LniqtIbJfwUL31pOkaiJH/NpJJcfCMt80gc2trAqwHj4QlpJTa3agtsog4i+zjaY1hvlEuARs1Ekm1wdtQRXyuDbTXsDX1P6BjEIA0VLYaPxa1pMegq5j7bvwvk5S2z9Bik4oV+nHaDwibF2ikbHFNa4AnSSx6BjgsDSY2KjxaYxw1pNBBOwsn+CNMWxvvpOYwLu0FFYPhGxKGMY12vKGbDDgaRMkrwi7yRXutY9UZUmOQTpJfFV6C2nY/eOEmTCPJGktjIx24+7V2BmhpNGN2nQViGA1xSRyHo7HgDiNLUw+ltmdsaG0jHiII0t/prK7VGUznnYMH0/3t/222r8H004AWxbvTYgKPuvV9Px43sH2jflRcmzzsmd4+zwDvphxbfYqU/RjA7bSvrzemh7eNeyz+o9Hjcw/YL96Styjsjj81SlTPk0uL6Z01V3Exlew6p0YxlxDf7LzmVgkE6RjOz1IyUuitHnmMKyzrFAeAFQlg7G8LPmcWONI0pFHGz1DOrtIslLn6tERzRXln5Lhq9KvLlv9ymWJWS4HopOtdrqBB9qTYeqlxBO15ASuLrtaGLk3QG0XjQ3Gj2ONnNLRbQCtPEzmdw8ryWJkF2vhb/TWl/aaXLKNEJo9PBKJGimqwcVsrT3AEKvh01gtWn5DWBSOGXJP6mP1Lo0L2mm1+F5XqHQWlxoUvaZOa02s6SZsh4RWRxZ2Y5SrZ4HJ6DRJ7CqTujFvAX0U4zJbsBKf0mN3AC6F5BTkj5+3pVapWIul14Xr5ekNAsAH8pAwmtPFFb5rF7MfH6d21YV5nTu9vBWnDjsDb9lZYIxWlKWSxno87L0nuv7b/hUpujH/sC9l2sHhcYo3/0hZZZIS6PmXUegEkns/wALy+f0JzSaavs+VhRuB0LXneodKic00F2487A4qR8fyullnIWTkYVXr+y+mdT6OwF2l5rP6WGBy9fHms48mH2eGyMWr0s6eGvC9XmYNE6WLlY1Fd0Z2edOFGC+IhV5IrWrNAN0qcsdLoTOVozZGeEpzbFcq9Iy1We0gqlkGik9gCQ5quSMJKS+M7TqROmVHsu9IHM3dJ7mkO+PlAW1aqpCUVy3fCEjfsmvsFJvaexaJ7jaJr9+yW47Qh20LD0XIpPb/KsRyEN5WeyQtKsxOv4KSQyHOloJD5NqXgi62kOJv2U0MyS8+65kpB2kvcQhLyaVKN7NfDnpwBK9J08teG2vHQPIcF6Dpc7u4aK5si0deN0z2nTcQlwIG17jopdj9pteN6JJfavZ4Lm/YvC8h+mfR+OtWetw8/vi7XHlVes9Oj6hF2ub3AeFWgmayjaux5kZOyP7rxqcZXE9NtNUz459W/Sz4JHntJbV2Avl3VsItc5fpf6lbDPA4DtNhfDfqTpwbkSkAAE8BfSeFmb7PmvNwpbSPnE8NPIVZzNrezcE9xoLPfhEn/2X0EZ2j5+UHZmOjLrAtC6Ahq1osE3scprumFzSQOE3NCfG2eddGbQFpB5WrkYTmE6VJ+O5XjJEJQorFh7gp7L5Kb6JUBlc6RkxKFtbWqToX9sg1pQ4a9kAJDuNJLvRuj1HSsoMA4Xoo52uisleIwZSO1b+POXRgWuHLHdndinqjupEEmvysDIk2fK3cn7h7rCzIS06CaBLIUJXC9qnI0Ep2QCDZVcml2x0cMhMkPKqSw0dq/YPlIlLf5VlIlWjLlho64Vd0a0JmXtU3iiVROyLK3YAfwgPKc/2QEGwUxkCBS7j5U+eFDhv4RoXtnHagGlJ3sWoN0sMA4X+UBHyjJrVC0DlgoXsm/CjaLZPsovx5WHOBXcBd/hcVgUBSkkFdxx5UUlAEPlcTRUe55UXpAeg+4+FzTaX3UFwNBJRkNuh8oXFLtcXfysHiS41tCSoD7Qu5WKknYQlEDaEosKIO0JG0bherCWTwlHolR234U0u8LdmSOo+yg2iqiuAWs1HdqkN2pay/CY1ndSjY6QHaVwamlnuF3aKQYyEuFImNBCID4UhqBRIJgVmOSlWA/smNpIw0POQ730l+q47tLtd4U2kPTGB3ztG2Q6pKFEgJrW61yi6QUi9jSmNwIK1YMx1A3SxYtFXYzTedqElZeMnEvuzXav/AJS35FnhU3yEO/hLfMQ3SHEZyZbdPZskJcuRTT9yoOmIG0t0pCPFE7HPm7uQFXcbKmy5d6ZNEoUM0QCaUC9WjDKUEbHuiZRIvtK4EWocSSFw+5Y3EK1IPbtQ5uh4XLD0FYtTQ8bXUPZSB/AR0amAdqPCLi0D7NaSMFBcLiVxFgbUhvynGaBXAWjq1DW/yhZqBAIKY1pJRsjN7CeyOxwhYjjUWf0gmxrBoKjLj0Tperm6drhZs+CATYXyTe2feQl9UYBxwPFIPTK2DhXekp2B8Ulci6ZnURVI237qy/EqtFD+ncPBQ5FdMX3kIwbHCjsLSjoDza3IXiiGX3UVZYL1artae7ik5oqkOQriXYItbVpuH3jQVXGfVbWtiOBAtI5Emmii/pRu+3S5mCYzVLfhia4bUSYreQpOQqlRixQ9ruKWniuDe2lzsW+EMMTmOog14SckzS2j0HTsui0bXrOkZYDW2vCYry0gBel6ZMR27snalJ0zy/Igmj3+BIJGAXanJxe9ruFl9KmNA38Leae9oC6opTVHzGW8c7R5XP6f3OI0V5nqPR+66bS+i5eMHA/baw8zB7rppXHkg4s9TxvI9M+YZ/TSwkVRWDl4bmkr6Xn9OD7Bab915jqHTO29H+U+PIe5DKpI8PNGWn/lILb0eF6DN6ebJ8BZGTjlhJHC7Iys6kU3EMRMnEX/AJSZhSqyS9tqq2Mzfwc0GnEher6Z1FnaBwKXzSHKLLrS1sHqrmkC9qOTHfRJws+t4+Wx0baJukORMQ3RXjen9dAdRf45ta8PVmSkW4/yvPlCUWcssftD8lzhsnlZzc0skI7jyrObmMo0fC83l5ZEpIKMYWWgrW0erxsxpGyrD89jGcLxTOplm7P4US9ac5tdyp8OwPGns9JP1MFxpVv1pe9edjznynn/ACtGFx7QdJpY0kaKS6NhuTTDRu0s5jj5VEzkDlcyceVHgxmWJMiQ77ilN6g+JxslQ7Ib2myFQyp2kaNqigzOi/J1i+XLNyeqNcCFlZeY1jT9w/Cw8zq1fba6seGyTaRsZmax97WBnytcT7KnN1UE/uVGfqAIO16OPG0c85qhOdRtYOUwWVo5GX3E0sueQElehGNHBkaM+Zgs0qMrNkq/M4G1Uk4XSjhkii+O/wAqrLErsoG9bVeSiVRHO0UpGihVqu4E8q7LQGlUcbJ8J0SkVpGUUots8b91coeUh7RdgqhKirIz+SkOjLeQrjmi0qRlt/CdMWio4Gks2CmuYb52kuabVY9BYQdwrOO+zZVYNTYxsey0jRL9W20l7R4RsdoC9LibCiWoqPj2pZF3eEzlXen4/qu4tFukFR2KgxXEjS9B0rGIcLCvYnQnODaatnE6O9lWza4cuVHo4sLNroGAHsaQLXrMfAc0N1ws76bwy1wFaXu8XpnfC09pOuF89ny0z38UaR590LmR2VjdRzzj32kgr3c3R3mL9mivKdc+mJA1zroeyhjyRb2XlaWjxmd9Q9oIL715XjOr5DclznNPdZva9H9Q9AlgcXg23j5XkJontf20eV7uFRStHh55NumZM+L3kkgcqp/p9u2F6T/Ty5tn/hK/TdrqI0u1ZPRwvF7MmLp1f0hNGADeqWn6QA0EBZXilubB8aRgZnTBd9vKyMjpZBJAXspWeoRdqpPitPjSpHK12QnhTPFOw3NuwkSYtDil66XDabWdlYjWjhdSy2ccsNHmJYSL9lXI7av3W1PAACs3Ih7TpdEZI5JwobiHtNrdwpA7VrzTXub7haWDk0ef7JZxseDpm+4BzbWbmQ2Crkcwc0KJWhwXMvqzokrR5nLgu9f3VEso+y9Fl4wdZWPPFsmtrqhKzz5xplF4A4VSXkK3KCLsUqsm+dBdKIsQ4WCQqc4JV5wHhVJmHiv5VUTZUdQSnbquPcprxvaUD/ZOS9kga5UfFf3U/wDCEm9IjUdWju9IXGrXOdXBQl10iEgm0LguJ0uJShQPuFBApESo0RvSwewQLXVV6UmxwuO/lYJFcapD8IlGiPlICgHAj8ITY/lG42PdQRYRD7BJtdZK6lFIFFRFqCVNKavgIukFAHfFrhx/Kc2Mkft0uEdaDSpWOkL2oG7Rhrq4RBlnY2hYxXIXdu0/0j7KfSooWGhfZpR6V6vhP7PCMRaQuhyqGXyETYj4AT2x++0wR0ELRqEtZQRhmkxsYtF2V+EljJCaoKOzScR8IC2ktlEtCXA1pcEzt0UPp8aWMkQQSiYL+FPaiaKSMqkCW3akMom0VWTpF2kVrfslsNAsj+7lWoWApbG0QrMQ4IUm7HSHRRA3Q4TXRG7COBt74tNeQNWkb2WrRUMRJtJeOdcKxNMGtoUqbnh17RQlCzsbQOHxaMixRG0LgBabY9ERkJ3dsBJsFS00UBUMN1X90BaGne1JOqBXdp8a/KGilCy2ydomsNqQ3Z90TQS7ZSipEdpJUhuxpGG/C5raRseiNgnSgjuARgUuIBRbCJra7tKYW0ChAN8JbFSO7BtcI+w+6Lt/sjDUq7HoEDupNjipE2OxpOA0EQ0CyP4T2tHak91GkwG0fdCPpn9TA0UAUubFa8E0CibIXAcJrTYXxMn9mfXwtRRhnFHcftRNwL4bytYYvcbATocQ0Pt0kcyzlRjHpgLf2pb+jlwP20F6lmCCASAm/wCmt7eEHMl81ezwk3Ri29FU5emuZVBfRT0uOjcV/KTk9Gjcw/bQQWT9KRzr2fPXQFg2NqAyl6XP6H224EDysOfFMRIpU5I7YyU1oQywQrmPkFholUjdo2LMdxR6HGyO5oINrSgHqt5+V5rElIOit3DkcoyTOScUaEeMHOAIVlvSw86pThsMoF8LYx8cFgN8/C5nJpnBObjoyYumdpHlbGDiHubraayAEgUCfdXsaMMI0nUv048k3JF/psDmdoK9DACWNWRhSNBAJql6PDfG5o4XfhSez5/yG12hEjO6tKjk4321S3jjNkFhVcnHDeV05MXJWcOPK09Hj+oYVAkDleY6li621e+zmNIOl5XqcYdel5M48GfReJlb7PDdRxhRoLzOdB2k/nhe16hGGk+683nRgk6T45Nnvwdo8xkxc2CCsqaPn4Xo8uK7+VkTxCj7rvi7LmTRBT4Jiyt1+FM0dA0qzgWgp6satG7iZ/aBTz3K/F1dzBty8nHMWm72jdlmuUJQUiFHpJetPeP3/wBlXd1MPuztYByy1tA0qkmW4E0StHGkGkj0L84Hg2lsyr2dj8rzD88g7KT/AKm4H92lb4kxGz2jOpxx14IRj6hY2x3AfyvBv6nfkqu/qbvc/wB0fgvsnzPfu+pGeCiZ9QMJJLqXzn/U3gclc3q775KZ+OiXyUfR3/ULK/cVVyOvDsNE/wALwjusurZSJetOPBKK8dCyynpM3rJeXHu8rEyepkk061jzdSLid8qpLm3wV2QxpHHPIaUnUSSdqs7qHO1mOyLHKQcjn2V1BHPKbNU53d5SXz9xWY6c1yiE2vlUSohKVliaYUq0kvlDJKKVaSSvKokc7ZMkmlWdJsoZX6/lJMnaqJEW9hSuBVd5JHH8KXSWlOkF1/lOkSbJcRVpTnX4QvN+bCW40VRREZz3fclkggjaGV13V2EsvIJ+U1USbIIooC0A+6JzySNKQP7ojg9lI2NrgLm1aa1t8JmaJMfjhS+jdKOw2pDfAU/7Li2wlzmr0fQ8f7wK55WTjxW8L0/SYgHNpQyS0WwxuR7Xo+KHtYNDS9DB0kk6bf8ACxOhPpzbPC+g9HYx3bdbXzvkTcXZ9ThgpIHoPSTG8EjftS+ndG6EJYGirIWD0vBYHtqtr3nRm/poN8leFlyc2NlfBaM/K+nmshPh3uCvnv1qz0O5oGrX1Pque1kLq5XyD606gZHO2NmkcC+4uOUnG2fL+sPdMXtJ1dFYLOkNyJarZWt1LIAlcSaspODktEl9wtfSxtR0cUuMpUyzifSLDFu3fkLD670A4RLu00Phexxusxxx9vn3VHrefBmY5abs/HlShkmpbOmWKDho+euj7bSJBvhamTDTjqlSljI/K9OLtHlTRTLUiWRrAdp0ru3wsjOySznVqkY8tHNKXHsbNIA0uulk5WS0+dKpmdQc0kdyxcrOcbXZiwuzzsuVUaU8zLPCoyFjyB4WY/Kc4ndpYyDpdaxtHDLImahgb4ToIaN+yzYsqvKuMyCG8gINM0WjVjk7a2neuPdeffnFhQnqlf1bSfG2W+VVRtTPBadrIyQAUp3US4/utLfkiTyqKLiRnJSRXmBJ0q72G1Zc6haRJIFeOzmkVnNoUBtVphYPurUjrGlVlNjhVX4TooSi7rlIc0gK08WT7pL2pkSrYs6FnhLLt+yYSfHj3QO2NhUCKLidqd7tRWiuDVkFbRBcQou1JaatCSRoBFsFE2uGyuo1rhRdD/lJ7DVBDYQlcCfCnnlb0MRVDag+EZBPAUOqhxaUNAGkJ2R8IiCHaCF34ShSBrakNvlSRaZEzucNIWOkdDimVwAFrXxehmRvdRKd0XDEsjbFL2kGFHEwa8LkyZaZ2YsfI8XJ0cx+P8KpLg9h2KXucpkZbVArFy4WE8VvwkjlY8sSXR5p2HX4XDEpakkNOPshMV8KvIlXozTAhMH3LSMOrIQeiPwtyNxM70aPCMQEj2V4QtN7ReiK1yhdlFFFBsXwuMe+FcLKCW4ABaw8Sv2hRRH4RE1oBCTawaFuF8aQk73tGdk2F1Ul2MkK1dLg0Ii3fwpDbQsZIgCwuA42pDQDYRVfysx0gB/CO9qPK4bKAaHM8K3E4AAFUg5G2QhSY6NEPDG8pck1n8qsZS74HshBJN+yShvRL7cdrgPdS4WNf8rrI0gFbFmgoKlwXdp3aIwIapDd7KkCguDTvS1mo5o1pG0crmgAaRNFFAdEBmlwZ2pjWEpojQDxFNbYUhlKwIx2rnNpCw0Ve3fuoLT+E461SE8lC7DQrtPBU9qaG2BajtBJRs1ANbwmCNSB5RDaFhOoAqFJH8KAUrBRPJ+UV2ECMHXFJo9ga+rP6lsidQsKzC03wtBvTCPCazprh/TS+Ll2z6f5Y8UVIYu4haMGHY4TMfpr7B7VrYmA7Q7aUuDObJl9lGLD2NUrjcQdo0FrRdLPZYbaY3AeG/8Ap0k+ORxPyYvpmIcUNvQVLLjIJ1S9DNhOaL7KpZPUo+wfwk4v2Vxz5NUeT6kOV5fNILiF6bqTvvcF5fN3IU8D6HDpFJzQ460oawA7OlxZfmijYK0eVZs7HQ/Eq97pbmEQVi40e1vdNi2LHypt0cWV0eh6cwkDWlvY0NtAAtZfTGabql6rBw+5nGqUJRbPCz5VEpDG7QDX9kbWU5as2L2MFBZ8o7TxSm4uPZxwyc7Djd2kbWjh5bo3A92r4WSHA14TmSBvlVhNxJzgpaPW4nUg+Peihy5y8fledZlljRR/sjl6oO3na715Nxpnmvxmp6GZ7iAdry2fId6WvP1AOJ3YWPmSMkB0uDJJSZ7PjQcatHms824lYOc2wV6bOhDgVgZcJ8bTY2e5DRg5LKFVaycmLlb+TERazMuMUV1xZ0J6MCZlXpVJYzerWpOwAH3VR7NrpQ3oz3s0kSEjVkLRki1wqU8faqJgKr5CCPKrvemTjQItVJToqiVk9C5HWVVl5TnlIk4KsjnkJeTSQ6Xaa8mlWkO1RHPI5z7PFJL5CNIXEgm0pz9KqISZLpjeikvmPuge4C90kvfZPlVUSEmc+d3d8FKfKfCh7tJL3JkqISsIyG9oC+9XtCXXsJRcbPuq0RssNNIS+vx7oe41VLnEf/pUSRJsh5tIeU0kJbxe0ETZXk14STd2rBG/cfhKLaKp6JNCjocJThfOvlPPslEJibQg6FJThsJzxzSAt8lPF0JIS87SnfcCE5zbcaKU5lGrT2ChXHyu7gpcClkG+EwobTSfG+wqTnEI2SUOaStaCnRoNIPlSGElVI5q1zSsxyG7Cm00UTLmM2iPcL0fTcgNLdryzZu142tDEySK2ueSOrHOj6H0rOaxzRfK+idEzA8tI2F8V6Zkl0rTegbX1r6Mc3IaBfyvE8yGj6DxMl6Pqn0439R23qt7XrDOIWCzVLy3SR+mgDrolqpdV68+JxZ3UPC+bUbkdc4c3Rrdd6wGAgOtfLvqTJ9dzzfutXqXWHznbrXmc2Xu7i42u7DjadlHFRVI8H1t5ilI58rMhyy12if4W19Shr3gigRyvNdhB5X0kK4nhZLjNmzh5Re8An/4W3+gZlQAjZXlsYlrw4Lbw+qegPbS58kX2jpwz1sRn9JLDws2bpbzw2wtnK6wH3oEEKm3q7KdrwmhySNNQs8R1aU4krmu0QvLdS6mHHlet+pAMsyOHPwvnvUonMeV7PjpM8DyZNPRUysouea2qMpJ8phB7uUt4uyvUSo8mTbEu37ApRsJxbaU4/CNkjvU1rn3TW5JsbVV/tVIC4tT8bB0WZpy7yq7nkk7SzITYUfBtMo0TYYmJ8p0U+6/5VYOA0jDilasOx75bFDykPcfJ37KS7uFcIK0TyVkqM0C4j3S5Dryi7doXDWtrEmU5LcUl48K06PnwkvaLTi0VjY0ucRX/umubSU4fCJugQLHCG71SOtKK+E4UxZFDWh5UEFMI0hqrQsIBb7IHCkzto0VxBdr/hYIFUAiFVpH2qA1Cw0AAVwFnfhSAfHCmiTtKagKUdqP07RNjWKgRs+Fax4x3JbGUrUQ4KRjRRs9Kppb4K9CMo+lWivLQ5giaK8eyN3VXdpGwuCcHJndCfFG1NMXEjwqszO5tlUW9R2N6T/1Yc3lDhQXJNCnRAlLLQzlS+YWSq0k5J5TL8JM57+Qll2kp8m9Jfq0fKZIVFkOuvC4P3Vqv6mvYLhL92lqQy6LD3AqtIb1dKXPSy7a1DAgEeQudobUn4QuFkVygEE73SGq8UjAoqCfgrdFDgNKCF1ELuEBgKNqQpHJ8KR7UpjJA7JXEKTwu9kbGBu/yiB9kNWprhKhhoeCja5IA15TGbA5QZkrHXtcNkIQLRNG7Ux6JItcGqVICJRA0pA0pAUgUEWFHBqkClIAU88KVsJINnSY3koAfZTeh7IsYZ3BCeObUBSlodIGwApLS6z4Uru0rGo4N0FJCjhECjZqIaANKRvwoAtSGrBogNC7tCIN/wAo2stZmoTVjWkQbrhM7KUga4WXZKS+rP7IM6fBIdK3D0ME6b/lYcGVIx4JJW5g9WqgSvi4yipO/wBOmayKKpl+D6dbQIFkrWw+gAAWylHTOrNc5t9u/K9DjZzHsBtq9bFHDPtngZ82eLoos6ICB9qXP0gMHFrZZkh17RSPY9tFdvwYpr6nnrNkTtnjc7B0RS8r1jCJuhoBfSsvBD2mv8rzfUumktI7V5PkYHHo9vxPKp/Y+QdVxnd5occrzeVj3MdL6f1ToLu5xAteWzuguEpcG6XkJ8XR9n4/kRkls8bJjuDtBTHiOLuF6E9Kd3EdibF0l3lqtyO6WaL9mVjYh1peg6dim22EWP04ih2LZwenud2ntApFs87PlVFzpWGXFul7Pp+L2t48LJ6Vh9gFja9NiBrIhfKrjimfMeVl3RVyMc+Vk5eMWk6XpZAx4FqlkYjHtdsFHJh/DlxZqZ5pzKCUXEGgtLJxuwKhJHX4XnNNHsQnyRBkIA3Sp5GXQTJOKvaoZlhvukTOmEVYqXL8grOyM5wvaRlZDo+7axMrNJJsp4Kz0seJVZpzZ/dYVCecOtZ78uxpKOQ42bXTGKR0KFBZMgdayMp1q7I8vBCqTwlw0rIpFUqMmeu/3VZwv/8AavSwOvhVZYHAE9pC6E0NoqSfbe7VOYBXZGGlSnBVVsQqTAEFZ88dA738K9K/R0qUjxRtWQjKBItJlq9bTZHb4SHkEeyojnloS/ztVZNC1afwaVaRxcAFZHPLQl/BJ2qsmrpWn8Ku/wAq8TmZUkJ1Z2lO4+U6Vtm7Sy3x4VE/RGQihVpfcLKsOakmO9hMiEtFd1ja47G0yRh7aQBpv2NJyRN0KUEoi2/lA7XnaYRgkqO4N+VwO0LjaaJJs53lKkP22NIz8JZoAeR7JxWwHN1YSnMBTSR7ICE5KX9iCyhVc+UL2jhNNmrQEj2WJWV3iikPf9ytPF2q8jNqiAxDjSWTaJ+kouJO1RIQFx2hLtjaiVwsEFLL6s2E9BssNfR5Tv1FeaWeJbPNBSJjethBxsylo0Wzd1Helbxsgh1F1hY7ZjXIVmKQO8qUolIyPUdPyix13S+j/R31CcSePdtvdr5HgPPds0PC9Z0TIdE9pNrzPJxKUT1PGyuMkfoTH+sScVgFEUsTrH1EMh1nkeF5LF6jcDRdGlLnGUEkleBHxlGVn0TyWtGjN1gOutLOyOogtP3bWbklzSVnSzODqu12wxo5J5WhnUJBLZBsrJdXcrby5xKryQOXYtKjhm7Z0bq8o3TUOQldhAOiEh9iyf7JaNdCszLIJDTr4WZLnvaNWbVqeMvCoy45s6pdMUqOSTk2UMvMMgPm15rqmO51uHlepfgF3AVbJwD2G20AunHJRejjyRclZ4KWFzXb1SUW2vQZ+I0EilmjFAfVL04zVHnSg0zNfHQ/90iRlFbD8IkEhU5oe1tG00XZKSZmSAk/hKkGvYK7JHSryMJ8K0ZEmiof3ckqSDZso3MrY1SgN7tp3IWgQja3V+6JjPPlMEZ+EoFsDtDV2j8BNLLQFp/CFhYg8lDSY4ULI0o7dikRKEvZaS6HauGO1Pp6qkqYaM58W6qkl0dGlpui3sKvLDvhOmCiiWD+UtwNq2YqvSX6dprsWis4Wo7CrAjJscohFf5WDRWDC7SlsNhWBFv/AMpjYfNpWzVZTMRBurKkQk0eVdbAmsgICDdDJbKQxqC4wbGqWkMYu8Im4pNWEnJFuJnDH40iGMtRmH8JrcPxSRzGUTF/T0jbGWilpvw+38qu+GiSp80NxrookOGhdflA4n3KtPj4pLcyjoKlo1aFB5HvpNZJZXemT4UhleErGQRJISnC01otc5l8Ka0NRWcP/wCillp9lcLbHt+Ulw8JrQeisDR3wUQNlQWG0PBS0GxrncBcli/yi0OOURrO+Fx35Q2R+FAdf/skMgrUAV8oCSSiGqWasdE8lQfCkqCaQYyOH+Vy69rigURx2FFKdKa+EnQyIpSBa4LqIQGOAITG74QWjAocpDJDAKFIx4SwaRgpSiJAC7SgOpTelhkSuK61KF2EjwuXIjpBoZI4D2U1qih4KkDdIDE2jbvygARtBCUyJJqlIII2hN38KapZD9HdwUg9wQUb40iB40sZMMHalC3lT3UaRME06U3XwgDtqO6ylN0M7trgUF0uLv7p49gl/wAs/rszJDRyruLkRPI9/dYjnikEcpYbsr4R9v8A1ntvHFwVHuMPKaAB3LWxs4MGnUV4LC6jIxwAeQtXH6mQRbrSqTjtHm5fG5Xo9pD1osI7n6CtRddY4/vH8rxTuqAt/wDKqydQIJcHaVo+XOHTOF+BGXo+kt6sx4/cP7pE+RHI02Qf5XgI+uhtAu2rDOt93n/K6l5rkqZP/wCOlF6NrPhbJZFV+Viz4MUjthdJ1UO4P+VVfngnlcGSSbtHoYsU4aLDOlwPr7f8Jrfp6N/7QAqUXUQ1wsq7D1kNIA2jGSHmssf+Q2fTdHgV8K7B0T0xXaoi641rOBtG/wCo44gNC/lXjwfs4ZSzvTRahg9E+yc/NbEyljz/AFFFIP3NB/Kxs7rJskOKaU1BfUEPGnldyR6DJ6x2E718Ko7r1ckryGX1uv3ONflZkvX9/uXM8kj04f8An32j3kvW2OBshZ+R1mHjvFrw0vX6v71RyOtGSh3GvYJOLkd+PwVE+hM6hBKb9QH+UOU5kjft2F86j6tIx32yFq1sT6gd2AOdbkrxtDvxnF3EvdQiu6C87mxHuNDhbUvUxO3SoTs9Qk0miuJ1R+qoxXMKEA+VpvxifCQ7EcTVK6aLJorNDb5RmFrgaUydPkaCVWJfC7fhP2HsM4Bk2AkTdK+06taOHmtfYOitaKNj2boqTk4snJtHhsnppaP20srJwnNJsL6LkdNZIDqr+FkZnR20a2rwygUj51k4xaDYWZOygRwvb9Q6WW3orzebhFpcu+ErEZ56RvKQ8UtGWCr8KpJGQOF0IkyhJoX4Vd47irsrPtOlVkaVaNNHLIrSa4Vd/lWZBQpIcNKqOZlV7d62gLRSc5tnSEgJyTK4aHE7Q9tnZVj0iW2AhdA5x8gKl6INFZ0dWl+nRtXDDxaH00wnspvHFpTm74Vx0aU9orSayTRWDNoXtNWBasdugllqN0TZWfaRZ8q6W83pIdHf91ROxWgCNICrQZdLnRgDhEnRRI5SXNIOlfdECNJErK/CZE2iu8aCRINKy5mkiRvCZE2UJPlIdyVckaATpVJa9qXQiZXdsc7SHOpNkJtV3uVEJZHea1ypa+qSzahrthOCyyxxJFq9jC3D/hZ8bh7rQxH/AHDxtRmtFIvZvdOjDu2h/dex6Nhh/avJdNFPaV9A+n3MqtarleTnb2ex4qTezQbiPiYHH+FcgBLdjS1YWxTRNto9kcmHG1v26+F47ybPfWKujzuZHogLJkhLn++16PNxt68pOL0oyUPJKrGaRGeJvoxWwVspb9bqj+F693084R32hYef0qSI6CZZYvQksMoqzKdH3R6olZ2S1zfFLY9IxaI2q88YceAFZOzmlEyI4vVdsX8J56UXHQWx0zpX6uXtZQK9Jj/Scx7Sf8pJ51DVj4vHc9nisboHf7rP610OSEH7SW+4X1WDorMR9yb+FX65iQZGMWNYASPZc8PJ+x1S8NOJ+fuqdLe3uIBOtLz3oSCSiNWvsPVPpwuc8FlCl5HL6IIZCOwgfAXuYvITifPZ/GlFnno+nF+P3VsrIzcFzXn7V9I6d0c5EXaGm/wpyvouV9n0iUV5SjLbJvxJSVxR8mfiuJ/ao/017m32L6M/6Pex+2UK9kiboDcdpLhtdEfJUujml4so7aPmc+IY3U7+ySYqsAUvXdQ6ewE/aFlPwmtdv/hdcclnHLHRkGBwFhcG7WlNj0eL+KVd0JsUP7qvJMm4sQWGkuQUFe9ElvCqzxltjwtexXFlQuadIhXKB8ZslBZB3/ZMxbLHc2tcoQ4E1aTZIu6+FB04G0EbY0izxpKkaD5XByh5IVELQh7Bv3SjGFaebSi0bRQKEBp/KlzbIpMApcG2SeErMLbHZTmQ3wPyubuqCsxtsJWxooiODfurUcFnhTCwFXGMAHChKR0RjQqPFBCZ+lDatWGAALpXgtFCyFFyZZRQDcUHxypON2XpXMNveBatPxxSi5U6K8LMGWO9qlJHY2Fu5GO1oNcrMnjrzaeLJtUZroQOEn0bOuVdk+3STICOFe2TasremT+VPp0LKaxrkwsNG/4RtgSoq9tKSKBRvB4CU8+UtWOgHDRVd3n2TnuSZDQ90EjdinO90Dna0icfhKLiw/lUSNoIkt4UXv4UHdbUd26tAdMZfxpCXcaQgkKCapBoKC5Kk8hAHKe7ekoUF4UOUePK4hZooiQffhTYUEKHaS1Q1hgqQUsGkQcloawjsImnt5Oktr9UUQKWgphCr+FIGiUN8e6i0tFA7+FIPygBsVv+FOh/8IUZIYHFEDaV3H4Rg1/8LUPY0GlPISwd0iG0oxABvXCJqhvFKePCUKCFIhs7S2i1PcbQCMAtFxr/AAgsKbtKMiQVI4tQyzrgIwCSiFAg8VpFajYHwoKwUddElQXi0N7UWLQDZI0eNImu0EAIB50oPulT2FlgGx4Utq7SgK2EQfW1SPYr6Z/Vt2UbNlQ3JBdsqqTopMjiF8VKO2fSRjpGuzJAogpzM5w8rz36lzTyQpGY5vklK4jcEeiPUHX+7S79cXCrWIzL7hvZViKZp/KlwDwRpCazd2UTp3Dyq0RBrac1gKToVpIn9c9nn+6F/VHNFlyiaKwbWTnEsHNI1YIwUn0aP+tAclEOvtaf3Lx+RkOa47VV2e4HRT/Gdi8dM+hM6+C39/8AlUOo9fsGnleKPU3j+oj4SZeoueNkkoqDQY+JFO2jayOvTNP2SFVz9TZI057isX9QCOVVlyN/KpwL/DFejef1+R45J/KQ/qriOVhPnocpZnrymUEU4I15OoE8lcM2zaxHZRvlNZl0NlPwoXjRusyO4K5BM4NBXnGZ5JAvS0Ic8UN6+EHEk46PSYuTZolbWJC2ce5peMiz2tPlbHT+stYbvx5UZw1o5pRZ6aTpoc3VWlf6cG7PIVOD6goC3ACl0/1Ezw5te65VGRCprSL3oRNFOAWD1LFjskIMjrzSR9/9lkZfVvUdpyvjjIpBNdhOHovtppaOHnOZoutYH6vuN2mxZdHnS6JQsdqz0/6suHwhkeH/AIWRH1FobRPCI9SZXNqDxv0LWyxkwRvBsWvM9X6dG4uLRVLZf1NjmEd391lZeSJTzdrpx2nszPJZWEQ7tAWdNjdngr1s0THk6WNmw86XoQkJJaPMzM7SVTlj2T4Wtkwkk6VCZp4XVE4pozJmH20q72mlfkjtV3x0N7VkcrKhYatQI7PCstjtG1h8hOSoW2IBvFoJftarfaA3wqs7SeAinoV6KkuxYVd1+LVpzNXSUY9qiISsrkEjlA8V5Vgx74Kkxd3KZCSKJHKA8bVqaKlSldSdKznsCScNCrPnBOtIZXWT7KtI7tNKqiT5+iyZiByp/UCqVIzGkBkT8RGzRMthKfKB5VP19UClSTplEm5D3zj3CQ/IA2q7pfJKrSTeQrKBHmy1JkAqpJMHHSS+YpDpN8bTJCuVjZXA8ClUldukUkvdxaQ91eVVIVsIn4QmkIK7uRMNafuAVqGUs/KotsO2mh/aOVNqwpnoem9SLHDuP916vp31B6LRTvyvnEby03a0sHJcCdlcmTHyOvFm49H1npv1W9wAsUvQQ9f9UCzZXx3G6oYCFuYXXSWtpy8yfjez2MXmOqZ9Kd1Bshs0ig6oIXB+tfK8GOu6A7tpcnXQP6lH+PZ1/wAqtn1OD6kE5DSW0nTGHNaBbbPsvksP1J2uNP8A7LRx/qt0RBElrnl4jjuJaPmxlpnu5fp9krrBBH5VPI+mHbLRayMT60sC9/krVg+s2PaAAAUnHLHsdTxSG9I6c/pua18jaba92wtliFCtLwc3Wn5bKFXel6bo2c6aKNpH3cGlxeRGTVnd47jH6otTYRkdrarz9LYW2eV6fEx2SNshJ6jiNbC7toErzllaOzij59n9PL39tcE7pYWd9Nmd4puj8L2mXA+N7iqEs7oqJbpepjytK0cWTFGT2V/pT6ElOQHkNDL8gL6Qz6Mwf0/a5gLqXjOm/U36PfC3ofrUP825c2eWabtDwhjxrRhfUH0pB6jmsYAaXy/6q+n5MdpIjIbfK+u5PW4Mlxt47vlY3WcfH6jBVi/cLo8bLkhL7E/IwY80HXZ+ec/pzg4+Vg5TPTBFUvr/AF36WAa94bydUvnfWejPY6g0kjlfU4cyZ8d5Hjyxvo8yGOf4ViPpZk5BNrRxulO9QDz8heq6R0TvaLG78hWnmUVZDH47m6PEHor2ji/4VXI6I4gmv7L6zlfTdRW1oJ+AsjJ6GY49j/CjHykzon4Uo+j5bP0gsvX+FRmwHB2mkr6VkdHDiQG3/Cov+nDKf2/4XXHyF7OGXiyvo+d/o3DkKHYhB2CvfyfS3b4H4IVab6b7eKKp88fRH+NL2eIdj18JT2HtOl63L6KYwftWNk9PMfjStDKmSljcTEc038qAw+eVonEN8f4TG4Br9qf5EQ4OzLbFekbYSVpNwHXXbasR9Nc46as8kR1BmSMckgBPhxrI0SVtx9KIbtukuaEY/gLnc+WkWWOtsqMiEYBP/KgTAHXCrZ2QSdcKm2V186+UyjYrklpG3DMC1WoIO9wJIr2WFFkFr27/ALLUgzRTd0aUZRZ0Qmn2b2Pjta2wQFcELXNIoLCiz6H7tKzH1dgH7rXLJOzrjKKBzcctJAWNkNcLsArZyc5krT9w4WDm5IaSWm1aCbITaK0m37CSR3O+EqXKcCeEoTk1tX4tI5XJWaLGt7dBBK8XSXDKCCPlRKLNpUUsrSO+5LcQ4fhG7ylOOtJxVYtwtyU8j+U47HCS4cp0YSf+EDnWE0iwgIrlENUAdBCQAiNhAXBCghWhukHcp7lmh0Fr5XByBcK/CUyGgog6glXQU91oDphA2bXeKv8Aulh3spBSsdBB2yuJsWgJApcHbQCMGhtEDSWRvlSHaS0MmMtSHUlh1qe7hCh09hAoi6/CVd2p7igPYwHXKIOSg6/hEEjQR7XcJjTpIDqRB9LBssBwC4neknvXCTaw40FTqglh4Rh2wlYbJPARtagvaYx33KTMMa3tPuSmhlC6Ux9oF0ie9jW8+FhkxD3AWEktvzqlz32UPdpYayOPlcgvyiBtNQtk0iJs6QE6/PsoDj4QDY7v+FDnGku78qe4kDaMVsDej+qTM+J1WjdJG/hecilNjwtHGlJbtfIye2fWrH9UW5ILNgJLoSDdK3C7uVkQh1WFOzcuLM1jCB8p0ZcFoDDbSkYYvhTas3OxEUhYASrMWTsbXfojxf8AhE3DI8qUkI2mFLkaNLJzn9w+Fqvxvt5WblYzhdjS0UNB0eezBsrLlJFrdy4DZWPkRVZpdEUejCRQfIbSTKb5TJdGwqr3AeU1F7QRm52lPkspbpK8pZk1aZRDYx8hIrhL9S7AS3vtKLimoDHF6j1efhV3OLflCZaB0nQpY/UUNFNjzC0AdxWYZNcoQ/fKPGyLo3oeouB26x7LTxupDtFiivIsnLTdp8XUSw7OghwEdHtY88kAB1pU+ae3Zr4XnYeqCgQ9RL1JruDaHBEq2XMrqJadE/hUndRJ3ZVHIy7PKqGc8BVjAVtG5D1Eu/q0nDqFeSvONnczgo25JVHHRKz0J6ldbP8AdEOoEGrXn25XAJ0nMyO4tpJx/oS6Ns5ZItNgDpd1ys2CQkcaWtBKGsGqSSVdBuzpIaasvMaPu8K9k5dEgLMyZS9pB2FoJ2K2ZWTGDZWVkAWVq5WgViZb/uIGl3x2c02V3jZ4KrvjJcpeaN2UJf3AqpxyaJDPuH/hc8gDQUA0kvlvwqJE2zi+iUuR6Fzr9kPgi06IMEtJ2pMdtu1AeBzsIjK0tTomJc0AeyBzwwHypmkA88Ko+eyb5TpE5MmZ4JvhZ+Q4Ep8khcVTncS7/wAJ4kJPQiRVpN8qw80VVeb5V4kGKclOd/FKXneklzrBHhWXRFsh774SXvPhS8JEjyNUqJEmwXPJvlL7rseVxeaISyTwmSFsh2rJSXu+E4/NpbzaZIQT7fKB4/8A6C517ofyUI+VahCPFKLtQTu1F7RMM+fZGDQ90hrgSQnMIDfPKRjJ6Gw9zjyr+M8NFeSq0DQ4hXRG1rFzy2XiKlnIdYJU4/UnRuH3KvlkAivwqEj6IpNwsXm4vR6VvVXvH7v8qHZz3cu0sBmZ28nQRtzwTV/yp/FTLLNZqvzHNIIcf4TsfqMnl1rBmygR+61GPnmM8o/DYPlaZ7HF6g8uq9ey9D0xksj2u3teE6fmh8lgUvXdJ6yYS3v4BXnZYVo78E03bPc4txtBK9B0LqrBL6Zd2vsUF4Fv1dGxhBIR9K+oIn5we1/3A3pebPDJxdo9qOaMZKmfeMTPcWijQTMjKttkrxuJ9XYojaHSNsDyV2Z9W4zxTZWj8FeF/Gk5dHt/PCuzZzciI3uysbOnicwg1zysXM+pYnA9sln3XlOr/VnouJ9QV7Lvw+LJs5MvlQijW6nnthc5rX8HwsHJ6w/uPZKf7rxvVvq92RKQDQvm1Wx+uiWSnvoH3K9yPi0uj5/J5nJ6Z7fG6vMH0JT+LXq8HqbnRNF3Y4JXzGPqTIx3Bw/K3umfVETe1utDe1z5vH9pHRg8r9Z7l87JWVI22ryXX48Rvd9rdrSh6s3KjBbVELxf1llSMa7sfWtkJMON8qLeTli8d9nQSYTMhpdRF8Ar1PTsnEmcBCKAO+F8RPVXxTW55JBW/wBH+qhGWkvog+9L0MnjOUdHjYfMUZU0fbHem2AEUVh9QlZ2nQXnsT61hliDXP3+VM3WYsgacCfyuCOGUHtHrz8mGSOhea9oNtFWq0GS291ar5OV3ebCqNkLHXS6lE86U9mrPIwrOnlbwEMuQSFUc5znqqRKUg5Q2VtEKg7ov6l1Aj+yvNjLq3tXsSPsILk9uPRNQUmYv/0o4f8A6T4/psNbu7+AvRjOiib7qvL1iAO8BTWSbZZ4sUTEZ9Pdrq7Bf4T29DYwbZXyAtSPrmP3bdVpWZ1mFrdOC3KbMoYkrRkZWMyCxXjyvK9UlaHH2W11bqzXg9pXj+oZnqOdtdmKL7Z5+eS6RRypbca48KqZgK5RPk5+El8gFL0EjzG6Y71aF8IjmFoG1RfLYFm/hV5ZydAqnBewczV/1ZzRWkp3VXd2nEfhYzpXE8qLJHO1uERlJnom9ScY/wBwr8og50rbJJtYULXXZOgtmHJDIdkEnShKFbQynfZVySQSEpkruLr4KHKyO512kRuLnj2T8dGs1IZDScXk8qnAaadpvee7kKTHTCeQfhCaQufXyUo5Bs8Bah1IcQDpCYu69IWS2VZay0r0OtlR0VKvIAtB7e0GwqOSQDrysmwPoqk9p3wgcbCl7qSHSEhMkBEnlcNpfcTvn4UbsI9jWMB7as6Uh3Gwlrgd2lMmOv2U2lh1BT3XwiOmFaj2QkgrrtIMmF3WusWhBpQTXhYaxwd/K5xS7UhyFDhDZCIbS+61NlZoFjGuoe64OtLDipadqdFExl1pSCl9wvZUseloexwciDiEgO8hGHJRlsY06O1xdRoJV6Uhw0loexwdQCNslBV+5GHI0ZMsd+/hSx4/lVu+ipD/AO6VoCZeE9aB0gdOSTtU/UNLhI66K1DJ6LLpEPfYSu6gfZcCAOUtUNYwOvyi7rVfuIN2iDjdbWBY7usqe4JFkeUXdQu0Q2NB0PFqCdGtoA40FHeRwiB9H9NY3cK9jyqoIe0BGw0vjpds+2j/AMo2IckN8rQx8ppA+5eaExCZHlPbwVN0K4JnrWyAtB7wp9WuHBeW/wBSkBG9Jg6sQ39yWkxPiR6Mzlu0JzQ3drzx6tfJKW/qXdwUrjRlho9DJ1MNVObqHfydLGOd3DlV5cugT3Uskh1iNLImjfdrLy2Me00qz833Okh+WCDtVSLqLQjKgF6WbkRkH3V+SbuVeUB2yU1bHTa7M2RlJO7V6ZgpVXto2qJFeQpx1SWX0mPv8JD/AIT0bkc56U99/hQ/Q5SnOTJCORz378BKe8Cq2uc8kpTj4TUTbJcS08oPUO9qHGxWkBHFJ+NiOQz1iKINaU/qCByVXcSAdpZcQAmrRNsteuSLXesSedKsHqLJP4TJEnIufqK52pEw99qi6Q8eUJkNmkyRGzRbKK+U+Cb7m+FlMlIOk+KU9wQaEs9PhZDeHAFasUjXCgvPYHcS0Ecr1mP0h4jD2guv4XLkqO2Vi7MzJpgJpZ80g8Dlb0vSJshxaGlUMzo02OPvYR/C0JR/QNHnstyw8vTit7OiLSRtYGXdlduPbOTIU3AG7CB1eyYWkJbmkrqRxsF118Jbkbm8pUjT26CdIjJinO2Tr+Uh8wBo8qZgQDf8KlK43ymS2SbosPk1opTpjR2qhlPdXCEv8kqvE53IbJKSaBVWRxDibXPfr/ylPf3J6ok5WNEljZSZS03vaEmghc4VtZIVsVIq0ysOI2kSE/hXRFsqSO+NpDjSsvGiqzm7VURYDqA90h7bFqw5tfKVICf/AIVb0TKxZYCAtpOLb8UhdEfFo2hOxJN2EBFpjm8GtrhocKiB6K7o+5qU6Ii1dLbS3AXSPIWiiW74QlvuFbMfwgdCC1PYCqSQSAOU5h0PdR6dcI4oySptm/ws47XE/C0W4j5G+SPKLpWL6jm6BXqsbp7WxhxaLXHlycHo68eLkjxGfiOgbZsLEyH06r38L0n1POGS9rTW15Sf7nErrwttHPkdOjjKa06kHeR5Qemo2OFaiGxjpifKbA+3Dzar9hceE6KNzHd3FItD3s9D0xp7QRpaplcxnNLz+D1JkIp2vyiyuvxhva07XBLG5Ss61kUYl7N6i6MclKw/qCWF5LXEfhYWX1MT8c/8qoMotPj+6qsKqmiTzSu0z3bPquQN28/yUiT6sk2fUN/leKdlusi1BySdWl/jxvoP8mb9nuf/AKtleP3/AM2qeZ1qTKvuPK8xA97njtul6Dp/TXZLSTsBTcIwekUWSWTVmTkSkO0dKI8k9womz7Kx1DBcyR1N/su6f06R8wtv8q7lHiSUXyo0sODJnjB7nELUx8LIjN7v8Lc+n8OMta19cL1kXSYgwbFrzMmdRdUevh8aUldnj8PMyMdpDXO/FLK+oM6SSM9ws0voo6NA46Cy+ufSUMsDnAjjhc8c0eVl8vjz+OrPhmfK50jiB5VJuU5j+d+69X9QdBGJNIGt0OF5uPCJkoivhe9jnBxR8zOEoyofjdQlYR9xK1sf6gdHVn+5VbG6V3t4SMzpLmOoEoSUG6Lxc4qzZb9Vlt/cB/KuY/1GyYA9w2vB5WK+BwBtW+mwyzuDGAlynLDGrQ0M07o+gM6kyRtjhGMlrjaxsHome6EHs0VoP6Vk47A5zaHkhcUqXs6/vVtF39SxoHulT9ULW/aVTGPJ5JQOxz/UVoxQ/NoTl9YmYOSsXL6zO4ndBamRjDnutY3UYRRIXTBRZx5XL9KQ65kCXTtexTZOvyllXtZUgDSaG0HdrldSxx/Di5yXssSdSfLZc5VZJg8/uVZ5o1aQ5xDeb/Coor0I5tvZZfIGhVJJOdqHSGkp7rVElQjZEjy6qSy42jJq0Joj/wB0TIUKtGw0TYQF1Hhd3G70g0FNjv1BHGkt+U7jlC2jzwhc0copWYISlx90bJO34pJAq6UgE+UlDRLrMoDSYMg/hUG6UiQtQcUPZfdkqu+Y7KQJuLFqHO7vKFJBstQ5HaQStPFzGluztYT2mhv+ETZOytqbjYyk0bOTlso1z7LKnmJ87QOyLCS42dlBRH5El1nZoIS0Dd2oslQCbTsFnVSKj/ZCTSJpS0PaO0VAAHyiJBCWTRRCiQ7e1F7Q9xXd5vaUIwuFBSDfjaWXklSD/ZK0UTJv5KknZQ3Z0VwO1M1hdykG0t3suDr+AjQ9jQ4Uuu0ofceUQKIUxgK66Qd1KQdqbHslSPhCCpOqStBsYHKQUu6Uh9hAew+73RAjwkgog5KBMaH2pDv5SgaC7vWoZMcXXyo76Qd1gLiflCiiY3u0uJtLBulJPzSzQEwwbCm0AK4OsIUGwrXWb5pAXVydLid2Cg0axxfY1oqe8VSUHLg5ah7GhyLkWld2lIdpMkTk9H9SPSLgBS4Y5vgq63HdbdKyzEscL4WUvsz7eMqijHdCQEkxuC9AcAkftSX9OPbwl5D80zz72PHlLe40KK2X9NN8JL+mOvTTSdSQymkY3e6/3Iw4nytE9Ld7H+y4dLd7O/shaH5GX6jkt7nEVa2v9Hfs9tpcnSnNG2LckBTMN7u0FV3vFaWnlYXaDrfss2aEt0ArRdopYlzzylGUqZAW6P8AdIeaCpFIDZ0kl6/4SZHfPhG7SS9yoibFvfXlV5Hj+E5zbCrysTD2LdI08cqu91j5tS+ydJZuuE1AsEkkaNIC6tlTR9lPolwTpUI2Bf8AKEXRoWrDIHO8GlZZ0ySQjtH91m0TcjMDHOPCY3Hc48FbkPRn8kC079AyMfc0GkvJE7MIYZAukDsR3gLbcxguv7JYha7wimI3ZhSYzgDYSgznS358YUkNww4cBWsm9mWyFx8LQwcQF2xtWmYjWijafBG0OAGlNsSjR6XigStvgeF9P+memnNhYAzuPz5Xz3pURL2gf3X1L6Py48Fna8g/kry/Kk3VDU1FtGzF9OQQN7nsa0hZPXumYc8TqYO6uQV6jMzY8jGPY4X7LxHU8hzJXb/hcMXLlolic2/sfOvqHovY4lv86Xh87BcyQ617r6r1QtlDr2vIdRwQ5zqC9zDN1stOKZ48YZPhT/p59ls/oy15HbpXcfADwNLs+Sjm+NHlz0wk6btJl6U8A6/wvZydKLB3BqiLFYT9wS/M10Z4UzwE3TJHX9poLIysR0biCKX1XKxYI4zdArxHWoWOkf20W3yF04snI48+HijyMkf3HwlmPdLRlg+6qtR+iJPhdlnm0zLcwsCU4U1a0uE/2Vd2A91/bae0S4szHWgIsey1DgOH9KW/DrwmTQsoszHg+El7f7rRkxasgJJgNnSqmRaZmvYUl7Nk8LSfja4SH4xd4VORNxM47uko6NK67HPgJBgIcbFBMmRaoriMvfYtPjx+/SfBj7Wjj47QL0ApylRWMbMo9LJANf4S5unGMfK3ZJWsjIGyqErjNxwgpu9jPGvRhyRFh5SnNWrPCfIVCWMh3wuiLs5ZRor9tH/yoLd+ER0QPC6wDpUskkKc34XMZ9/ui8miodIRVG6CVD2bnTMtmNRcQKV7M+pmRxERvXkZZ3uHsq8rnO5tJ8SbtlfmaVI7qWY7KlcXOvfKoO2mSNNpbrC6YpLo5W72yHBB2on2flDZrgqiEsdDIGexI912RkOc0ltfwFXOgTwg79coVsPIB2aQK4SXzdx2UUjQHWq7zyqUhWxhl0gdJaWHqC7muE3YrYXqHaJsv8qu59ApfrgHS1Gs28LLEZFjyvV9K6yxkfbqj7+6+eNyCK3yr+Jmlsl91Bc08fItjycWe+eGZJvyVYx4mY44F+68tgda7HU4233WlldfjEJoU73XC8cujvWSDVs9d0nqUUc4t2l6kdZxmR2X0vhf+vvjk7g7z4KtD6se4UXuU5eG5bL4/PUFR9pg69BI8ta6vyl9W6l/9sacBfyvj+L9TOa/uDj/ACVem+rHTRlpP+VL+G0zo/nqUaLPWsgTPeCbKwYoGOk07fyumzhKSSQCsvIy3MktrqIXfCEqo8meRN2etxomxxi6/hIy+1pvkLzQ6zK3ReVdg6kJP3G1nBrbD8qapCc2MZLhQql73/p79FNz42SlvdteMhiE0pPv4X1r/phlei9kY20e65fLyOGK4nX4OOOTOlI9a36RjxoQO1oa0Lzn1HgCGEhvHsvoXU5u2BxGtWvmn1X1Qtx33s8BeD48pTltn1flwhig1R5CeVsJcCFi5nUmjjhUOq9Xc97m2atYUua55I2V9LjxOj4rJm3o2MnqZI0QVm5OaXtPCoulcRyhcTXkrpjjSOSWRsXLJskpBk3VAIpXfFJBO1dEbBkO0p33aRv8kJbiQnJ+xcmuUpMJ4QOQGBXEBQCuvXhACdAkAjjaAj4RcWgcbCcHJnDRpH22PdKCNrqK3QUEG+OCFHHCIOHv/dC54s0loezuFBUd2kJNBEIJsIC82Fz3IO7Y2l9hsL1TxdqO8k0UPm/HlTe1mhkxvdpcXWlg70uJNfCWg8g1INFL7tBR3EHaWhkxneF3fXwld3yoD7KNBsb3DekP4Qh3KiwloZBXSm6HygDgSuJpBIIR2iBS7C7uCTRWw7U2CEsnyu5QpsFjOfhddAIF1oNFLDB9kTSLN6S2kgKbr5ShsZYvXKloraFpvak8aW42Mnsm6Ug60hdv+yhrkKDYZP2geV1klB3mxYUh1oUG7GLro0g7rCkHe0vQ1hKQa0hbRHtXhTe0AphDhFYQB1Lu7a1GTCukRdYqku/lSHUjxGsLusf+VwCAmyoBopHH2BMa5TqkHeK911gD5WorYY0usgIO4nQUtNEhagchjD/ClzrHwgBO7Ukdu7tLQkn9Wf1shiurC0oILA0hhxHNDSQrkTXMIvhfn0u2fXuVxQ6PAD9dqsx9GbIP20VEOQ2Kleh6jE2rUzkk5raED6bDhpv+FB+lQf6SVsYvUYzVlaUGTGRynSv2cr8jLE8l/wDRln9v+VB+jQBx/le1bNERyhkljop6/sT+XkujwUn0y6NxoGvalSyegObf+2vezSRmyqUhjk1QUaZ1w8mXs+Z53Q6JthC8/m9L7XH7eF9gngiPdYafyFjZXTcWSz6Yv3ATxm4s9CHk32fIp+nEE23SoTYRAOl9O6h0eJ102vyvPZnRaJoAhdUMiZ2LJaPCy45aVXexenzOlubZP/CyJsKneV1KSZrszHNPhKfG4+LWgcbtQiA3oJ7NbM44gO6pA7CtwrYK2PQ0mxY7TWk1gbMH/T3X+1WIend1W0hehixWnkaVyLAaa0kckCzCxumBpBpaMeK2P+kUFsR9OLhoKMjpcoYa4+FFzX6LRgZcvpg0Fi5WU8kkk0VuZsDo77h+V5zqL2sJrXwujGk0RmwWTF2yVaa4NAIKxP1QaNuo+y79frldDhfRNSRrSTtNglJGayPRKyJcwuJo1+EoOfKLv+ypGKXZJy3o3z1GI/lId1GpBSymRSE3tEYpBXulUUZyZ6rp/V/SIJdXyVv431W+NupQP4Xzpkr2DYpNbndo2pz8eMhllrs+n4v1v6WnSmyoyPqyOfkhx/K+XnqdHRQt6q5pNutSXiRvQfmij3OZ19m6NWsfI68y65Xmp+q9w5WbkdSN6K6Y4KOeedHsI+qQudZCuRdTiYLXzkdSe033V/Ksw9adQDnkqjwWicfI3s9tmfUbIQR3AFYmT9Whrj9w15C89mdQ9UGzsrImmFkk2mhgXsll8mSf1PR5v1U+bupwpYM/UnSuO+f8qjJLfB0ld9LsjBR6OCeaUuy6Jw43atwygm/CyGv8K1BMWgBO0LGTNuPtI4sK7BiQSjbR+VkwOc7Vqw6d0YFFQmn6OmLXsvy9KhcNa+Fl5PS2suuEEvWZYmkWqkv1C6nB1H5TRUl2TySh6EZWH28Us97Q0bpFl9YMo1orKnzi7V2uqEWcM5IuOc32Si5v8LPflk6tIdlkcqyiczkaTms5VSbsHm1Sf1AJD8lzzpUSoRyVGi3Ijj+R8IZepHhh7WrLc5x5Oklz3E64R4LsTm/Rp/qS48q1BKwM3slZGOXEi1cc4htD/Km47GUn2XZBG7lVn4rXA+VTknc3W0eNmHuo3SPFx2G0wZ+nVwqrsJzN8rbjf6gQOi50KWWRiuBifp65G0LoQORwtaWMbFKnPEBfuqxkSarozZBQVWU0fKuTiiaWfO6jVroiSegJCKSn8eyl7qpLLrCrRJuwQObQm6CkvsUCgL7FWmSFILq8pbjf5Rk6QON8LGFPN8pTh8Jj+Us+UwGxJZSBxq6THm7SXa54RAKc4kpRFDXKY4WeULvuspmIACWg/wDCmOUtNWpIF7QCgd7CVDWXIMoggWQfhWpcvvZVrIB7TzSP1Sb2s4oHJjHynu50hZKQdlLvS5wPaKH8ogLQmdVWjZkkcGwqLXEuRNds/wDlCtBUmjSZmE6O/wAIZZr2s9r6PKYXmqadJaC5WPaRI470tnpeOCGk2aWDC6nn/hej6NkNr0zQ7vKjk0i2JWxmTkNx3faD/C93/wBLOrP/AF5uyzSofT/0dj9VkDpHhwd/hfQ+hfTeJ0BjxG0WTyvI8nLBwcPZ73hePkWRZH0a3WvqVkURa9v9Pgr5J9X/AFOJ2uawULW99Z9Qou7TrjS+X9VndN3eAl8Tx4raKef5UptxMnKzzJI4m9lVPXtxAUSROLyuEVE3yvfSS0j5i23bC9b2KP1eNJJaW+FPfulqRrOeebSTyiJ2UNfCC0LYujylvFnwrFVpCW3aaxdlRzSeEDhQF8qx2eyAx+4WRhAGr8fK6vlG5gaPKW4UiMA51cBA4qXE+EoP2fZEHIIu1+FAdaU529KCT7IdhtjQ4Dza7utACNbUuFgrGTCLrtDdHaAmvHCguPPlajbCfzzpDwFPAUVyt2MRqgoC5wINhC4G/CA1h3rS4UUN60ushqUZEuNDSEm/O/ZR3CkLiCdLDWcXGtqWmv4QXfK4EbShsYHBR3i0slSD/JQoKY4GguJB4QCS6XF9oOh0ySasKQQ3gcoBu7XF1BIN/gQI+UQdQSm65XeobSmsdahLDkXes0UsO6Cm/KWHFTdpQWMBpE1xtLBJKnuQGTCL9cqL7dpZ4XF10skOhp/Clr6SgboIuCtRhveLUh2jtKDlJdbfZLQ1htd4/wArmvJ+UklcCloFju4gqQ5KDtKQa/hahrGdxXdxLkAfYUE/ko0GxweFINFIBpG0ikKNY3vU2keRW0bSgG2NBAK4nhLuvCLu1r/KFB5DmuHkqC7tSu6vC4yfhMkmK3o/sa7rWOeCAq2R1mJoJDha+cv6hK0X3H+6rT9XlAI7zS+DlhuTPuIYUkj3c31GwSf+pqkgfUAc+w9fOndTf3m3mkcfUyTp5W+FF/iifVsbr/H30tjD+orIBcT+V8lxurFpFSLew+sODQfUv+VCWNronPxoy9H1GDrgf5Rv6u12rteAx+sODRRTZOtOaLsqTjI5v4ivo9pL1RjRs2Sgj6nE7XdR9l4WTrjidvCWOviPfegoSuzfxk1R72bObWiK+VmZfUmMJNt/uvJy/UQ7f3LHz/qH7Se8b+VRY22MsFHqM3rsYJBI/uqDuqRS6JH9188z/qFziaeFn/8A1E8HRv8AC6Y4H2dSjxPpUxhmB8rOyOmRybbX4XjI/qWUf1K5B9SOcbc5V+KSGs15uk0dUVWd0xwPCKH6hY793KsM6vBJsmiUakgckVP9Pd7Jf6UxkFajc2B5oOH5SMiRh2CD+ClTZuyk+YxBPxswirKqzuDyfCpuyvTT8bA2ewxMtoGyKVp+c0t7dUvFM6uGf1ED2Tmdat3NqcsPtA5ejU6tC2ZriOK8Lw/UsQkkEFezZnRzMq+RwsjqmI14d2n8K2K46EkrPBZbfSdSpSZJbweFr9YxzE8krzeQ4gn3Xqw2eblfEtsygT4Nrb6V2ZApoXj3zFosKxidVkxHAtJ5VJQdEYZKez3zOm3VBdJ05zG37LH6b9ahgAkAK0j9X4uQ2iQCVxuM0dqnF+ynlxend6WTkyhhO/4V/qHWIHsJDh+F5rLzw95orpxxfs5Ms16LMmYBe1Wkz62CFnyz9xPsq75v7LoUDilM0ZM7uF3yqz8snzSouyKQme/lUUBOZd9YknaZHI4ilWxgHni16bonRHZ0rGtaT3GkkpKK2PjUpukZAikkH48BVZ4XgnlfVsX/AKfhzQ6i6vFIOof9PS6MlsdH2C44+VjurOqXiSqz5C8luikvfZG6+F7HrX0dPhudcZHkLyuVhvifRC9CM4z6POyY5QexIeRVqzDIdKm77dWp9YNIFp62RujahyQyto585vZV7XnzmG+dJcmberpDiN8mi3l5ocSLWbLPZ5S3yd5vlV5XV+VaMU2c05hSz15VV8vdwokJPlKLflVSRBuwnPryq8ryDXunEjykvAfRB8qsSTK77J0U+Fuj5QNADti04EMaSNJtCogn7VXd+8CkT5LHulsOwaS0Gy9jVfHCt9gc0/Co4ru4gFXGuomlGSKJladl3pV2DtdavS7CpyAtcnXQH2aGK8EV5VsU5u+VkwSuHCsnJPjX4U3EonoszRtIvhUZ4gQRdfwifkk7spDpgWm+UyQjaZn5MZF+flZGWDfK2Z5OVj5nK6YHLIpv8glL5ARvoGigOjorqRBnVWyo7L2jD/cKO42jYaBewAX5SnBMc+yUiR3C3ZmAedpbzyue8g6KUXEhElZzrCUeExA5qKBe6EOFH3tC4UUb96A2klxJTdgJdRS3Hak15Q83XKwCbscoQKKkkqLTUYK9Wp7tJfd4QlxB96QoN/g1zqPyhDr5SnyHwoY6jvz4W0DseD7Ig6ikd5B0i7rSVsHRaY4d/K0umyVM0jaxBL2q3h5ojkHcOCllG00PGVSPsn0t1H9FjsIFr0svV5MiM9tjXheA+meuYkzGRudW19L6ZBBJCHMo9wXzeeHCVtH2PiTeSHFM8H1mCbLmLFmx/ReTl/0HfhfV/wDSIXyBzmA/NLdwenRGH7GD24UX5fxrRWP/AJ3yydn526v9MDpwPcACPdebnia00BVL7n9dfTz3te4Rn+y+O9W6VLjyuJYatex43kLLHs8DzPFeGVUY5q/wkObTirMkRB4ISix13z/C7092eXtCCyyUPZynPYbFpTgQa91Sw0D2UhI9kytBQ5tIMShIaCdhA5o9k0mjwgNnwlQWIkZr3Vd4o2rcgI8KtI0k7T2L0VZCW6GrS3642E6UWKSHAhBCN7II0FFaRG+0UhIIVaHIPhcTtcocEAnWFFqLKjutK0Cw78rnO1rwguuVxNBA1k932m1B240hOkJNlEcNrq8qLtCN8Li6krQ3RwO+VF2flD3b8EriUEFMI0FFatRdqLWGRK5ATam0lBokO/sutD+FAO0Ghhl1vwougFAPC668otDJhhEOUppFELrQoIZP5XWTSAfG1N1SVo1hImu7a+UvuPlcHbSFRwfdlcH7Sw6vwuuiEaMNB8KC7SWH7XB/HuhRloYHdoA0iBNJIOxe1LXV/KAbHA2pDkruuqtEHEcrUaw+6lwd/KC7C7YSUOFflF3Xyg5U7RoNhcLrohCbR1oFLVgs4f4Uj3UVvwptw4RGGNcABtFYS2kuHtXhHsasFbQxxXdy6taUbAtKYjuo/wDhQSCULvf/AIUAklPxEb0f06c4OYqkrhTtlVX5hDQLVabNq9r5CWNpn38Za/8A4dK1xJI2kf7jSkSZ1XR4SndWc3ij+UXAdM0o8iRoBvSu43VnRckledd1h59lw6uCPuaL+Erx2NzaPYwfUBaduT3desfvteGHUwT7I29RHlyT4TOZ66TrfcK7lVm60R/Vpebdmg77iq02V3CgSmWKhOaPQ5HXyRp1V8rJyOrvk5cSsl+QUgyFUjiSJvIWp8xznHaUJz7JBeAlumoH3VaEc2XW5Fefwmx5ZabtZRmIAUfqS38I8bQnyG+3qBcKBpXsbKe6vuK8tDl38LVxc1rQNpXCjKds9RA4uo8q3b3AALEw+oNDdna2cbLie0W4A+y5ZxovFoTMHtvaoTPcSTS2JnNINEFZ2SWX+4LQToWbMyV7h7pJyXN3ZCtTOjrkLNyJwwkArpUb7It0XYusPjAAcQUE/wBQPc2i4k/JWFkZXaSbWbkZo7jv/KqsRCWajV6l1Ez7Lv4XnsqbvcSComyu4aKpvkLmrphDick8nI6R5N7STIf+5BI+khz6XSlZyuRYbOG8GkTcgnhxKzy82mxv0Rws0n6ApMvHKcBXdf5SnTm1XDibUgWfZaqE5WNeTSRK4gWEbj2t4KTLVXf8FGibYqR9cqI3fcgcLKBrqdrlVom3s9L0THGRJGP7r7T/ANPvpoCSKWYU0G18W+mJwzJYT4X3b6f6/BFijteAAB/f2Xg+c5dI9vwYxe2fR2dNxq7qbXwFgdbwHeoRCLHwsx/1TsdrzX5TMb6j9Rx7qPyvAUJx2eytMxetdKP6aQSUSW8HwviP1BjGGeQVVGl92631AT95BuxS+ZfU3STlyl7GUPhe94eSv+jzvNx8lo+XZHcD7FVXPcCvR53S3xOd3D4ullT4waape6mmrR8xKMlpmeZbS3Os8lW/0Zc4UnQ9JkkN1pZySROmymGaG9pb4rW/F0YtGwUMvSy3+m6RjNWM8bPOuxySgMQaNhamRD2XQqlQlBIVk0znkqZTka32VU0075VqR3YDflVZKLlSJFii5AXkt0Vz/hLcPZWSsm2MD6q+UbXApAAIsqRrzX4RNZZbN2H7dJrMmm7OyVXDCW8IHNdalVjXRdMpf8JErnWfKFju1otE54cClURm9C/1Hbe/7ov1RrlUZnFzzSD1T5VKRPkzQ9cnygdI4lU2SH+E5jz8JqQbbQMtlZ8zefdabmnZ5VTIhsJ0xGjKkak3uyFoyQ2FTkj+4qyZJkkiuEtzv7oTbUvutNQlk9wo2q8rr/Fo3lKc6wNJkTsF4FILC55ooO7aYLOcdIRtFzwp9E8jhCxVbAcxJljrwrLmEJbm2OEEZopu5QizYpWTHtQAB417JhRHpUeUDmdpVktHIOkp5BTJ2AS8UEHnjaY4/CWbv2RBYG7XAklERrhc1v8AdTNbRDjQ/wDdQH2OUws7iLS3R9t0Ewdkl2rPClsmxSRsXfCJoqkTGrh9RfikOa4gjil9E+kvryYOhY4l1GqPC+YQsDxoLS6dJJiSte0eeVxeRijNbO3x888U7R+jsL6oxpmND3VJQsUvU9G6rG123DsPBX5t6f8AUEgnYXk0eV9M6b1iuntd3fdVr5vyfDSWj67xP/Qcnb9H1XquPjdQx3B4aSfK+WfU30V3vlfGwFt3pFhfVmQ3KAtzm3/dfQunsZ1PED3D9w2PK4o8/Earo9CTx+fqtn5z6n0EwSOBYefCxpcH0wV9p+uPpwQGSRjedr5Tnw+m51tX0WHM5pM+T8rxlim0YE0FHhV345J/+Fquj7zdIXxDt+V3KZ5riZTo60AlOaQVffHR4SHRF3smUyLRUePikp6umE1wgdj34VLQeJSdwqz2EkrTOOfZVpoe0/8AsimI0ZzmD2S3MG75TpDVnwlOcbqtJ1IlQrt0lubvSa8WdoXN8oWMKo3wh8JjiSEBTaDyBcNISKUnlATpMaybtCXXSG+NWo4S0KEXCgoJtB314UX7BAeww6lzj8oDu9ISfdYZOwhpTaDuobUA7+EBgyfbyhv3Q2AoB2R4WGDvfup7kAdRXB12lNZPcQuB2bICAEmzanuB5QoazrIPuEQNoL/hSNWtQUxgNqfyl2dIgdJRrDbzpd3EIO4kCl3dawQ7UOdtQDS4m0jVDWTakHSG1KNGTOXFCSpJtLQ9jA+q91INbCWDSm98oUBSDBLha6ihLrXd2uAmoNjA+9UpFmvdADv2Utk2p0YcG0uQF9c7RNcK/KA9sJoNJgjNJYePxtObKPKWmZMlsR8BNEN7URPB87ViN4NpWUsq9hbYr/ChzKAV0tB4QOYPKWL2H0U72Pdc8+NlOLd/BQujv8prAJLvygcT4Vj0bXfp/ZFMErZ/QiWb7RRVOaUngqHS9wFpLn+6+ekvsz7aMtL/ABCnSEXaQ+Y70jk58KvINJeI/Mh0hu7QGU+6BztJZdpZIzmholIPujExsf8ACqgkLmuIOztZIRyLjsl+qPK4ZLhe1V7jXKgvI8qvEXkWnZJP4SnTaPvarmQg8lA6WkvETmOe8mkBkspBlPkoTJoC01CuY50vyh9ShpVy4e6gya5RURHIsGYtTm5faAs90o8G7XNnA5CPETnRsM6k5lUSrcXX5Ga7tLzZyEHr352keJPsKytHsW/U0jWgB9Kvl/Uckgsusry/rn/uSZMgu5KKwr0aWZnonfUDjon/ACkSdXvZdf5XnTLfmkBm8dyt8dEHlZpz9RLxo/CpvyC8/KrGW7o7SxIQfwqcNHO532WjISEt8v2pTptJTn2CnihHI6R5O0kuJ0ie6/whABVqom2c1v3bT42EgoY47Kv4uP3OtSlKhltCWQF7AAnx9Olcf2E/NLb6dgNkkbdUvbYHS8WOJpIFrkyZuB1YcHNbPmEvTZWjTSfilnZGOWcgr7PldKxZGuIaL+F4/rPQGeo4tGj7LQ8hSHy+M4r6nz1zKCFsTi8VsFegn6I4OPgIYOjnubd6XZ8io8743eyeiY8jXhwadL2WFnS4zAHOr4Wfh+niQDgHhV8rqABO7XJOPyM74S+JaZ6/G6mHiy7asDrAi4kXgf8AWCwVdIH9c+f5UX46Zb+XR7+TrTX6L/8AKiLJjn0aIJ2vn560HC73auYnXad+4j8JZeNSGj5ab2eq6v0KDMx+6Og4cBeDzugyiY67QF7Xp/UDPCQXc8JWRASCeUuOcsb4s2THHMlJHjYOilpFiv4W907CiiADmi1bMXa2zylF4BrStKUpEY4443ZdfhwvjPaAsbqOHHG1x1wrb8ksborOzpzI0g60tjUk9my8WtHlOpBrS7z+FhZDqOlt9RjPedcrGyI6OgvTxnhZTPyN1pUnyUVcyePhUpANBdkTjkA67CXseUbkDjRTpEn2Q46C6Mmz5+UBNaUscXFBmTLTJaoXwofLylmF3KAxvWjQ5Lpq8oDOfdJfG46ooosWR55J2tSQm2MI7wDwo9ME7VlmOWsoqvOTH4Sp3pBqtgvaAR2qWGq8JILnnStRYj3i6Ko6XYyTYp0ob52ly5AceFGVjSMJ0QqT3OCKolJtaHyEEWqc9AHymHvcQACn4nTpMl4aWkp7ihabdGXZPghKlHbZXsh9IzSRWG/4WJ1Dok2Jfcz+yCzRboM8E4rlRhG+f+Ut7TZWgMGQkDsJVrG6I+aSu3Sq5xXZBY5S0YJa4+LKkQOPheuZ9KuO6NV7Lm9B7TsED5Cn88UWXjyPNw4jnEfYaPmtLTx8AOaARv8AC9f03ouO1gEgH8q9L0TGDC5hAK5p+TukdcPGdWz59k9MLT+0/wBllT45jNEL2fUGNa80RpYOXj94NDa6MeTWzmy466MB34qkBFFWcjGdE6iKCrO0uhNM4WmgDY2kvHwmPclO52dJ1oXYDjrhLcL8JpIpABd6TegdnEaGlAHitqzFA51a5V+LpvqchT5UVUbMhjrNH/KY6O/5Ww3oXdbrr8oJemiHkpXIPF0YMoo1WkLRvj+60cnHDOAqbGHvT3aF6ey7g4/c616rAwYDF9wBPyvNYUm9e62MfIfWiubLZ14qHZWCRKfToDkL3P01DJLiNZK7dbXlMWdoILyLXpum9QZGxtPAC8/MpSjR6fj8Yys9FjdEaHhwdu7K9r0jNGHEGXeqXz9nXGtGnglGz6ldGdbXlTwynpnuYvIhidxPcdae3PicHAEUvmPXvp4Pkc4Cwth31dTdrJz/AKnjcHCr/JVMMZ4+iPlZMeZWzzM3SfR/+FRmxAL9luS9QZlGwR+Aq8sHeDQpejGTXZ4sop9Hnpcer0qzobPFLcmwn2SBYVSTDcP6SrqZCWN/hmth/BT48AOAJ/srLYO3kK7jxt0fKDmaMEZcmAG+P4KyszFAsr2GQxhYd0sHOaxoIJG02ObYMmNJaPMS4bnkkKu7Ec0bavTQRMIHHshnigbd6/lXU2c3DVnljAR8JT2ELcmEBuiFnZHZ3aIV0yNUUH6H/lJeNK1KG1yFWeBeiqJCMSeCgIohMP8AKW4FEJxpCebUEkUoc7ev8of0Gzi5ATvlSdoSQVhvQQcN7tR3DtutoCos1tLQAr2ocRqhyh7qQ96w9htNLjZs1/ZcN15CkIDWcPldSjyptYBF+L4UEKLu1PhANnA+PC4ix7LufhdW0Ak149lPhQKUk6pBoZHfKgHaFpRA87ShD5CEur5QkG1IaVg2EHWL9lNqAxTQCwUcNlSEJIAsLnHSQNhLghBRWhRkzgaU/KgLr2sGybXd1UhDvFqVuygwO0p7kvam0KAEHG+f7ovVo6JQXVqP3bQoFluOcVztWWZG/crOa6k1jqI2l4jpmm2e2oTISqsb6RtksJaopdjvVJPCY33Krh414RiQHVpGjWWAW1ak15ISDJqtBA59+UUgNn71c7XKW4gJD8itJT8itBeI1tn18ZaQ8gHyhdH8qscpA7LKWgWMdACkmEAkeyA5bhrdIP1R9uUeJlJhFlX4Sy4cLnSdx3wluND3Ro3MIuohA5/5Q7ASi8g8WjQnIMus8pZdtC8+yW56CQHIl761aV6hGrUOdSVZ3wqJUTsYZD7oTIQdJfdZ/HuhJJ9k6FchjpyONoRkH4SHXxSGrqrCdJEm2WDNpKM5tKcHf2UbAqlkgNsY+c+6V69lLfZQkH+U9E2wvWJPNqPV9yh7T7KADewhQtjGyUj7wR8qv5XE2VSkK2MdIUsyG6QOJO1zB3flBiWM2Qja3SljLpWY4taWs3s7HYbWtiR1QKRi44sEhbEOL2tBA5XPJnRCNjcWQQkH2WmzrUjAKKyHRkJT3keSoOCkdKm4Kkeib115pBP1FsrfC8w/Kc01tA/McRVkLLEjPO62ac+RECSSCqj+pMaCA0WsqbKJvdqjNO6ztWjjo5Z5TWyepeCaVCbMvZO1QfMXcnSRJKbpVUTmlkbLrsopTsm/wqjn0Ep0xVuJFzLb5yODpOxMp5cK2ssSg1tX8CZjHgnaSUbNCez3HR55WsaTpq9Dizse37tleQxOqxtia3ghW4ursDhRNLzp4m3o9jFmS0bnWCI8Zz2aXk39U7ZCLWhndZa/Gc0nRXi8jIJndR1avhxuqZLyMyv6npT1O2nYKpT9RsrD/VOAuzSqzZ5vldKxnE8ujYmlbJaoZEIeDQVNmcSRvZ8Kx6xc2waVacUQclMzsvEsaFLLnxnMN8hegdJYpyqStbMaA2qwnXZzyin0YMgpKJvla83Tnc0VnTYr43VS6IyT2c0oMquBPCdjwl7wRtWMfp0sjv2kgnkL0XTOghtPeK87SZMkUhseGUmYzsdwjBLSqL5BG4ggr1XUWfp2uaAKrS8nmd3e51JMcuTHyR4keq1xGlfxJYx+5tLFMxaVwzO082V0OFkVOj0vayQaWf1CEN8KpB1Yx8kV7Js+aJ2k34UVFxZRyUlQPT4WvnaD5P8AK9bBiwxxtqiKXjIp+x9grVxM17gLca+UmRNstimo6ZfzsITA0Fmx/TEmVKBGOSvQYsonAugtrp/SZZnt9Npcb8Bc8srgjsjgWRoxMX/p+8NtzbVrF+k/0coc5ugveY/SspkX3MJ1tLyoyyJwcN0uL+S5Okz0v4cIq2jMwJcFjSyYNaR7rzP1SzCdKRELvYCf1XUzi3RvlefyWue7ezavji07s5c801xoouxYu79oC0enYsPeNaKysoui3dUnYfUiwgk8Lqkm0efFpPZ9D6N9Lx5sfcO3hZPX+guwS49gDRx8oejfWrMBtSOHsj619YY3VGgF2wuCMMinb6PVc8Dw17PC5+e+CQtGgks624sLbJU9XyIHzEtNkrGe9oC9WME1bR4U8rT0yzPmF7jaQHF5VZ0l8IBkGMrpUdHM5m3h9Gj6lAT2/esfq305JiE0wn8Lc+nfqGHClAlALTorS+oPqTAmx+2GnOPkhRUpxlSR0/Hjnj5Ps+XTxGPkJBp/hbOUWTWQBSrxMiY77qC9BS10eU4lJmMXuA7TtbPTOgumdtpKOLMxYgAGgu91s9Nz2t2BQKhkySXR0Y8cX2Vx0FmOLcxV5O2JxAC3cnKEkZrawcsF11q1yxm5dlpwUf8AkVJmta0jhUp8juva6aMts+VQncRfkLsjE5pSBmf3E/8ACpvkLXHyEyV2rVOR97V6OdvZdxMoNeNi1sw5ojZsbO15aKb0393srj88OZ7FK8d7KRlx6NjJ6yI7cOPZIj+qnxftJXn55nOJ3pIc/Xyl+KIHmmnpntsT6ucG/c6z+VfZ9Uh9C/8AK+ctlITYsxzXAklB4IsqvJl7Z9Bf1f1KPcf7qlkZziDsrzuN1K20XbVo5pcAbUliUX0O8zkuy07qUsX7XEH4KdifU0uPI0vf3N9iseWW98qnI8V8p/jjJU0TWWUXaZ9HwPqzp8rR6jg13mwm5HXOmyH7JWi18rfM4cIXZDqABSfxol/5cumj6Dk9ZxASAb/CQ3rEQP2n+V4Ezvq7XNzJG67yFlgXQj8g95kdcaG8rB6j1b1LIKwznvqi8pJlLxs2qLEoiSzORpN609gADiUjJ6lLMb7ys8u1yp7tcp+JNybGfqnl3JXPmI82kAmyo83wmolY4vsWldx3aF0nbxtB6llZD0NFkIHedIPUIUOff5RVm6IdQtASpcTwUtzt/KJrOtRoqShvaIUyeFF0uPCEj2SMZMmrFqAFwuio2gEPuF8KLGvHwh4XOFrBsI1Xza4O1vyhpTVlA1kE1+UfhD2jk8LvOkoUFoqQL912hutqW0mCDRsIgAB8ofHspDuB/dL2hiascI+0XzX4Q86XA0P5QqhhjI6J9kRaBRpL9QqPUJCSgBOdwUs7JOlxs6sKBo7RH0RR9wpHlddfCjkrACLjS4OJvQpQeV3nW0KNZwFhcBZ5qlxO9KAaIShsK6O1IPzpAOeVxWDYxp1ypDv7pex+FIJA+VgpjLUgoA61No0gphX8qRIl3pSSgwJlpsukQlpVA/XK4y0kaHTLnqivlc2aiqYedey7v3yhRrLrpqUCcE8qmX6XeojxFbP3c7IIHkn8pZmJ3wliyELiWr599n18X9UEZT7rg8lBx+VF1wmSNYZJBU3ZSydcqHHndphbGiha7uCrg87pC6U790AcrLR7SEl0d8JLchR+oNWTtGg3+hSsLRo7VZ/2+6YZ70SlOk7uUaEcgHu2fdLJtSefyluNJqFb0QTbuUQcLqtpY5Ciz3HwmJ2Poas7Q1aSXnuCYx9gFKGySwFQYwbtNDT80pLTZ0tYCrJEPwVDYwRflPLQbUsgLvFKl0JWxAx+4oxjWCrseMfbatQ4JebHHypuVDKNmP8AoiRwgd0838r046Y9w03wrMfRiRwEqyJDfC2eMOEQOFLMcDxteryeiPa1xoUsibH9JxsBMslk54nHsz2QEnhW4cd2tWpYQCtPB7XEWg5sCimyMbHcKtp/strHaO1oKt4sEL4x9wS8lgx+BY+FySk5aPRjFQVi58dvZdhZU7DuhpWcrP7WUeFmy57eLpWjFpHPOSYmUEnhVZ2keU6bKa4aKAzM7d/3VUn2cjoovJ7d+VVmBV+aRh9qVR5YSq+9kmUXnYS3GjatyRCyANKpKztNWqI55aFOPzpKceUT2kaNqA0dirqibFjTedo45S2uUqqJ2utNVmTNGHOLddwCcOqlnnhYcknadIDKQd6/lJ8Y3yNaNrI6q+QUD/CpHLuz5VF0hASZJCfNJ/jp6JvK2X5eoBrS2qWXNmHvNIJXXZVYkl3PCtCCIObbLcWW4nmja0IMvWysZovj+6cxzgEZRCpNGuZQ8/Ct4bWOkaCR8rDbkGk6LJeDYtc8sdIrGR7EdPheyzR/Cqy9Ggc/gLLwM+R1NsgHher6VgvnZ3u21c0rgdsEshmswIsdooD+VUzuotitrXV8gq79Qv8A0vc0EDS8Zk5/3kE2nxwc9k80/jdI0cjqQlP3UTSysqeFzTYFqrLlij2jZ8rOmns2u2ONo8+eSyZ29x+3+6rOBBJ/5V2B8b+SLKDLhoWKV7a0c7S7RSc5WIj3AAnSrO1z4XRyfcNpmrQqddmqyEOeB591t4uK0xA2LHIWNjTDn4V4ZwYKvS4523R2wcVtnqOiYbsiZrDoE8r6r9J9F9CVhLQ8Ee1r4/0LrkcM7XOJABX2z6C+pMd7BK9wJqqXged8kY/U+o/8x4pSSfZu9SxZMeHvMVg8CuF4LqrnyPcGsN+V9Xzes4edDWga8FeUnx8F0zi4t37leXgyyXaPoPIxKa0z5lk9Gc9pc89u1ky9HaRYom19iP0zj9RiPpPr+V5br/0qOmNLgbXq4/KUnR42bwmk5ej5P1fp3p9wrYXnXkxki19JzOkyTFzQ27XjusdEdiucSKPOyvXxZE9HzmfDKO0eelnIraqTZjwaBTsmIsJ+Fmykiyu+MU9nlybQM0xJu9pZyrPP90DwHD5QekXHhdCUaOVtjBk1yhdPf5SnxFqW9xaCtRnY4yho0bcEmXIIvZtJdKBybVeSS/wnr2I5PoKXILrANKq+Qg8kqJJBuknu7tKlaJtjYsgtfd1+VuYnWWMYGmtLzTzQCjvKSUOSDGbh0e3i6yyQaorpsxrgapeOx8wxupX2ZwrZUfiSOj5rWzRyMgE64Glm5DxtBPld10VSmyTXP9lWMSLlZM0wo/8AKrE9yGSTu0EAcQFYjyQDnEWgbJ4sqZNpPaQUwBxkBHygee4oNqd+UtGonhpCij/CgORd3O0TBMkLKVluYS0D2VI/O0BeQ7jSDiFWaX6okC0p8t/hU/Vc3drhMhxNdj3yWAFwcKKqucSfZQHkChz8otBGySgFCxwISzZ35Qg0TfK1GGvA0fK6wBVpRfpASVqNY8nXsgLqpLDtVyp2APZEIzu+ULnWDtCTXxagurX/AJSmJJ+2ztA0/ChztUoDtcqb7G2Hoe6E6KEnQUWnqjaJLvhDdlQ4qLpatBJJAPlQVFk8BR3GvCAy0SVHnhcDpRztMwI7uFrv+VJOlHhSMkdX3fCkb0o/pXLDJHcIgBXyuAUgWKQHQN+FwAXEWOKXDSQJIAI2VIFH3Q3ypabIRCiSRa5cfwuWAGD7qLCG/wCVGq2t2OmGBSggAc6XDlQ4ikGMR3Uu7kKn4S9ChWhJt3C4/na7yVgnAqb2h8rgdqYAq1yu4pQDoru7e09BCAO7UUoDrRLBJqvC4mtqAVB2CEoxPdaJrrQNPApSfxtYFkl+9Li60NEqfAr/ACtQxOxtSHaKC+0Lr0UDHFyiz72uG1w582loUYbUOsKKN2uoVzpUoY/enpWBVLjj929FVfXIaCo/VO4C+ffZ9WnSQ2TH7fKBzA0coDO53JQ2Tu9ojpkOcAgc7Wlz78oFqFZ1m9lCTtSdn4UltV5QMKP9l1Cqq0TmOdtEI6CZInYrtDhQSntPA5CsenR0EpwI+EegldxNkeaSzdUeU9zadaFzFhbEIXNJPsnli4MVLAxDWkH4KYzX4RuaFHYKSgQxrjak253NAJYcQpa+vbaxrDsJ8TgB7KoXi+RSZG/xaQNmg2T7bARRZ/oP4v8AKqxSaryueWnzZS1YydGw7rzIox2tBckRfUmQJLDQR+Fkvc20/CmZG8XXPlHgg/JK0kzYf1eXJFllXzpZWY4uJJ8rUk6njRxftb3fCwcvqDZXOqghCOzZJa2wSK4TYZ3xEEf2VRkn91chYHsvSq4nOmWcbrMsQpWndbkkbtZnpdrrNUkTzhjaCTgmNzklVlnLzvU88rNmmJOjaryTkuSvUVUjncmNfO4IXZLh5sJLieUt7zSokTcmE6dx/qKOOcE/cVVF9y433AoUJbNP9UO2tKtK8PKqvkIPJCEyG7TUBs6VvKSa8aROk0a5CW49w1oqiWiTBLwdXZSnPsKRE+7I0EuVpb/8o/0Ls48e5QyG28WgLydbCW95ulVIkyHScIC6wof8IbTgfQJNJDx3Gv8AhPLQR4QBva4X7eFuhWC0/wCE5p7tJZIDlPd2HW0zEQUj/TKfHmBjN1+VSlf3BIc8hteEONjKTNGTqpjILDXlek6B9cOx4xFNTm8Cyvn8hcVALhwT/C0sKmtjQzyg9HvfqPrTM9veHUa4Xhp8gukP5SnzPobJ/lJ7j3bVceNQVEsuV5HYx09+aSXy7QyA91oHg1vlVIOwxNTk85Jezm1ScCNobPys0BN+x0jzfugYaPshu+VyxmXGSlg0UD8lzeHH+UgOPKh7xXKCijKRdx+ovZJQcV9B+mfqOWKEMa6tbIPK+VNeGyCrr2XqOjZXpR9w14XLnxRkuju8bM4StM+u4n1K+Nh7pDse6B31F+of/wCpZtfNsvrpha0d1a91Sj+o3esDewfdeZ/DTVpHsvz5aTZ+kvozJf6bSHEtPuo+tA+SE9vgbXzj6Z/6lx9OwoWGmuHK9LJ9cYnWMeu6yRZ/K8eXjThm5JaPoIeZiy4OHLZmsdLD3lv7qO/4XhPqLLe9zg82T5Xp+o/UUcEkgaW1R8r551/rIleTVBev42OV7PA8zNFRpMyM+QOYRqysh1udSPIzC95FpUD++QjyvbS4o+bbtjYsV73DWlbPTnNbfarmEABsbtXch7Ws7nEBc8pu6RZY01Z5bIgMd3qllzvAP8+VtdVyIw40bHwvN5Uvc41wu2PWzjnq0iJHgnZ5SXP1QRG6S3WqpHO2Kd7hASeUx4SzpOv0QW/ZQFpJ9gmWO670osFMYWQW7vaISfNFQbJoaUOYT5WoITpSEtxLhagihyoP2+EpgQSPwoCnnhcfwsBkVahzEQcu7vdMYD0/lCW0Ud6XGq+UQiSFFX4RcqDpFGAALTvfypI7h4Ug2hr7rPlKYFwoatCBe/KNwJN1whDrNcLGAI8FQCQRypJ9lLAiY6zSg3v3U9oA3pQfhAJHja7tB/8AdT283pSGUgYHsHOlBbQukbRZRmJ1HyEthKpN6HAQuB0U8trVKOy+AluwlYvcTwoJIqgrIxzukPoOcf2n+ya0JWyv3ri7m0/9DIRZY4D3IQen2mkOSGpiAHeLRBp8lWY8Yv2AbTxgvNa2s5JDV+Gf2kD8rgwrVZ0qWQCmoJemys5bX8KfJFFGS7MvdVQUbpXX4xbykGMi9J1snVCiuPhN9PXCgsSlRZpcD8Lgwi1IbqliaOB2VN14Udvyp8odFSQQUBNFEBQ9yuIQY4N7AUm/Ci90pFi0KAdalQCu/cL8+yDN6J3a48IRypN6WGRF1tcNklcVyUJPPhRfkrlyWgnapcuI4U+EwAQKU8Ll3NLBOsVrS4KCdrgsAlTZ91CkGlgk8hcPZQD48Lq+4IBOuiutdV0oShJs18Lhva4C13lAJC4DW/CICzvhQQePCyQDgCu7qUEUVN38I2YiyuB0V1KeBSyAz9xeprZQhx7kz0rA0eEIiJI0V4L0z61bSCG1PaU1kJCdGyhsBa6GpiPRLjoElCcZwPmloMppUOkHsl5DUUxinmqXfpiPAVrvQOcfCN6FoWceueEJjaDpFI55HsEp3cRsrKRqFltWUDxpG4ktJSZL2inYrQl4HjlKeT7InggoC0/wmEZGlxH8Iu0XyuDUwrFH80odd6TgwWFJisrWCmV3aF/8pfcb52rEkZHhK9KjaOgNAtt2if5TWNcDX+ULAWjSbE6nUUrCWIMV8vG0UuI+I7b4Vzpp7pBrS1MrH9Ro4BUXPizojjclo8w+MhL7i0G+VtTdMlLSQwkfCoy9NlN/Yf5VVNMjLHJGa+Qm/CTQ91ZlxXxOIcKPyq7mEnQpMjnla0AZHNqiiZ1CSMUKK4x/alviJ3XhNr2C9DmdQkeaKMtdLSrMYRwDa0MNlEEjhCWhFbK78I9pPn5VV8Dg7egt6V7Oz2WXMWueUYv2NOCWym9tC6Snb+FdfE1zeVWezZpVJtJlftJoIKcCfJVjtshG2Du2m0idfhRcCUNFaQw+6tLnYdDha0DizMLfik1jAeU+WIDdJB+0o3oStj3RtDK0qGRH3fKf6tBImksCkI3ZpUVJG0kV7qzMVWLtml0IgwS2ihLd34TGuBTAwEWnbAlZUKB3CsPi7UotSJiyVCHix7Lg2+E/9O6rTYsVzjwqXT2KolR0WvZLfF7LWdhfbdKu/GIWU0NxoyXx1ful+mb0P7rTfiF/ghKdjFp2LCfkRcNma9pPhJLdrQkisa/skOxj7b+U6l7EcSo5l+Ut7SdUrXou9q+E+HBdJ4tNyQOLZn+kSEp7A0XwtubBERIIpZ+TC0FFTTFcaKYsDkIHHabIAL2kyOH4TAZx4tKkdo3S7u+Up5sf+EwjYIdbtLe6bN2Q0T8rBjYSeNLRif2R0pzVmxumF1LKL5Ce7SpsnOt7K7LIeTRVYA3pZKhpSbZp/rJGgAOIVzE+oJ8Xu7ZD/dY9mwEfaaNoSxxlopGcl0zQm+oJ5nEOes/J6g+Rps34VN8hDvfdJT5bRWOMfROWST7GfqO48p2NkhhJvflZrpD3GqChshBoDarSZNSpnqIOpNjbZO1W6n1oyNoFYjZjQ2ue/u5U/iinY7yyqgcrMdKT9x34VMuvd/wmSNANpZAA5oqqRzNtkk0Ep5oqXF3agN+dqgGcXBKceETiSUJsjhMhATo0oDdFHRvjS4AFYPsAMpdVcI6raFZMIHbY4QOZQTWce6h4vaF0ArlReymSNuvakFEImIsXwgc42iIrhdVIsPZzSorwpB0pQMLDF3b8Jo4XFvst0YQWoOyr8pzm6QObX/whZgBYJ2hI0bH8oyK/CgXfCJhBbR4XeAmEEhQ5vsEtgRFGtoToEo+7hC80mGAuwbXXdeCoJ0PC5o2sYfC0ve1oGz5Xq+lfSk2bHbmlor2XnenuDZmXXK+mfT/UmzNaxutbK4M03Ho7/GxRm6Z4nqH02/Hc4dvCxn4jo31XJX17P6bHlN2ViZX03C0F5IKlDydbOifibtHg4cYvIBFBes6N9LMyIg++4+wRO6TFGO5pWh0jLOHYDtLTyNr6hw4oxl9xWd9NljO302gfhYz/AKVbIbAG169+c3KIaTVopYIsbH9Qc/hcvyTidjwQlbR5rE+lYogO6k93TMaB4tgXdR66IHdo0qA6ockkgqn3krIf/XDSRrRMxG8MA/lLycLGnaQAGkrMbmjuolXGPD2A3fylfKLHuMtUZfUfp+Pt7mkD+F5vKxvQLgfC9nkTU33K851JnqWaona6scm+zlywjWjFsUNaS3AVXlWzFXKW6MUQF0JnDRSOvhRyU18YJSw07JC1G9EH4QkbRnuGthQW2OdpjJUC1TXsuAUjawQSN8KHcqTofCEgOI0kMSuGyo2ppExP4UapQBSkGwsMiSapdrxyoIIKmgB8pSiIXD/+goqkQ8oGIIJOkJ2UYCiljEUioV8rmixtdWuFjEUupSRZpdXARARVqO08+FO1yl7DRynS4BdVJhiAuB2pAtQTegh6CEOdLjaEaXAEoAC4XAWdKQKF8rgPu4pExIZpd22nMiB8pnoA+f8AKw6KnZ58IS0lXjjgNSxj0imLI/eEOMJDZarTOmBzQe1eqxfpzuF9pJ+Arw6D6bDbCF8lPOrPuYYNI8Yek6BDVWnwHNN8Uvaz9PDW/hY+djdvyFll5DSxpI8y6EjlCWE/K0Z46J/KrdqtyJcaK3Z4I2h7Nq12Xyu9Pd8prsnxKbm2UBj8K6YQRwg9GynBWjPdCSkPjI1S0XR0Ul7LHCxOjOewlB6RB+FeMf8ACEw0msWrKPp6+VzYyXC+LV4QWETcY+GoWHiJbACLRMg0Tyr0GG55oNJV3/SZQw/Y6vwl5pexvjf4YMsAdWtpEmKRutLXyMRzLtpB/CVHjucNt18rRmZwfRk+gb4/uuEBvil6OHpheB3N0p/RY4kpx2m+RMRYmZnT2ESMr3XsMDpLs5jftKV0npeIZGAvHI5X1b6X6FgPxGuLxY3r3XmeTmUNnpePht7PJ4H0u0xW9tf+UrP+mY2tpjLcf8L6JlwQQtLWVSwcx8cZOlwR8icno9F4YpHyL6o6G/Fs9pJ3wF46SNzJCCKX27qrYMyMteBY9l8/6z0aH9QfTbQXtYMzkqZ4vk+PT5I8k2Bz9UnNwiOeF6bpv09GR3PeGjmiVn9d9PCkLGkVXhdSnydHHLFwXJlDHxYLHcQNp+QceCEhrhfwsmKXvN+5XZd8A2moldICbJLyaOrVWWQgqS0j5SnkK6Xog3aIM7rq/CkW4aSHbd8ImSUeRpGiVj4WFxNq/FAKFih7qjDlNaNm06XMsANKV2VVFwvij9iVUyMg7DQlNtxFnX5TmxM5NH8lBKjNplGRji0k6HKoTydjt/4Wl1CVjG0HWR7LClkL3E+FeKOaTSHGdKdKSUkya5UteCaJpWog2Q9ziCSlOYQLpXooPV5VgYQI45W5JA4tmSyNx3WldhbQ2rf6UN1SGRnpixpLysKi12VpoRejtUjbDz5RZWW7urj8Kk+QuJ52qRRN9mnBMx37ha0IXxVxS80yUtPNJv617BooSg3tDKfE9FO6OhVLOkkbazf17vPKJkhebJRWOkM530egwMMZTTQ2k5fTu0kUFnR50uKPteQPhSOs897vCnxkmOp42qZLcH76tNPS2VZWdN1r7vsIVSXruS9pb3fafhVUZMhyglQ3PdFA5wbsjWlTj6w7HJpocAqU+S55J5tVXOKusaqmcznT0aWZ1uTIA4A+FQkynP8A/NpJuuUs3asoJE3JsJ8hu0p8llc8flKc2ibTUTsIE3zS5xvaUdWjYbbR0iBdjQ7sF1ag5BN+EpztVylh3KzQ9hmQlx8p8YsDhVWj7uVp4mN61b8pJNJAirdFR8hY/wCPdc6U1Y/srGbj+i7e9qmXNrSK2F6FSNLt8BczH9QgWpkl38Jbci9cJid7LMeKw8ja6Xp1baP8IceUkgk3tacPUmxGnNBStuJSKjI8/NC6InVKqXEHZ2vTdQlhyY9NA8rz08IDyQipWtkskaeiu51+bUD3KMxbBOkXp9utEKhMBje+/CIRX4UsaGnilZiaCN8oWFRKv6bXCg49HS02tZXNLnwNPG0OQ/AyXQkcpXpfwtGSAjwkPZpNZNxKJHbfsgIo62rEgvwkuKZMmLeQ3XFqHOvS5ws3tCQW7RsxJrlLdV/CM/uFpZG1hgHNJK4tNIzQKEu1SwAS06RAUh7qGiuL9rdACHH/AJRNoEoQCWoe6jtBhGPcB/7JbiNoS6yijifK6gNodBa2Ke4Ie8aWth9AlywCaaD7p2V9KTQC2/dq9Jfkj0P8U6ujDLgbS7s8K1JgzREhzCK+Eh7HNHCa16EprsA0f4UchRRG1xcVrCDW+FLWeVNe6ZHCXjyUWwpfgcNNcCNWvR/T2c7Hk/dYK8/HiPHwtLDY+Mg3Q8rnyVJF8VwlZ9DjyjkMbTtFJzpfThO1h4PUTHE2yOdKzkZQyYiCV5jx0z2Xl+pnZXUi1zmtVeF+TkSfbf8AKuYmPE2f7/uPyt/ClxoBqMEcKrkoKqOeEHke2ZULxjhrpDVeU3J6tG5gaH38Wm9WZFOwlv2FeQ9MtlK0altjzk8f1QXWZe6Yu5HjaoY+UWGhe1pP6bkZg+1hP4CfhfSc5cHvHaAboqynCMaON45ylZR7i8AkEflHjZUjHdtmvyvQHorQ0Nc3arO6J95INJOcWX+OSKBnc7yq+Uz1RYpbTOlNZyRaXk4A7aCClXQXBtHkclro3CgKVdoc4kLbzcIMJsKtDifcD2q6kmjlcXZWgxBJzopzsJrW6VxrPTB+3+UqZ+78pebs3GjMmx6J9lW/Tm1fld3ApBd2qti0VvQI8KDCaVgv/hKfKmuzFbtI0VwbR3wicQfNFQBZ+EAEEVXuV1Iibq1AujYWGB7d8qQ3XwjaAHEcqQ8E8Ug0YXX8qDGeU0gatQToaWoyQvtpSGqSdVVLjylDRFWuDeUVk1a7+UbsyABr3UIxoef4UVYBWMDVBdS5SOfdTMcBSkDe0Olw2VhiaBP4XckriCFIBWoZIiiApPyubtFW0QUBQK4a8o+fHKiquggajhq9ru42KXGjSgjaIoQv3KJryOSoApTwFh6DEhDeSVzZC4nlLF+211gn2WEfR/WeHDYxo0lZnphhACyJfqzGaCO8LOyvqnHokOJX5/8AFk5M/S1OPFFnNDKK8/nEd3wlZf1Kx90aWLm9bLj8L0IYmuzlnkXoblVZVN1e6pZHVHOPKoyZrze12KJyOds2XdoHKU6VrTysQ5Uj72f7omySHyU/Eny/o2BkNrlCZ2ngqgxsjqOynNjkNU0ra/Rl/hYfVX5SSEbWueOOExsLnHhCzOysYu43SbHjd3AVmLFJ5arePCxv7hVJXMKg2U4+nukrtbf4WvgfTz5CLZop+HkYsBBeVvdO+oen4hBOiuTLknX1R148cF2WOk/RLngOMeueFrTfTrIW9hjFeyU7/qfh4cIZHGXuCyJf+ojcqcO9Mgk+F5//AN0ndHcpYloXn/SIf3ODBR+F5/M6J+leT21S90z61xZccd7SDS891brcWSXCNt/lWx5Mi00CePG1aPOyZLYWlvZv3WXPE6eYuFgey2JIxNR5KOPGALR5XYp0cTx8ujIjEkIGyCtjpn1LlYDg31XhvmitBnRY5Y+4uBtZmb0UREluwPZBuE9MdQnDo9M3689WENIJdXNqhkfUD5r7Tz7rx80cmO8d1gLa6PPjuAEjgDxvypvDFbSCs0paZdOVJIC4nawerzu7jyD7r2b+kh2P3xU6/AXlOvYb4y7RBRwyXKhc8ZOFo8tk9RnZYDyFj5eQ+d5dIe61oZ7DHd8lZrwDyvXgkeDlcuhAl9OiNUjOU4mneUl4Hx+Et205z7DlkJOuEvRPP8KDZ8WgcaqkxmE5pIVdzSN7tObIge/ekyJPQruqq9lLckt0UL/u40kOvuVKJ2y3+s7SSCgf1Jw4NqnIDVchQxneQE1ILbCmyHSm/CQeCrvoAN90LscHxSS6FpsznjQFcJd04e35V6TFpIfi+xVk0SaaJZlmMWCaVzG6wO4CQaHsqbMVxHumu6f9gNUg0mOrRbyOsx/0s/lUsjqJkjNFIdguBQOxyxu0EkI5P2VpX9xJO0PfY3SmSM79kvt9lcg2C5wS3PRuYR5QFprZVF+C7J7uVLZ+wrg0NCW8j2/lNRroc7K7h5tVZnk2oe6j5QlxIorJAsWXJbnbTCAlvO1REnsA/uSnA3aJxvygLj4KIrYJ8oSAVPcXEgoa3oIdCnObaTI0k1Sb91cKTESLIITWaimGUfwpcCAnuh9glvYRdglEFCnEEIQ2lx54RNO9oMBAGx/4V7DyfSP4VXtBku00NFIOmh4/XY/OyWzCxu1kukpxACsyHwFXLSDwmSSROTt7FO38pTjR0rLxY/8AKQ9tEeUwhfwsYysGtqciJ0ElEJvScsREtNV7FPzWCWjfCm39i6S4WjMfkUKVKWXuP5VuWENJVSRgJqgFRb6Od2ATsKS6kxsJ5AtC+E/lL/o1MljwVLpu3dpJY4WlEmnJ0gNtDX5B5uvwuZ1B4GiP5KpucTYHKDtJO0VFCKTNNvVLH3NCl+VE8Xws0Rl3AKExPB2dJWqYyl+jp5m9xI4Vb1LXPaQPb+OUmjdcqiXsm3sY54A42huzyobxsWucaI1pNQrOLioJvwEXpk8cLnREcIBFGylucaITS0gohEL2sYrNs+E1sVcqw2JrR7lc4j8JQ0JOr8oCNo3V4ULJAJZGO4lW8SVkUgcRsKo1wAQ+rR+UH0UTo9DH1Zo8UfhPb1cEAd53xteYdOSNaKFkxvnhc/xpsssrWj0rzDPfcLvyFmdQwOwFzRbfCRjZb+8b4WtBnMLCJG2tuDGuMzzbojv7aQiA1wtmWOJ0p7aA9lAxBzqlTlSsTh+GXFhl42FpYmI0DbbrlA54huvHsljNomjW0XcgxpGu3ppmFs7a+VXlxXwEhzhXmlXZ1t8LQG8JWV1x8zKqioU2y7lBIN2W1jqBJpPj6kWgf8LIx5Q+Ql2rVkhpIINpnFCKbZfHUiHgkLSweqNIour8rzj2HkBQC8A1pK4JjxySiewfmRyNruDil4PR2ZmSHEntvwvMxyuaQQTr3W70rqTsd1udQXM4OKdHVDIpSTke5gxcfDh7Wgf+VXlf9rvYFebyPqN0ZPa/uHilTH1M49wN7XKsMntnfLyYdJG1NkHuNf3VOXJd2upZv+tl2i2wuGa12uPyVTg0yDyJlkSSF2jpTJ3OHNpDcpoOyL/5QSZo32lPQnJA5MQfdjao9ojN1Sa7MJNH35TQGytNm020TaTKLpA4HVKnNXPhaT8aOjtU8jGLdtFhPF7IyizOldvSQ/7uVZlhcDwkvjcG2BauiLK70l3FUrJhcRaW6B4s0fym5I1CCKP/AMqW3ZUiI0bBBXFvb+Vkwg7HK7jSmhXuELueVrACbtdwFLt/woc4EhFUBE2SoGhZUdxXcpbCM0V1D/5QN5+FN8hYdE6pd/T8rtUFF1+ErMd2qe4cXSGw5QhZjqHkrhSilHj2QswRAUtoeEJNUp3qk1GGWu0l8WUR0CluhzvKkkX8KBz8qRvlGxEEPGl3KgG+FABtCyiJLav2QgbTAdcIQK+URaB5tEwFEG7tcDvhY1VsIfIUV3eK+VO9Idk60iZ9H7wdlOB/cgdmO902TDd23RVGaItul866PsEmkjpM0+6S+fvVZ3d3FR3G1qoUaSXFOiiLkELS4haeJACRdIN0NEXidOEp/aCVudP+mvVABF/kJ3S8YF4ptfK9z0XADi2xa4suZxR2Y4Rb2Y3S/opsrgPTB/IXoY/oCMN3Gw/C+gdC6NGIQ/tA1V0tifDaG0Gi/wALx5+VNvR2VBej4l1L6HZE4/7VCuVin6fEXDb/ACvtfUunNe0leN6hgtbIQ0AK8PJk+x1jjLdHgZOnOi0GKpkYb3D7QLPsvcS4LDetrNlgZC/gfyuqOXQssKPLRfTWVkgOuhzSut+lOyL72kuXqo+oxQxBoABA9kp3UGSurupD5Ztg+GKR4TqPTBiHTSFTi+087teq61G2TuN2F5OZvpvIXbCXJbOTJHi9Fx0326KiN73nlVWO7xXlW4W9lWs0aLsuQQvPlXWY7wBR2kY2SxtWrP6tjR+4BRfZ0xoU2WVr67jr5V+PGlyQK3ayjlt9Xa2uj9QYXt+4Kc00rQ0Gm6K+b9NvyI77DfvS85l9FyMIkhpoL62yaGSJvHCzeoRQPaQQ0qOPyGnTRTJgi1aPHfT31SzCa6PK9tEoOsdVwOpOPY/ZHkhI69iY7JHkAWvGZb/SdbdFd0MUZPmjz8mWUFxY7rEDbPaQR4pefnaR4V/9S+QU8komwNlbxtd8Xx7PIl92YLwb4pcGO5XooOjetKBVErRm+lmwQGR44FpnmSYqwzas8S5hCTJZI9lq50QbKQNBUnx6VU7OZxeyuGBx5U9nbtc5rm8NtLL3Fu7tOkT/AKAl+38pL3+KTXmxV2VDYe9yotdkqZWDXO4CuY+MTyP8LSwenMdRIWuzp7Y2/t0pyyJF4YnI866HsAsUCobALvkLXzMawTWlnkdhocBJF8jSg09nCFpG2DaW/AYTYFJ7coBvzwlvzOQN14TW0BqLAGOxrthdK1pocUlOyHbNKGyA18oqxfr0cYmkHW1SyIwAfZaLWuPG1UyWWSE6lTElG+jFlFE+6QdHa0nYL3klrC7zpVZIHxk2wj8hdKmmjk4NbKxJqhtLcyh4T3NLRvRKW9oI5H8KliMrveANhLLrPCaYr/CExfynVCf4VpCb9kokhytPiO6G0h0TmnhGxGhRdZpLfsfKb6bj4UOgc5pFbVE0BqysRZ9vhLc72VgQOJoi/wCVLMJxPC1onxZVLtKBZIq1cdgkcjSmKBsbrP8AZZtBUWW+mYQyGEGteaV/K6OwMtotwVTHy2xA19to5eqvjcPv0fC5Xyb0dUeFUyjNgljiCFWmxaHutvFniyzVjuS8zGLdgW1Opu6YjgqtHnP093rhR6IG1fmiDDrykFpIXQnZzuJWbH9/sofbHbNBG89hsJck1miKWQop0l2gc9C8249qAgnZ0nFbJLrve/lKc7fwiOxQH90twJKIhzJCx1jRVk573MpxulT7CXDSINN8LNGV0OdKXhVph5H9leij7hsbUyYwbyFroamzOZlPj1VhSc0mwU6eAcilVMG/z8LOibTQRyGEcpEsoPHKdHjd2iFxwXA6Ca0hdsok7ViKPvrSsswTe20tHD6S+au1vPsllNJFI45N0UWwtawEikp/aDwP5Wln9PlxaD2691kTMPcSClTsaUOOmLkaHDYSTBZ1wmFxAolAJu1WshVENx+1C+P3TjLaB5BHwhYfQDXdi50g8+yB7TR+Uo3/ACshLJc4Ie8n8Ke0u4vSlsTvKI1WD30FBkJs8JhiPsgkZ9o0Qpx2bYBdQQF5DUJcWmlxP9lQSiS83/lRfdtQav3+EHdRq9IodBEmvdcxrifNLu7XGkTZO08ING0XcdnY0HzztHJkFg8EqmckvoDhB3Fx2p8Sl0Wo5bdrdK165DK3x4VOAUbPspkee0hI1ZRNi55ju6VX1Ta6S3O9kDhQVEiPYRfX4Q93cf8AhC4lpUd3bf8A5Sj9jAa+PlWYMr03gO2FQElD3CNjm3fCwVo9Bj5ET2+L/CsenFKK0CvMnJcBTSibmyscKeeFJxZaORI9KMeKMkOICXkytZHTaseViMy3zO24lMklNbKHH9DzVaHnJazZKB+W1x1QVKV5vlJMl7tP8YvM2Ipw8CinB4OrorBjyCwkA0FYjynDd7U3AeM0a0khaPx8pJnIrap/qieUBmJB4Q4jcyzLkk+dJQy5Gg06h+Upku/f4TGxGR3FBFRBbF/qpQSS4lNZ1RwH3CynDDDqFD8pM/TnN+4CwhoNS7Adnh52EH6wf9ukqWAxlJdvynSQNlwZ7G8NC49RbW2i1QEfdtR2EGydpXFGuh02U15sABV3yh3hLcNrjwEQWGTf/uod2+SbQjhcaWD2cN88KCQF1/auW9gO0EJsorUV7BOYgE//AApuvCjjlSCkHCB+FxN64UKDaATroqPNKPO1PlYFEnhQuFEIlMBAU+Fw5RliIyA5RNFhR/ClooI0ZE1sCv7KdUgeSKpSCSASsxqBvfsjGuChDd0VPbVfKnYAx/hE0UgFhMB8KqGO7VxbSkElcTfhZm9EFpaodsA0mN2FxjAWsFaP35Ke5gWZPA57jq7Utyn9osrhM4OtfMStM+1tSSK46c5xrtKc3oMzjbWWrMeURsiqV6LqwY2xqvCW5BUYszYuizB/b2G1sYPQZnFv21+UuPr3a791LXwevMDmkv8AnalNzo6McYGr0r6elYLc2tr13S8ZuK9ndZA5Xn8T6ih//wAoF/C3undSw5zucD5peTkc/Z2RhD0e76bnxwxBncKWhLlh4JBsUvJYeRgMHd69/wArUj6vhtZQkv2XnSTso4DMm5SRel5/quH22edK/k9Xb2n0z/KwuodUcWuskgqkEwxTRgZmQ6JzgFgZ+WXOJ48rQ6lmxuvdFedzM1hDqK9XFC+yOSVET9We00TofKTH1pgcLu1k584IPadrOL5ARRK7Vis45Zmj02Z1pskdAgHhYc04eCbVQteOeUt73AeVeMUiU8jktluHIbGedp8nUmACjZWI97jwl97h/wCUyjfZD5GkbjeqUV3+puJFHlYZe48WrWG7/cHci4pGWRs0/We5pItW8LIfG8Gz7pJliEYNhHjOiklaHO7R7hc8lqjoi0pLZ6Kfqk0eO095GvCyZ+vTmwJDX5XqMDCxcyFkfqNojdrTg/6eQZZDhJG5v4XG8kIOpI9BwlNfVnzSZ+TmtNNcQfIVT/6fysi/9pxHvS+04v8A08xcRod3MdW6AVn9Ji4f+06IAH42l/mxWokv4fLcj4RkfT0sMd9pB+QqsEHpyBpX2Hr3062aB74m/b8r5f1jp8mDNsFd+HPHMjhzeP8AFtI08OOJpadDzRVvPzI5scR3dheNdmvY6rJ/lNj6sI67yn+Nt2LHPFKiv1fpnY8uaNLF9IGfsOr916HM67C+Ou0H8i153Nymyyh7PtI9l2wbqmedm43aL0/0/K3HMzac34WFJGQ8gBb+B117MV0Uh7gVlzRiWVxA0dp4tp7JTUWriZ4hJTGR9rrula9GiBSXMwt8J+VkHBrsbBOWEEHhe7+lc3p2c1kOUWsd/wBzl86a4gVel3qvYe5ri0hQyY3kVIthzfFLk1aPsXXPpXCnxvUxywkb15C+edV6KcZ5Gh4oKlh/VXUMVnp+s9zD4Juk/wD1d+Y+5DZPupYsWTG9s7MubFmVpUZT8Yh3aLsKYelTZL/saVcmlbE+6vyrvS+sQxygPPP+F1yk60cKhFumxEf0xP2322kSdElh2W0R7r07+ssZ+x9j4Wb1DqL3kOGx8qMZyZ0Tw410zPx8A0O5lfhdkdFZ+8fb/Kk9XeGdvaAfdKOZJMD9xTLlZN8K0XejdNxWSP8AVeAK87Vfr/Scft7oC11c+FlZ08zBW/ymdPmMrC1xJ/KKtO7E5RlHg0YOZgjuNG/lVBgOfdL02fjMBLgqMcduFC11KdI5JYtmBLhyxWCFXeXDXC91B0X9ZESGnuWN1ToUmO4gt/smhlTeyU/HlFckeaLjZtLd93urc+M6GwQqpYV1qSZyNUQB2+FLRvhMbEXflWsfE8uSylQ0Y2U2QAnjaewMjvuaP4RZAERNHhZ8s7natKm5GdRCy8mPhra+Qs+WUnV6+E547htV3AC/dXiiEmyA8h3uokf3qCEKehLZzZnwm2uN34V+DrD3N7JRY91mPNG+aUFwAsoOKYU2jSkMUxB7haTJCG/1An2CpdrnVRV3D6XkZL9Hn3Q1FW2FffSK8jQRR4VORlC/C1uodKnwTTyK50bWd6D5f22fgIxkic4SToqEGjQKBzTRta+N0ySUhvpmvwVbd0X0yS5hr2pFyjYywyas822EuNpvo0aqlt/6e1ugK+Ci/wBNLm6CzypdBWFmHHjAnQRmDsF9q1j0+UaDde6CeDsaQ5tflL8lm+OkZzCGEFTLN7o5Gtbu/wCFTmPsqLaJ/wDOmRJIHXaUwNLvdAWuLvhWMbHLnj5TehUmy1jY7H1YpaEfTonkAHaCDDIaLV3HcyAmz/dcs5P0deOCGs+nxIwFXYMOPp7C7k8qxj5kQg7u4Nr5VDqHWMaCJ7i9ryBqiuVucnR3NY4KzC65lPyJXFzaF6C8vPMO8q91Pq8uXIQB2tWLIHd2z/C9THBpUeNmnylaGF97Ushc/gWlNdXKtQSkKjZKKstYPRpss00K5P8ATb4WkueAfYo+j9QkhlAA+1a3UJvXYbJbYXJKclKjshCDhaPK/wCnl0vZaus+n7js7VTKEkUpLXfyF0HX8jHpjvuHyFWTk1ojHgns6bBEBP28KIMT13faL3wuyerfqGV20T5V36dk9KcOJ1aVtxjbMoxlOkIf0mUA/Yf7LOycV8JIc2l9LbkwTxglnhYHX8Bj4y5mrU4ZXdM6snjpRtM8JI0WTSZjYLsl9NGj5Vx3T3E6Bd+E2Jj8Np8Ls5X0cChvYM309LFCH6PusmTFLHEHleq6X1MTExSkUdbWZ1OCsh1H7fChGUrplJ448eUTFERINhd6f8aVztDNkJTyCOKV1IhQgDtXNNupA99OpCHnmkwTQFNAooHSNNglVBMeP/KLkf8Aul0FMJ5CU7j3KLtNcqC35QCrF+AhcTR2jLdfhLG0DA3SG7PNJj2HlB2hD0EnjhcAfwFFArv2rBCa+uET5nEVfCUBtQXLCroYX6CB7kPqIO6+VilB8g+FLHlo1ylA0u7tcoMVdjvVJUGU2lhx4XE7CnRRF2B7QQXLRZlxNYK5WHdomyELNWUTo9JiSxykFzqpXJZYGsoOaV5ITOY3S45D3Hk/3UvjKLLRfzS0vJbVfCqAAlLMpcaS2ud3XWk9NC2mW2srikmUVZq0bJabsJcsncaHBW2DQg1Q9/lA4bRlhPlcGfKIoJbZuwoLdoqrnaA2fwsa2dXwpIqqCjnlcBpYyJbsFReqXUVxF1pAcgBcdmlNeKXdpKIDlFbTGxk+CnR435SDFWiNALqI5BBV44/alSQbTXZkmVw2kVEnSaGtGqRhoJ+Eo1CO2+FxBJVkRgjS4x60sGitQpSBwj9OgV1WsChYANogAEVUELmiljHdpPlSGDx4XAWiF+AtQSe1QuFg8KSDqx/ZKwpnaCkC11LtrMc7hcCR8ru0qe3SyEl0ft6OQlqax57QgEVDhS49o9vheA1s+si3xQbpr/skvyKPNKu+SyUlz7PKFFLLH6ogI4swtJ2qN354RscL90rSYeRswdRe06cQtbC6zKCAHleXZKBW1chymMd+5SlBP0Vjka9nvcDrEvZZlcPwr4+qDjtBcQfklfP/APVvSZpyoz9WdIf3Lmfjp+jqfkUj63g/V0Mj+2SQV7K5ndVxZoWljhZFr4vF1JwN9xH4KvQ9ZcaBe7+Sk/iL0aPlntc17cgnsP8AKw8zEcSfhJwOsNBp51fkrVOdjzN05v8ABVFFx0O3Gas81NiOduikjFJdteke2DsJ7hawOpZjI9NI/hVi2yE4RXsEY93X9yq8sNWqj+pkcOKW/qBcFepHM5LoOSMNJSg0OFqu/KLuTyoGRpUV2Q5IsPLWBCJaPyqr5Ca8ri74T1Yl0XP1B97TYcogjZWb6lflEyeihxQU9nqOl5TmyNAcRa+g9L6m6DGaS/db2vkOJ1AxOab0Fst+onlgaXLiy4FPR6OHyfjPpJ+qeySu/wDjuTj19mQ5pc8A/K+US9Ys33bRN6+5jKBNqD8OJ1fzUfcsLKizsF9ODqBC+b/WOGz1jtR9K/VMccEjXPLSTdKl9T9YZlyOLNlRwYZY8n9DZsscmK0eNyQGSH4VGZvqDR/hXMuN8rnOAoKr6Lm7IIK9xPR81NOyk6Dm9/lVpIu0laLoyfGkkwnyP7qiZBxKTTTvhWoy0ikceKHuFCx5ViTBMdGhRRdIZJsLBxfWkFjS1+o9IimxG+nGRIDeln4kwxgCRwtnE6kJQNgfyueUmno7cUYtNM8bmYRxnlpFFUnHml6vruM2ch4ofheXngPe6m3vwumDtbPPzY+MtCC8eSiinp9DxtEcGQgGq/lA2IRk2aKoc6tDJpyRsqi6ch5okKZ31wqUjzSqopoWcmaUHVTBd7/Kd/rj3irACwS4k2hLiANrcEJ8sujdfnskFnR+Ff6MRLNXdz4XlBM53J4ToOoy4p7mcjykljtUikMtSUmfVIui4U+K10tBxHk+Vl5HScPF73seAB8rxw+rsxsdE6VaXr+RkCnO17KEfHneztn5eKtR2anV8uNr+1r9Aruj9k8v3Ufgry+RmPdITfyjxeqSY2w7a6vg+tI89Z1ztn0N3UoenkNYRdbHsqGf1GPJBJpeOl6y+V9k2fJRDqJkZVm1P4OJ0S8q9ejSymwTiwNLNfiRNPFqpLkuadOpAMp1X3LoUXRxSmm+jRggiB4/yrv6Njo7FA/CwW5Z57greP1cxc7CnKMikZRXYHUIBD4WLO4WdV8rTz+qMyH1QpVMiFrow5rr+F0xtI55NSeig81pJdafKC0quIZZv2jS6Dkd+gooxKatWH9Pc0WNj4SocZ8RBq9r0EL2tiBIBKlOTTVFYQ5LZ5x2E/4/CAdOyHkdsbiD7BaGfkdshLW1tW+k9fZjtLZS2r9kXKSjaBGEXKmM6H9F5ee6y3saPdejb0UdIIbJQPuq+P8AVTDqJzW17JPUesjJY4l9u/K4JPJPs9SCw44/XszPqJ0UgPa77vCH6YwhK8PDQ7flZPUcouJs2tD6T69HgZIZMQGHRXS4Sji0ckJRlmTZ7lzYIoxUbGO/Coyxx5JI7b+Qq/VfqLCA+x4J/Kx2dbkkfcRJ/C4ownVs9DJlgnSHZXTGQvsA2f8ACRMyOJmv7IpsrIyhZBHyeVnZjJQy6V1ulZxy1tIY7MDQQFTlczJ1wflZuTkOjcbtBF1Ptd9wFLq+N1ZyPIrplsdElnkuw1l8kp83QIceO3y92vZMx+sgwFuqCpZXUXOJBOkq52F/GkV5MOFp1RCGNzIH37JMmR3DlV5Hlw0VfdbOZtLo0X9U7fGlVf1Eudsqi8nygbb+OVlFC85ejTdlSysIYTR5VB+BkSHTXUfhes+lsbDnj7Z3Na/Wj5Xpf0mDGLBbpc08yg6SO6HjfLG2z5RN0udovsKpS472E9wpfWM+TDihcabdey8L1V8Ur3FoA/C6ceVzObN48cfTPMOaB8q7hYj5XtAHKj0A+Qn59lt9Ph9FoIaL9wrSnSObHDkwI8Z+IQSOFZfnNkZ2nlJzcwAEXvyFiS5Tu/lIo8tl3LhpGpLjMI7rWVlQgyGhSWc19lpcaSX5BcObTVRCU4v0SICTrlafSYT6gBNLPxfvds8qyzL/AEr9FGW1RoNJ2ewjkGOAHHlHO2Odg7jYXi5eryumB7zV8K7/AK88sokD2tcjxO9Has8apmxP08CMujGh7LC6jjua0g2EmP6lyYJHU7ubfCsQdYjz5O2emE6vwnipReyUpQnpGFKXQu7mk/kKzFnMe0CY7ArfKv5/ToqJjkDr8BY8mIe7tGz8K8Xy2Qdx0hsskTdtKpTPBulMkD2HikktoqxF2LcDoriKN+6MixaB/J/5W0aiBpyewhwo8qtf3BOibZ0UHTMhnaSkyEg15V1gPY0BV5mdrlMpRGNiOmdratHpb4+RajAyhA4WOVfyOoMI+0pW2Uio1sypsdzBVKq5hb4V+fPD7JA1wqz3t90y0Teuita4kVam+UpztomOc75pCXaQv2hGkaEQR+NoERNlR4QoscBZtcAuAoKAOSsK/wBC2KUWSfhDZRNtIFdkk0FLHdyE7UgULWHLWOW9wB/unTRsr7f+VQDiCiMziKtLRl1RL29vlC2QhRdrkTB+rrhR3m7Qrko4YdYvSgmx7IfKkuPasFjfTDt+UBipQ0nwjBsH3WCKLaQhtkJxA0OdoGmia8IAo7t0NfyuqzQClx2PKJv3HYpZjAUe7jaINpwBTACTdBd224Gv7rGGscwCq/lN7x260VVN+FId7qbKDHyWk9xNqbvgqA0BFGbB2oREcoa+KRAR6hCkSEDk7QHeqtT28f8AK2mIF3WoLguA+0ofIWGfQQdxa6z/AGQ6rlcb90LAjgQ74TLP4SeEQfRCF/oRoUglLa67GwVLXX70hZUewD+6b6Yd+FWa88pol+UAf0H6ZBQlpB+UxsgJAU0K8IoDo/akuRSrSZGuUqVxoqsXWV4dH1KekNdMXHkIWnmyg7gBwuBvwhQNjA6ifwiabb7IA6yETRXBQNYQH287+FIsD3Kjt4CMNHysMugC5xHJtASSPlMe0UlOFjyFqN6JY4t8pgnIrarb9ypBNcI0Cy0zNffKdH1GUX95H4VEAj8JjGOJWpUNzdFv/UHmwXEpEkjpNkoRG53igPZMbETZrSCVGcmVXMNbQ7qlcLPhKMRc4gBGyeysWWVBbRCuDFc7wi/Q8WQm0K02UyDXG0DrGz/ZXThm9bQnCcVtApmeXEnSlt2rpwXeyB8QZyUUamJBPhEJDrwpDm1tA5zXVtH/APANhF7guEpKAltCnJXcAeUKFbs0MTKdC8GyPwtFmWJ3fceFgNkDeNlG2Yt87SuA0cjWj10LIXx8A/lVsjBa4ktAWNi9QLBt3Cs/6+IxQIJH90nGXo6Pkg1smTAIuxSpzQho3ypyPqB8hNALOlznSmzpUSfshOUPQ8DsfpOlyv8AbrRWU/KNaUeqXt2qUSUq6LEmQXNI4+VXZkyRutrjyuDQb/4TIoW2DS1Ilt7RM2ZLIACSQlNnawW7ZWpF0n12WOfkqvldEkZ4JHwspJFXCb2U5pzM2maHws9+LO4mgV6HBwGxAh7bPyrrsnEgiLZIwSeKTfJXoVYeStujw8sD26cDapSwuvQX0FsGFmtpgCrz9EhbVt5TRzEX47fR4B0b2k21CR4IX0ib6Wxf0Xq6DyL5Xi83CZHK5rTdFXhlUiGXx3j2zKb9l6UuP26TzAQTYSJQGir/AJVls5mqRXc67BCFxO6KFxLeNqdnwq2T/wDwTK0+6DQGymyCx50kuaK417pouyTQLXBvlNiBc7naW1pee0BbfS+junZ3EEH8JZyjHsrCEpaRl5A7GWVUMlLcz8As+0bPsqkXRZZzphAU1NVY8sc7pGb6h7bP/CS+U7W+zovYS1w/us3I6cIpK4CopxZKWOS7M8tL/hGwyXWyrbcNrfOlYmgjhhY5rrcfBQcqBGJWhwJclv7TpWP0n6VgFb8rU6L1OGNjmydoNVtTnGF7SQWj8KDySbo6/jio2ebmcQbHF2lszHtfRdQVjKLNgcLLyiL+w6XUkmjik6LuQWyRmjZWJM8seRflG6d41aRKe78q0YkJSvobDluYebCut6lbKJWM+xZtD3uG07imIpyRo5E/qG70lxObu3UaVH1NC7q1ByC2S1lDWgKVs1WRPmOi4rTwXOwX9z2ktWPB16THYGtAP5R/6/NIyntYQONKMoylqjojOMXdnssT6mxiRG6OvkhOy2wZsfcwj+F4NuaHG9Aqw3rb8VtCwVF4HdxOleUmmpDesY/ovOrs0sR8zWmlYzerOy3W47WY83a7IRaVM8+Uk3aHnKLRr+4UHIe+jZVRzjdV/KYx2rpaidjRI4Hko25JB2k37hC4phbLDp2uP5VnpzY3O+86CynkN8f2Ruyeyi3hK1eikZUz0EkzIm/7Tu2khvV522O8u/KxT1F48lKOY73pKsUX2O8zXTNnKznubZedqiXF97vaoPzJHEUubluA9q90yhXRKWS3s1MbEMrxbqC0zKyCMi/5XnGZjh+19FT675LJktZwbHjNRLGfIXyks+4FZkkhbyOVbbliAe/5VHIkEjzVUfZUivRGbT2LefJXNPdwhOxS5rgEKJlvH7A37nEFV53D1PtN2lOf93KgvoIpDcvRbjw5C3vIsDylZBDdefKBnU5REWXQSTL37WXYG16C7rPCkS+m4aSi8AbQSPFiluzI03ZI9L7XV+FVbmuZITZPyqpe4NolALBsjlZRSHctl+bM9YbCrO2EDWm1NmuE1AuyaPlBQsBc6QitFCXEm+EGFA1RRMcWO9goAJtSG3zolKZI08bIiLd0EbsF08bnMF15Wa6NrG9wu1q9H6pFixlsgLi7ylknWisKbpmZJjPZYsgqu5rxYJK3M2eGYeo2m/CzQWyEg/3QizSW9FOnWd2oLztXHwduxwqkkZAqkRWmhLn2h2pMfaCoAHymsUhSTfhSBXhQgYhotc2PX8rjer8Lg4jg0swIjtorgERI/CEoFgTQNKbs/Kg0bPsoA7tpRQlIKhRe0wqZNrr5Ql1Lru0pQm9Ke6jyhtR5WCMDqUtNnhKJJ5C4O2dI0NY7XKghLDtqTJQSUCxorV2pc6jQSQ7ypLieUBwu6/KiwDtCTVLrFhYwzuvhGyShukiwuBBWGsuNmBoUjEjSK0qINBcHkJGOnRoWK0ULmg+VTD3DzSkSu97Qo1l1jG8kpgiYVn+u4eU5uR8j+UKGTLD4QBflIeA0KTP9vull1hZWYhxseyEHXypF17oeT4RFsk/J/hRSIBCaAOkK0Ejg34+UN2aq1JNjagj+EABWO1CCCoulDjtYFkhT3eDr+EHHBU8rdGsPuNc0i76ASrCkEmq4QDY5r9I/U+SqwcfZG0fwnRmz9sztoA/4VN43f9/lWsh5JVZ8ZNG14Nuz6tLSYBfugAiBK4NLgibA4+KW0GiAbOvZE0EnSsQ4hLlcjw2sO0to0YtophpIGkZcGN2rT4mA0NJEkXNIh4srvkbeh4QF4PlN/TauqKB0BrhG0Cmhf21wpD21woOO6hQKZFhSSftYTS1r2Gm+kD6g0jEotGOnSn+kj+Fxwnx/uBH5QTiwNS/CfWDQluyieNKTjuPG0n9M+9ghNoXbJE7jqyibkFhQGEgJbmH+VqM7Rc/XOI5+KS3Zzz5VQEtCgG/G1kheTLRzn0bN2h/XvYALVbtJQuZ8WjQXKjQ/1kNZRjBpUMrL/UvBA7QEhzTygLT+EUhHJtBGQg+5Ud5QG64pRWt8qqIs4yGkJlNIQPcWo/hJ2B6DEzh5Xeu5p90BPaOLQts3qk9CWP8AWLq2QoLkmnAIg7wgYY8hoS32Su7rHuhLiUwLBJpF6oFUluHnlLJrVIitlr1eKKNmSWm7pUC40p9Sq9kKsylR6LC6t6TQDtaUPWYJW0/7fkLx7ZSG86+Fxlc20nx2dMfIcUb2f1KKKZ3Y49p4WXkZ0b6Nk34VD1C47S3Gz7p1CjmeWTLZ6m5h7YyQgfmySElznWEhreSueN6T8UI5SCflSuZuRxb7EqnNI4OtG91E2q0rySnVE3JsCbJ7rbW1Uee6/dNIJJscoBE9wOlZOjnexA/aeP5UNdZvgBH+mcb0bXNw3uJ0VuSQFFin/wC5farGN0x+R8ey2ej9OiY3ukAJPIWjJG2Md0bBQPFJJZvSOmGC1bFdG+mIGvYZacXHhexyuiQdPwDI1rWtAOgvH/6lKyVjj9oatOf6h/1PG9AFxrlceRSk7s9XC8UItVsrY0GPPklpaHWeStWaOPp8dsa3uPuvKzd/SZnSi6O7Snddfmu2SB+UXBy2mShljC1JbNqcQZEwdI4NvyF57rkWNHL9hBHurOTO1sIPdv3Xm+o5bZnEB2x8q2KDbOTPki1VFidgMILG/wAhYuSyU3yr8HUSyMscRQQPyBkA9rfhdcbi9nnzSdJGQ7vjN7+ERy5KH3FaEuA57bAVGbEdGeNK6akQakhT53OGzarSEutNcxw5BpJkHaqKiTK54UE64RusgUFHYSnXRIQWBw3opb2dtnwrTogBdpDgSfhYTQnkKOzZTO0N8KWsL30BSbowgs9hSINrkK7H090hsbB8LTxukAj7mlTlNIrDE5FXo+FjzG5gbHhWus9DtvqY4JbV0mNhbhkhoNlHJlyRMPe49p1SgpSbs61CKi4s8uYHsdXaf5TDjDt9vhbORkY04IFNcs+ZjQdG79l0qTfZyygo9GU+I91ey5sTxsNsK9+l73hW2tMMdCPvWciag3sye8HXn5SS4C1o5AaWk9oaeKVF0NgmynJtFZztk1pC5wITXxGvKS5tFYVi3n2UFcXbKk+U6AAQAShP+PdSSXfi1JbY9/lEWgGmr0pEm9qO3+FBHa4UNLBCe6wdpakpZf8ACwpznG/hdagqCCEaD2cGgGxpS2Eu8ICTrSfG/t5FikrMlsSY+3kLu3aeSHnQPwhEDg6y0hCx+NCS0nwgcwnwrZbY4pKLaJpGwUVg3uNKzBidx+60DdHaeJyBQ0ptjJIaMNpHFLjhdovt/uuZmem2jvzpRJ1LuIb26CS2UTXsTPAB4tV3sA8Urz52PCqTEHaeOwSrsQHADYRdwIsBLLbNLjYJBTEyfUBaaUE3fuAlnRQd7t7TGv2aGHC2dwDnGvZW8nAEbQ9hr8LEjndGbbpWHdQkcztvXCk1bLRkq2OM/aC0hJkmaTocquZC7lCTwjQvIf8AYfhBTd7q0o+dICL8oo1j+1tUTVfKW8N7qbx7pRJUsNHaBrCq/K7t0u7wPwp7xRCwbQsexXLj5QEknkLGsMkAIS8ITfmlBZfK1AOc/jhT3aUBq7s2aS9GRwPnaixWrXdpulDQPIKAx3Hg0iuqG1xHcBtd+382iY4u7aUB17KgknSEFAcY0m1PCC/JKnu7hwgBEl3yiJoexSS60QJ88oDWFtS7whtQHXfwgOHdBT3IbXI0Anu91wcoUefyg0EO/lchUg2kGJu11ofA4U2Eph5oAKA9LU37I2EPuNLhpAFIdfhYAdgD8+FCEmypBtMAj/lT4UIwNJUggdu9KOyyj4C6vZCjAUb2LXV58IwPcozH7cIUYR2lF2mxtPEQcQj9EFChysG1e9JlDSMxWbRhlJkK3o/bEmK4n9qA4JPgr0pxGkk1pLOMAdBfO8j7JQ0jzzcIt8V8p7MQtC1zEG8NVWc1ekNsLSKwaGKHTji0MxJVctJKakC6DdJZUgWAgERKbHET4KLMHHH3Glahwg472hiiffCvQgNAvlTZaNBY/S43HYH8rVxOmQRiy1v5AVFuU2NpN7SX9ZLQQHX8Bc7TZ1qUImxlSwxDt1+FgZ8TJ3WD/ZVp84y7s/3SBkEVbiqRg07IzyRlqiX45YNCwldhDj3NJCvRZMdDu4TpMjHI4AVLZP44vdmX/tg7ZaQ+KOWSgO0FaEksEhoKtkvjZxQTK0ycoxQqPpzXcldJ0wMGhaW3MLCKKcM0vFEpm5ICUKKL8ft+Eotrxa3saCOcc3/KGfpjLJbytzA8D7R557d8BLdHzoLZl6cQdbQ/ofcBMpnO8TTMJ7K/8oOwcja1MjDO6qgqf6eQHhVTIyhWiqY+PdcIwRR0VZOPISNJ0HS5J932j8LWKoX0Zpho/hMbE00eFpTdNEA+7fyqkpbHwELYXGuxboG15tJdEpfKa50uZKANlU2SdMSYjQHnwubjSPd9osqw17DuwV36gRGxu0eXoHCPtiX4MwbZaQq72ObohasfWOwdrm93ikrInhm3QDkUzShGtMy+017IXNKtSUXa4XM7WuFiwiiXGyoLXOfdq3KWG6AAVRwAJ2nWwNUDaJjDI7tHlTCWlwBCv/7cDO5pFhBugpJlrB6dEyBz5XAEDVrOlZDJK4N1tBkdUkkb2DX4VbHI9UF7r3u1On2NKUXUYovf6LLIAWg9pUO6H2j7lvQdZx8djI+5rm1soM7qOLMy4iAlUpdUdPxY+N2YLejxf1bTWdPgZstBrwumnDnacAD5tV5cgxAju/yn+zIfRPotTMx7H2NHykvijLSGMBPusx+YQSSbHynY/VWRbdwjxdCc4N7NXE6Y5sXc/QPhEZWQEgmwsfJ68ZB9rqCzZupPcTRWWNvseWaEf+TS6rnwOd2jX4VTpvVoMSSy698LGnMkhJ2q0kLjrdrpWJNUcMs8uXJHp/qDrUOTjt9Nws+F5yPOEThST6Er21sgKBjFwqt+6rGEYqiWTLPJLkaOf1Zk2K1rR2uHzysjT93ynOwXAWbK5mKdbAKZJLoSTlLsnFxg94DuLXpMbDxGQUWi/C84C+Jw+4H4C18fJJhu9+ylkui+Jq9h5phhcQDQWbMY38OFK1N3vsuaaO1kzhzTwQEYLRsv7QvJ7AKFFZ0haXVVK29rjdC1WdE7tJon8q60cMr9IW6JpFk1rwlgtbrwmnEmcwGvtI5VWSF0fyVRCO16GSkBuufZVngWi7jRtAaJVEQZDavX+VbxcF87hWh7qidHnSdHlPiZ9r6Psg7Y8Gk9mlNDLgPaO4Fx3+Ft9OeWY/e5oJ8ryDs97z9xsj5V6Drbo2ht20eFKUJNaOrHkjF2bOW+OQkkAFZOdKA0juJCSOqetLZFN9kvKmD2GkIxcezTyKS0Zkz/AL7abRtyC0bVeY/caSnP7rHsuns4uVF+LJLncgBXZs5rIqHNLz5eWH2UmZznAWSEGgrLWixNkmRxvVIXPLW0PykOkDHXaH1i8NcBaYnYbpC4gAJfpl1m6Xp4/paL/wCiR1z9RJ+rOQWDG7Pt9Mcuv4XmXzfc6iL+EsJKV16GlBxqxbmDd8pfGkRkc7lLe7fAVCJziBYUF2tD+yXFJ6rC4jyR/Yo2uAPx7JwECyePCFx1rwmF4P4S3mjQQsFC3WUIFeUVed0PKgnfKwaIXdyjtPuoIr8rGtnE3wpsgc6UNBaVDjXm1gjY5fTOk8S+qR5CpX7aRxzGIjyEGgrQ+Uu7KDapV+91baRatMym2LHcgne2XYoBT9juvRVruUl9eKRhngEIHt7XHYTiUJc8jYKkGxdoZ/thfv8ApKiB/dC0u1oLAC2CbKkSHYKgltDypBFbW6Cd6gauDmuAuvyUBI7uCVAcjoIT+zdKu4g6pGdnhQ5vnytegdkMiJ42uLO1PhcQKpBM63b0kGEUuJUuvwg2mMcSlucavxaIkgpEgIH8pUBjy77bQnhATbR4RXrSISQuvYQVZqyuP2n3WMtDS7Q/5Q6B4UA0FBNoFAteP8ob3RCiiu3fuiL2Twfhdojmvwor4XEcJWMTyR8LiN0oaNDaID5Sm7BuwgIo+6aG6pLIIJ0VvQASLrwpIJOuFzgbXb/ulQ6e6B7SDfK4Eh1hEPt5Q6spmMRV7Klq4ePZdwQUKFQf45UVagG11n3RHoJcoa61AIH5SADULrK4kVtYxHn/AMKQ5QXWh4+ElUOGDXyoPuAobo+5KI/cdcIVsJBcRRFBMBB8pZBIUt1aPQA2ogUsOKJAwQ8rhpRSkaQGJU9yHkLgiYIIgR5QKQCUDDQ4aACIOFaH8JI2LUt4Row4SAKe/tI82kfu1wpDg35/KFGLAcTXA2jG/wAquHg/BTGOBO1kg+rP6FPY1g/baqTSBoI7K+Uc+X2CtWsufMLyfu8r5vdn3FJJByS0Sqsr+/3QST2gbJtNdCUC6IvKbFikn9qKBw7ja0IHsAFAFJY8MaZWj6e41pW4unkKy2ZgHCkZAA0puUmdSxQQk4djSTJint2dK07IPhVpckjSCtmagihkwEHWv5WdK4xla75g6wVQna15IB2qxtdnLkUfRSM9oDK//wBk9+P7Uu/SkmrA+Va0QplUzPFeUJmd+Vafiho25V5Yg3ysuycrQszubaRJM482EbgeEJbYRRJtgiT7eUcU5BopXZR4XemS7ghP6ByZegzjGeSFcZ1UkVdrGDXNTGuLeUOKZZTaNCXPeTo6+EsZD3GyVnOnv4KMTOrVpVFG+RmjG9rwQ52wmsjjc4HRpZDXuabJKbHlEAgnhM4hWT9RpTOjYw1Vql/qDonACgPhV5ZjIDRVbteSTygkSlNt6LGVlumBNrPPcf7q2yFx5CMQE+KVLolJOTKLoiQklhG9lagi9wufC2uEzYrxWYr+43QIQkvdVWVpzRRtboWDyqjntYKApMmTca7FNheTdLixw5CacwgdrRY/CUZi5osJu0LpLQBlIBtCJ+FLgCfFpbq4TCHOk7iluNoyAFxYHtu6RsDTK9EHRRB8lEcphYKXMNaTWIold3cf3aQd3aa7rVmRvdwLSTGSTpLoDTQJkcd9yhsjgTvlE6M6rn2pAWkE6KfQtsZ67gPf5SnPLjZNqHE1sfwuAtZG2xDwd+yW5ulebCHCuEx+DG2LuLxtaLBwbMb0jZrSGRhb5V98QGwNpL2HyFRSJuFFJriDR2uMoa7gfhNe1vn+6UQByP7Jr0T3YUmSPTpoo+6qiQtcdp0haWigqzq3pNFCysiaclpo7/Kpumf7n+6dI2yluh3pWVI525CvVkY7ZJV6DqXZGCORvapuhOz5QCIBvPxSEkpDRlKLs1pPqKxRiCoz9T9c/sAv4VKSMt4QgtB+5BRS6HeST7LDMkxuvjyg6lnufhSk/wDbzSS57e6gPF2qeS1s8cjCSPtPlPxRPkzTd1h+RExo/YGgAqnI7uOuEiE+lAwDiqTRJ3AABOkkC2xTm1/KUW8/+ytGN77IakSNcwfCdMi0JcCDqkt1udsUEWJG31Z2uJoSf8hPnfAJWRN26iTpCzcb2Un/AAP7KDbRwrPfC0uNigfG6T2yYsjGua5pa75W5UFQvdmeyTsBNrmZPrx6BCHOycSBkrvUb2sIDt8LKweotfDkBjmuLLcADsi06piU1o0Hn/d7b5SpHtjnaCDTgf8ACoR9chyZIw0hr2H/AHO48C1T6v15sWR2xG3A9vd7DyiIauU2iyjy4fymlpcCQ2li5PXsfJkh9N49Nrvud7FLyfqOTH6kLAGNfYGnk35ThNbJ/wBuHuJqnt/5VtkBijZM6JzoQ/7qNWByAfdeZ611xzIsmJpZ3xzdpaeQAtDK6/FldEw8gTPYyLJPdD3e7aulJ+kLH3/Rel+rz/8AV+LGcgw9O9J8MuKHntEZadfnjax4OstjiZ6guhXd7rEZJ6mVkSxvi73SOPfIaAHghFj5WPLiuhloytlNO5B+fwhGCT0NLI5Kmelx8yPMtzPGihheXPlYTtr6/grBx/qeKCBrfRDu1/YCw13N91oQZzP14EL2vbOAR8H5Veia2WMGRrochoNlsrh/lOgIewnyDSyeldXZj5OTFLCRGzKAfMDppcQP/C3svIx583KOM4DGbI4NIPIHJ/5Q7YvHQst1WrvQQlujrazpOvYwmZFG7uMn2tfVC/ZWJeqY+NN6L3U/lFjdkySgR5AvbApaP9trvcBZGR1Bk82cyMn73Ma2v8rZkHbGa2AEbB0Dag2SmwQiRjdgF3AJQvYGuDSRvgFawCdjlQb/ALJsrRE3vcaYxpe4+wUOa0ta4OHa79vysmERf+5XtpE62j5VHJzXY2TkEsL2sDn0OfACu4WQzMgilbw8WiAmNjnVuimvYWtKYyRkbnA8D2ScnLibC+QvDY21biUj7GpCmlxOrq1zmkkHdLsDKa+A7Dh3Gq9rQ5+Y3Gi7jVfKPoAMzC5p7RZPhKxxI2FrXiq4pPiyGzQskZtrhYKhsjdAkBxJoFEL2LI0pNgIHy3IGjZU2TtILRxuwhLq4RF/aQLFngFQ4gAlPaMiN1ahr65XX9xHhR/KUARnr8rjIXg+6VYs6CSyQuyQwCyRSw6ZYG0J0a5UMeHSvY09xbo/lA933CnXXNIBDJopc7v9px9goLz33yEuUlzXDwQsagf3AEE0mapLZpoPikQcHVXCIgWqXeFANlSTSIUMaQdLnRhI7jfP9ij7/lSHDFVtC53KDusbUeSSVhrCL9eyEOXB2qXHZ1oJmAlrqK4H7rvSH2o0u7v5ShHNlrxwpMrXfkquHWCFwNLDWP7SAgcL8KBN9tUu9WtJTEFloa5oojL3CuPekIfRNeURkFY7d3pSPuFoWEHSm7BpKEGrXEe4pTwAoAP/AMrAQzjSEqdf4UOPKw6IBUhwtKDuSpB50saxhIJ0uqig3Vru60WYMUDfKLRpKspg4H4ShCUBddfK7nlCg2d5Ug0hJ9lJNJaMGF1UhvXx7rm2tTCHdrhwoHyp0SgYIOse6nuKAVxS42ByiKGCoL0IO1zt+ErsLC7qXIVwPumCMBRWW0ljaO92sD0fu7KyHF3PKpPkduyrkrbAsqs6IFfPJUfZJ6RU7nF5pGwuscowxrQTe1weGkUUApFiK2naexzg4VdKk3Io15RjLcg0OpUbAmBA2pM7Rw4LGEzz8fyuMxG7ScSnyM1JMsBU58kEqm6VxKW57r3tOoiSk2MlnPgpDsg+5XOBKH0yQU/ElbC/Uk+Su9dzvKD0T4CJsROu0rUC2QZHOPOvYIKL3EEfO1YZjO8Apzcaua0tdI1WURCSubAXGlphjAN1pV5e1rtf4S2xXEr/AKYCrNJb2NaDRRSu7jzpJfxQVBWhT5QEh8pKZI2x7pfZ4O06J7FB5HjSdHKPOiUvs9yuDaC3Yq0NdICEtzrKAmuENEUnpAcmx7Xgf2Uh9EJBdSkv3ypmst/qGgVSgZPJVXusKLrynoPJll2R7coHzikg7vaW4m6H91qFcmNkmvVUEgx964jSEOLTpMrJvewTBQOwkvY4fhWC/kpDy8nQpHZNpVoUIyShc0NCPscb2lvHF/hOhaFkndKLcW6sIyADpcT2oiC6O7NLmt+73UvJI8IWODeVjUWGAa8rrF8BKEulHf5QopaDlHb91bVcvJPFEpjpr53SX6lk2sK6YHpukdVeU1kPaD3aURzhn4Spcgvd7D2TbBpKy24xCM7Fqo6yfgpUhtvlJ73sFD87RonKduiw9jmNN7SHWQbUtmJGzpRI4dwDfPK27FdNaK01duuVXc6054790aKTNUbC4+Bar6JUCDYAryqmMQ+OQE/c15bSsY+QyaNr2nTlktfNBP1FzK7jTow86ulZAb0aD2NaLFpRdZquFm9P+pGZJ9LIMbMlpAIadEpfWvqPH6c17Q4OyA0ua1PTZC0aMsxjaXFp7W8qhPPWSwtJosLq/lY2B9Ufq8fIiyJaeY3Pa6qHCyMf6lAzMbucRD6Hpu7hZ5tMouhXJHtWv9YEDRHhZ/UM6PGjce5pcwgubfAXl3fVWRk5+TJidrIHtJcHnYA9ljzdTjGU+L1ZfRkd97jslOkTcj3knUYYZ2CSURxvZYJKzZeuxM6iGOe1uNTmGS7sj2Xk+r5n6mAOEzpo/VcGhw2GgD/Cp9QzY55ntjILI2BjaFD/AP2Pyn6Jtnscn6jjxX4gYQ9khIeByPYop/q1rHelHjvkfXcSNaXi8GCXLdK9v3Ohb3/cfHwjw83I6nlvY9xBLdv817ItGPXN+vIQBG2MsdR+53CzZvq1vqtme4udex44XmC8OvuFvvtawf2CqZTX405ie5riPLeEVEnyZ6tv1a+LFY8EOme+3NI5AHKrZX1TLnZNMqP7gWkeFjzZjR0yONsf3h9l3mj4CrSNZiEiy+V2yP8At+EaQXL8NF/Wsl/UZnxSFsshLTvXzpHjdUlgwI+yZwkbI69+FSMzumwiQN7J9PEh8DhZzpuyeNspcGfu7QP3WUKEtmtkZGV1BvoN5fcrm3t1eSqMOXLhymQOJJFUDVpcXVDi57pGAxSsJY3tFnY/5U42O+dkTtxMbYL6sk/A8lN0a7OdnvLu4js9R/A+E2eV8nqzO/cGfcw8AeCEosdN6kUJHpggOmd/TfI/KS3MjfnvoudCYy1pdq9f+6KaFaNfB6fDB9N5fVMsSMbI/wBGB4/b3jZv3WNLJM6Vk57gQBIzu9gdFa0OXJndMwceY9+JjPkLIG8dzm6/KxYJWubI6Z5DxH2MB8e6AzaVUaX6pjWnMzmPkycl/c0nhzT+5yznTOoH1AInOqgeBflL6h1eTqE2M9zR2wxtja3xQSmtfmCOMfax0tuI91kmK+9F+XqAY6LGbH/9tFIXNJG3j/2Uticc5/6eQGz9rxxZHCpF/q5Ia0l4FjucaBPuokhlxMeKdzXiGQkMfWnFG9C9sditEuPkyGZoZjgOHdy48ED3RfqaxBNG8tkB4BVCeZrp2MY0xs7eK3+VYk7BBjMY0Bxv1JLsOPjS2xQpupSnEbF3mnSmZ/ya1aZLnyQRxsD3seW2R4LfCV07pM3WuoDBgexuRJqNrzTT7izwkQ4zcjP9KSXsHf6feN1SFVserLIyg3I6f2AkNPe9r+C4nlPOa/Jzp6k7Q53aJD4BVXNndnEAMaxzWtaHVQAA4/8AlU8YveO2r1bq9hyiLVOi9jzjGy5+2Rz2sFh3PdR/8q+zq2bLjBr5DHTrc8eyDA6Vi5PSOpdRlnueEsZFjBwHeSLLq9gP8qh/qDpelxxPa5pbbQ+tvBPH4S2E2pc3Oy+mPymFzsWOUMfKNb8LOyOuTzZj5TIWnQAbqqVVk2VHjyY/c5sNte6Pu0fbSqP+yQOq3E32lMnfYbo9Bl9cl6hjNglkc0Bpa4/9272o6xJLhyR4mPkySxRNErXVRJI3/CzT/wD3LLaYR2Oe2g0GxYCHqHUPXZihjfTkij9N7h/XvlAZtNDH9UmyoZu557iKJPJWn9P9ZfBE6KRzGxxNtod5Xmml1WASByVaY4F4k7W9hNdpPCNiK6PXRdfgnyGsD2s7h+93AXncnMbiZs2OZn5OI99OLt3Z8KcSCCJ8mXMCMYARdkWy55uueBpUXHuZdW0H7R5S2w6RuOzRh40/oO7e+YMYx37g2uSldU6pJ1CCJkbXX3dpDRaxXvfZLr7uNlPiyXxwhjiYxZe1/wA1Sa9GPRdAzi+QYkrg0g0LVN/WDJnvdVlgqIeLvaxWtkM7XNfTHD9xPlFFP+mkMb2hzQbP5pDphZ6DF6h6nr+qBHKLc2zygx+su9V8cxDWUSHHysaRjzCzLN9r3Frf4VfuGQXW4BzRoe6zZuJfz+p//fQSsLnO/wABamL1aLLDow53qONAey8+yb9O9hlja9/p12cjYQQTGCeOUD9pukDUbGd1KSAxw/8A+M/cRy5Ok6lLhO7MhoALQ4UboFY2XN62RIHAtlY4h4PvaVN6jow9x+0GhtZgSPQTdXYYWyRuFWA1nk/KqZmU3LjLWuLZO+wb2PhZcUjWxgNA7/dKkNznteSCbA4QTMzUhyjitjNn1rIdu+4K9J1No/bRsf5WGxjy6gCXAH+F2O5xYXkbCLkGjThyZmmge8c0mf6iASHDZ9vCyZJnl7TGSLIWr1rC9DD6XO11uyMYSOHsbIKWx6HHNDsN/bp/hBgZzDEGvdR+TayaIi7rv4RY0LpLLNuG68rJm4my7NiYL7v3cKW5UbmWSf5WVLkxCJkZic2Vui4oZckSBhoAtaG00VazezcTUOZECfu2mRZTPJtYBlp2waK5st3sopmo1Dnl05a39pOk5uWwiidrIjcWyBwUl5aXEE/dytexas2HZDAB99n4TAe7ysAPIddq1HkvaDR0Uo7RswODnOHNbQPNOJ4Cz8fIEQeXPPcW6/KTJMe6w5x87RbBRrBwNVypB7Ss3FzbcQ7/ACnHMs/CVMNMtcLr0qxyrbo7RRZILTZTBpjiaRNIPsqsmSBwbUx5LXclKwpFoG0baHlUDlgOIvXumiZrqohYyVFrVeyho8quJr0CibNQQCGdkqQ3fultkGt7R94AA9/KxgSV1keVBcNjypJIA8FYZIIuPwp1SBgsb/uiGgQsYK7bY5UOOhSEOJPsu7t0sawgdLgbu0IcFLe0cfhAaguF17K4CxfhTVXW0tC2c11eUXeaQWBS5NRggQaTGkNdxyki9qQT3XyhQRx97U0DSSHEUT/cpjZLq1rDTDA0p91w35XcJTHUHC13bY4XVS4OoVygHo7s8KSKCkbCmkUqFbs/dcriaoaVaQu2r8kDmgaJVZ8Q8gr5v2fa8dIpEuI1ypEfBJVkRgBA6z8J7DVC2tDdkWEV1WkPd2iqspbpKukaMmMdIEAks+wSC6htcNbvSArbLI5/8JwYCq0bvdMM9IjpllmK2iLso2wMbzSo/rTRAS/1ZJIspWmBtGpUTW8bQOkY0cf4Wachx1elLZSeT/dGhXIuOyQNBJfOfBKAvsbQuoplGjNgumP8pT3m+VzhZs2hIv3R6EthWLSy0k+ETi1gSjK0cGkaNaDLKAJSHuHdQ2VDp+7VmhpL77Jv+yIrol1uPCW8OaEfdVbQPcXORokDs7KHbR5/KJxqyldxcb9kwhIfxtQDZ5v/AMIbNGlBcbGkKFGd5AGlx+7d0fZAHn2tR3XymDY0Ve0OgeRSDurwhLhe1mKEShJ2hc6ih9QWsgBH5SnO7SUZeO274S3mmpiYBkOwlFxv+UuWYRzxtJADrq/cIoZ2ZEPe0233TgDBr+UJOuK2p7qF6Quf9xvhbZNguAdrhKe2nWNVrlTkZsOIGerI2MHQvysfqX1PiwYL58eRmQY3hpF635TKLYJNLZrEVrdJUs3pxE+yoT9fw2Ysc4ltkv7QOSfwqruu4MjHs/VNjk4p+iD+FRQZOU0a/rDtBHkbQmUd4beyvPSfVeAMZgMzQP2lxOrC8xl/Xr2Pf2N72NNM1uvkp1BifIj6TsmilyytgJ7z217r503/AKg5MmJJQHqPIawXsbWd1762zppmRvc1oYaLR/5RWN2B5UfUhkMk/aQfgFUj1BsubJjNJ7gzuPwvmOH9ZT4k7Z2097WlvaTo2m9a+rB/qb8zEmcJJo2h2q7dbCdYyfyo99m/UOL00zRSyXLFVs8qMr6jhw8ds7j3At721/wV8ol6q7IEj5HmSR5B3zpDmdVyJfsMznR8D4+FRYhPlPpkf1nhPh7zIGCuHa2vMdV+p5+sPacV72Ovt9EG7+V42eYGRrHfb2H9pPJQHJEdnYNapMsaQjyNm636ozenSj0pacaDrNtIvilHVesPyMWGV0znOmlcBEDQaBwf8rzjphYL3F9jfwVWZI9/9W27F+E/Eg5No18vKdG9nbbJe/ucQeUEnUpHB3abLh2uJ3YVGWUmFri63k+fCsdKGP8AqWSZr3OhF3EzZcfAvwnaAh2T1GF0MbY8QY0rGCN9G+8c9xtUXufE+OVwIoW0KXOdPJ+onJaJCR3Af4RdXmiMrHQu7o/SYQ321RWCPjikHTsnPyI3ticCI3tFAO8BZU8rbb2kF45IKv8AUuuz53Qcbp5cfRhdbWDhZLC6RrmAW4e3KyEbXo1RCxnR5cn12+r3CMY9bIPLlWwuzFzGTzASQBwLmHhw9kiLM/S48za75nDto8D3VPIe4SNp1tH9IKzMmX5+qQtmeY3PZjvoWBv3QxZLZDM9rvTBstF/3VHLyDlNLnxRsLzwxtUAAEULWNxJHB1yDQHsPJTLRJsbPPFNAQI3mcnk+y7KwDgRQ95IyDt7B/R7JEGQTIXl2z5PwquRlvmJJeXPJtzidkpgUqs0mEucGhoaL7y8c/hLLjml5Gn1abiy4zMDJfM9/wCoaB+njH7Tf7iflUMrPEsOJFC0x+m0tcfL3E3ZSjtaLc+QyfCiZJIRNtpLjy0cWqfUCzsw5WzGSd7D6gI0yjoBLjuU1X3dt7VnJxch+HhyPr9MGlsdbIJNn5TNVsRbOhhjdiPm2/Ivu7yf2/8AuU3DlY3DZkiV5ymzVDGPArZVB7XYzXC29wHg+4TehZrsLL7mQfqcstLMeM7Aedd1efhZ9BvdFiXIjZgGH1XfqJ5e+UVQYBwfyquN6MUBkla+R5sRgaDh7os3APTuoux8t3qTtcPWa08HyL9/dabpWY3TBlSxtkyn1BE0bbFF7/n2Qqjf9di8+DG6b0Bj4c5s2ZLXqRMYQY7/AKbWO2MSMa4ytj73hlXsDySozCYxCCe5vaXnfufKCGMRPjllZbZB3MDtAi0UqJvbLH6CD08qcPfJjwENaWitni/yqMnUiYTDGezVAtHP5TsjIDMZuM1vLi57759h/CXnTjOnDmQMY1jGs7YhWh5Pyitdmf8AQ3AwX9Rmfj47XPcWEhvkD3Wh1fqjurTQQMaHRYsTMWNreCGXZ/uTtN+m35ML58iOF7Y3QyQunaNAuadWsTElf6DohF2yn+o8t1tB0zJ8dfoUjf8A71ocaoA2RqlL5vUnc8MEbO7QHAWv1bqEGa/p+HiwMa6HGZC99WXyXt1/4WdnNZE10ZAbJGAAGn55PysmzP8Aocxsj3SwMEcL3kPdI7k0Pf5WfgsGTP2PPY3uslvjyjnyoXY8QHcZe2njwPb+VXiiJJDSa5NIraBdG5Jn4vVciFsjG4mMxpDjGNuIGj/Kz44Rk5c8cDuyCFrnknntHhV3MMUjS12j7rW+mcDHknhmmmJjc5zZ4/irH5FoXSHtSdGXC9wmAisRnVE+CrcWU2LClcaLom+nE0+55P8ACd9Vw4OD1p8HTGyDHiY3ukef3PI3/Cy4v95zWaaO4WT+UVT2LVOh0UhjEhAJLwG0Uz1HviL/AEwWM+54rbRdbPyldQyQ7PyHxkNaX67eAKTYomtxy85QqeM90bTuwdAo6MkTjyCHIjkjd2BrXP1og+yjqONFjYuHK2X1Hys7ntr9pvhR0jHGXmyxvJc3sJb72qJmL5h3bDTQHigUH/Rui7hZr48HLx4y0Mmrvsb0fCXG0CWOIHvDjZckyOaP2jtcXEn5C9f9A4gzcfr0jxGW4eA/JIe29CgN/kpW6VhiuTo8u+eW3RE21z7A9z4K7L7YCGHu+1wHtXuUl04mla9oIo2PhBPOZXkudZJslFWK9Fv1ITJH2WWasv8AKKXLY/DjxQ0OLSXGa7Lh4A+AqMc22jwoa4u1VNtathsv4tPDIe+rffwNKJg2OMhw75u4lx+PCqUYXNPca8EK5BiyZcGRMz7jHRcBv7fJRCaYlM3Q2SZA+0Htga00PnSxNQteS0Ek6cTwpuR0TRsxj9o9k3HxzJizS0C0a2UGgiZHsc1r293d5J4/hHjktkBNg9w7fz4RMkibgeg2zK5/e4+CK0AmZTv/ALaEsAbu7rf/AOkqA1QmV808jpZnOfIXfc4nZKsSwudhQyFgDDbW15VJjy7us7PKZGXmOr+0apN0Ya1rI3RteO1v9RHKHsaZy5h+0HVpUkjnSEEeeVMcgBISMY9D0rMxMToOc98RlzJpPSZIf/42+a+SsONz2tkjaAQ8ij7Locp8cL4y4lhd3UfdKbM0AjgoJBlK6GgejOwEtLa8FXJMsSQ4bHuLmxw9hHtslVcUwvfGx7e4udSDLewTPEYpgNBZms79UXNMX7WXdgco8bJMEgcDTgbFpEbu8lNyIwXX+2xYQoIc+U7LkL5P3n2SWgl1EroCzvIeaFc+64Q9zO5nAHCLRrJdRbzfsVwB7bJ/slsaa/nhNIL28Eb18oAWzg+nA+yuQ4oyMOWYvDOz38lUe0CqO0wCRoDeBzSH9jgk1/CuRAens8lVZq4HjygY9waBZRN0WnV2fNpbXkH4KAuIAu6UtdbvZLTGsNx7Xf8AspbJY3pLJvdomkdu9LBGCQuZz8ImPLWEXyq5dega2msY4D7kQdh9xdybKhrndpdWrpLslxCZGx0j+weyASe7W0Qc4D3FIezsdSG7J+EDIbFM5rqTfVLnGzSQ37oy7ghdzwVjDGzEO/8AKY7IN0TpJLaYCPyhuiEOhh4yCHA8I25ZcfwqjtnRUEkEV/hazGm2cV/Cn1ATpZofXHKYJXXyms1Gj3UFxfVeFQbkuPhEJyShZqLgLT5XF1aVT169wo9Qk8o2FovCUcWibI0avlUO8nd/wp9QmtoAWi64hCX70qxmso2ygrGH+psBH3AjlID78qQ4AUmMM7q82pD68pPfQ8/yh79IWEsxzUeSfynCYa0s71DYRevsAFJYTWYQRtd2+VmMyywgbpW4c4aDuU4vseBwiKFs7HcEI+4HghKg+j+gEvaRYVKYa4H5V90JIAaDSg4jneD/ACF8w+6Pu60qMd7Q3ndpMkd8AraOCPOkmTGY0+5RRNxMVzCUt0RAWmYQCR4SZIQOEyYjVGeWWFBbq6/KtPiA+FUneGAqvZNsB89WLSHZJ4vfykTSdxSHE0TdrUI5MsunNhSJr8qqHkCvBUtJJTATLjXkpjJN7VRrqNp8Q7thTeimh/cTxyjLjpvlBG0k7CZqNtn+FjWC5/2kEUqr8juJAS5pi9xSCTaokSbGPkc7yl+eSg7iDsKA/e0aEsbYQuQ/1Da4n3KwLCArldQI5SjO2jeiluyWAX3DXympgbGUQ4m9KDr4Q+oCzuHCrZHU4cdlvkDSPdFRbFuuy4eB8pTX81uivOdR+tMbFa5rXB5B8Ko367xGMc4vHdWh7lUWNiPJFez14dzaEuHJOl4w/wDUjFDntEZI8H3SR9dR5LuxrRH9tkuOvwmWMm8iPbiRr+CEqaYRscSDrf4XzzqH/UF0U7DA3s7RRF33fKF3/UbIy4X1CA3tokJli2I8qPoLMyFxoyN9+UT5h2kiq918bm6hlQiOd3qxxTbY5xI7gtJ//UMHEjjaxzp2a7r0E3xE/mR9Ra7/AG7J+33WbL17CY90bshoe00Wn3Xy/M+tOovjf2y217e0geLWDD1OTHeKcXO8/KosVdiyzr0fV+s/UGHKyD05WyyNkB7RyEf011qKbHma6VgDXkjuO18on606YECOnn+ocKo3InjcSZCGnwPKbgiTzn0z6i+tYYshrcRxcWO5HH91mt+v3NmfLL95LA0BvheMyp4nYre2xKT/AIVNsIbFI90psAU2uU6gkK8re0er6r9WPy8F8Uh7pTtrh4XmcjqD2scbcLHAOlUfFL2te8FrXGha7IyWO9KNjQ3tFEnyrKKRFycgout5DRE0OJaw9zWnwU2TOlyZnSSvL3u5J2qM4YJSIxbQOUbXkxuPJHhHRO2TJLUhs/bSF8gEbiSum7BAx7gQAbd27Spm2I2mFzYSA4vP9X/stSNtgx5DonhzTsEEH2Kuf7eVlM9WUEPJdJIdKljQvzXyCCIkN+7tB2B/5Sw6vBG6Np1SB2OBZHG9zRZJqvhTK12V3yWAGCyfdTA04zjJPEWsLCWiQUHfhV4ur5B6fNhRws7MinGR4ot/CArFsee3uILW3QJXNyDQIcRR1uim9Oyj0+CUyxtyA9rmAuFtB9/8qg93pOd3Y5ke9v2uIrtHuEULTLT5AT3kguHk+Sl/qY55e0gucRdga/CVjY8mS8gCvk6VuTNZ07o7sSNsT5ZZO90oFvaBqrQDeioyTve8VXdwPIQS5JxsmRje1zu3sOrr/wCVVY9zHdwNFAwPklHY23E1pOLyLUrXRxRuL/37AHhHjytZG5xaHb4Pn4SZK/SH1nH1GSBre1poit2fCPFlxzKWTuLYS0kAbPd4RBdvRZ6n1iTqkUDXRxQMxohG1kYq98n5VIf+mH0Pu+2yPhPfjQyQSPa7te3dO4pZ0gfOQ1j3S9os+K91qM7LnU8+R3o45AayJv2gcgoYwenyuEgLpu0Gmn9riNWk9JyB0/MjyvQZkOhcH+nKLafyr/Ueqf63I/KfiY2K/wBRz3vi13WNCkOmJpoph/Z6rpR93bd/9xVbuIpvaS/kAq+J5MpoEcYkkaKjbXCu/UOLD0SB+JLEZOpiRrpck6bGC2+wD/yi3sar2YUONJkB/pgvkaC5zfYDygix8h7JQbb2ssh3havTuky5mQBixyGJ0f8AuEuDO6+RZQdZ647LbBgNhZDHCe17m/vkcNfcf4CPeideytC5mc/AgbA2NsZDHyX++zyf4VXqeJ6WVI6ID0HPd2kHwDQtLd3g9gJq7oc2nZ4njEeL6gfC37xXuebRo16FRMlMQmqo2u7Q8mvu5/4QjLZizueIhIA8OafCdBgT5XT8jIiFwYrWmdxJ+1zjTQkQPkw5G/YC533NsWChdmosZODLBmSxktMjB3PA/pvdfwrnRMiTpc7OoW0GNpawSi2gkVppVTEYZ8y5ZnNBcfVfyTfNlX+tfTuS8RT94yoAD6coIADB7jwg9mpraMvGwXZ2XD6kgihkd987/wBrRyT8rTnzo+hiaPCcMjteW488jR3NNbkH/hYhm9GMxABrTsAIh95aWtc+h+4irWr0a6Ro430/k9QyRFGDNNIPUdKXfbVWbcVV6jkTwz/o5m+g2IhjmNHFeU6HPni6R+m9QMxJZ/UlAP3a0siaR0+USZDK5xALibJRA30bnRuh5z2wdSgggz4gT/suPFCySDyB/wCFnz5hzMszZTvUPIrQA+B4C9tmf6bi/RuHhYweeqNx5ZZpDd9vd9oFcCtr5tkMdE/tdt1ApYu9jT+iOmkMjifHgBRiySxyExOLHuHbfwtXpnT4WSNmzGSS4wj9RwgPN8WfCd1fGx2twsjpoawSBznRN25jm83f901p6I8Wtmvh9Y9SToPTMbte2F4fKR/W4jYr+V5tzG4k2b3y/eJCA0cu+7/hXWYbcHo8HUI5WsyMh5YGk/cGCthY2fO3Jzppf2g7ATJJBk77DgmOLmSTB47m/c2/KPChd1PMMc0wh7wXmR/FKk8/foV+QreXkHPypJGtDI2sAAH9IApEVf2TkhjceONtFzXO3VEi1GG6n1T3d/29reSp6hjyY+TGJH95kjZICDejwEvL6g9+b+oc0Nc7/t1tboPbDmxsiHKdBI2pG/cWXoDkr2P0f9KN6zjRZhzcfDxZHuhkje+5C4boDxfuvFYjz67pJGlzXNNgmi7XurGJkOwuypiQadd7+QpyTrQ0HFPZZ6plwjFyA1rXyzT2H2SWsHhZeNG904awi3e5pen+perxfUOH05seKzGhwofTc6MAd57jRXnsfGezvllY5j2AOYK/sjF6NJKyziYEuVj5JgZ6koafUbW2tH9QWbGJHyRsa2zegFYxuo5MWXLLFKWSzAtLx5B5SZLxsumy95YQe9vBKYRm1gYz8bpsWfEGmSR74K7rId8j8LGyIH4kr45BUjSQ4HwVpdM6ocDIinYxsjmTiUsdsEDe/wCU3rs0XU83NyXRiCWWT1e0GwL5pa6He0ZjCGM7qBcRQJ8L1/07M/pf0B9Qzgdo6hPDgCQeWt+9wH+F4dodKQxgLjfAXsetHIwvof6b6a4tuV02d2fLz2i/4CSf4UxatnmsmJmHkMZ+4lgLvgnwqzYXvOmnZIF+StDPxg7JgibM2Z8jQ4ycAlJfN2CNrrAjOqTroi7sWI4WxMBJbMNPvgFTM2KE9jJPW3+4cJczw7Ie9oprtpccvZKHEdwB4QCM9UvaGONNu6rhbuJEOmdEOVQkbkyiNteKFlYM03qBzqDeTQ8D2W9K2QdLw8f0+2KKISPdfL3m9j8BZ2FbKPUbxHtMYLYpGgt1zraQ5sIxGlszjI6+9g4CDNy3ZEl2Q3hrL038JOO5g7wSBYsX7rPYC9kCDHkH6RzpY+1tOeKIPlRlyS58RmoAgV2tHgKkZqNDa79ZJ9oDjTRQ+AsBvZAD2g6To2yGEv4aTX8rR6T0uPrBbE3MjhmcD/6ugD+VQnidjSGMuD2tPLeCl7KerBcCHGtkhQ8ANofuG11uZIXltXwELCTbuSOLWaB2hnpkYweSO4uoN8qI2g8N73HgIfUc6v8AgJv3QSB7HbA5CzCC2oJGSeWm690Mjy9xI13G0t7u5xKsYzGvjmFffVtrwUrQy/sX6b4QHEEWLGlbewtxx+o7mSD/ANJpHjzav5r439QxYwAI2BjSBx8pv1i5snWpmtd3MjNM1WqSth46MEir91IJGhpAX790UjwXDXbpOhGT3lWX5TpY42FoAjGiPP5SsaKOZ5EkojAbdn3UGEte1rXWSeQlfYbDle0HQ1XKKOT1jT3BlDRISJ2GF5aXXXKs4mJHk4WVJJKGPirsaf6ko12xT7DnAGxeioY3uIFqYmU+nOBHwgJ++m8LBNaGODH6fKJWiSaSixwP7AqkLoWTEyk9hFaFqu5xAG+FHqd3hEw50baPbZAPKW5+gPZG2eoy3wUl7qclDeixgTsgy43yRh7Wmy0nlW8jIjl9RwHb3OsAeFmNcnyQujawlzT3C6CPswQcALGymRZJYdaJ5pVw0jXJUkFhIIo+yIxbklje0Fu3+VXdQOkBAFG691wIcfnxaXQNnCQhtXpEyXeyhlGgAEtoNoUAs+o4eUTX3xsquTu/CJpIb7oNWONPIpdxpKY73U91/KIgYdpcHElLv2RMJWG7GX8qQ8e6WTYXAVwtQbHl/FLmuspQJARMJpCwjC7+yJslDhJ8qbWRrGdw8qQb34SvU2oBJKNmLIfXmyp7z7lIDjSkOo2jYRxkIFLrOknvJ8aRd3yk7NYy/wCyhzqcl2DSm7pZINhXRFou6iNlLOuOPlQDRWMWROSTs2odkO47ikl2jWtJZJ8lZGbP6bOyo4xWtKtkZv2mtLJZkOe3yuc8kb0vnOOz7mMtIY/ML3Gif4QOlN3dquSGmydJb8pjTVpkmI3Rac8FpVaWQBKkzGtFdwVV+WHWLTcRG7GTS6JWZkPJPKsl5d5SXsu0UqIyZnSu5PlAXe5T5YjfCWMck+6ck0Q3dImg91hEIS0izpMkdHA0G0asAUUJcbPCssa2I2s3J61BhsJe8ABYHUfrrHhd2xvD/FjwsoOTM5pez18mW1jSAVVkze7Vn+V4XI+tDMXlvBOq8D4R4X1M18v+5IRXunWJifKmezLxdoSWrzk/1TCIyGuBI4s8qs/6rgaK7m93kWssTB8sUenc8AbICWZmgHa8ZmfWrYxTXALFyvrx4J7CFVYWybzJH0ebqEULL7x3XXKxOpfWOPigtYQ56+a9R+q8nKlsmh4CyZeozOe4l5IJBpWjho55Zmz3uX9Z5XeHMeGt/wC0HRWZm/Vc2U0F0pHwCvHvyny6LrSHTubo2VVY0iDys9/g/wDUGTHiELz3NANFx8rz+d9VT5D3l0hD7IFeywIJAXnuuqSXhx3XlNwQkskmizJnucSbN/JUfqXvI+48hU3D7kTnlrdKiiS5P2XmPp4oFxPgIhO6WR1ymL0hbe3yUvA6p+lnLg1riR2/cLoKnnZZyJu4hrT7N0EtDWw2yF5JeS4k3tWP9SOJC6Jjf3VdhUsaVjJo3yNLmtNke6id5yMmR4aQHOJArhPSonyZqdQ6x1HrGFDE+pGYzT2u8hv5WOHuaN80rjcx0EJhbbQdO8KtlPbLIfTAa2gAB/lCjNgMnef3O0jhc1j3vd7aSYYDJI1jiWi6J9kWSBFkGFrraDXcU9aEQb3FjmuIO90pc/1RYNkKtlOdFklnqep26Dkv1vTstJa4617IpAY2WUuku/48BXsPCmz2SysaPQiI77O6+Ash8hjonyg9Y+Hlvw0paoNo08rLnne2KQ6iFMHFgpOKyASn9Q4gAH9vN+FnumcTYcT7Epj8CdmHHl/uje4t0eD8o0Bv8LUGY7AnE0JAlDiGWLr5QyMfizTCZ3+7ZJBN87RYPTpepF5jIaWtLh3fCHquA7pkEMOTEW5TwHhwOu1NQNlg9QGT07Hxe5jGMuRzyNk61/hdi9VzJcDLwmPYIxGb7iBYsf8Asq3SpYMcZAnDPTkjLA52y38fKz2CJvS5nFvfMS1jSXftH48rJB5Cm5j4njsIDmnRRY+Y+KXuJ73B3cS43tVIoSPutb8WX0fDdhZMUEz8lrCJ2yOHYTXITJCWTP1c9TyocnMec2VjSxsTtNA4ACys+J2MZBK4slB2zgt+E/p/Vz0uZ00MTHS0e17h+0nyFnuyjPkGScmRzndzifKCQrdF+PKkd06CB7wMUvL682PdXZMpkMDZjiublyN7YzJ+30h5/usaR8LHB5ZZdtrb0AuzOoGYAzSOIDexlf0j/wDaagcwut5ERznege2Ptb9oPBrYVGSWN0bAGkSA/c6+QodARFG6+4Vt1VastkhhwXF8Qc7ub9/n8fyiKnZUnlrtoa9kbMgucO0FpqgG8pb5v1eY0iNsbXuAA8BW4ZYujzyudU8hDmRlv7Qfdb2AXlxZGBixulY+FuQCYw8fuHv/AIVCGTtdvhWfUn6i+CKR75Hh3a0uJIDfYKu0t7gasII1F7CwXdVzI4GPLO7yT4+UUWPLJNMGOtzSI2tbwQndOyn4bJ5GtAbLGYSfIv2VWLPEeI/DbG0B7gZJSdkDxfhGmHQpjmQS9vd3NGj8re6b03Gf0frHUnP7YoGMjjjf+4vdyQsKCD1HkRt7j43wFqz9Jmyuos6ZjyDIkLLe2AktGrJP4Wegx3pGTI/J6ayOQsfGJmn05CKDh5IPlNdmx5mS7M6nK7IdTeyJvL69z4FJ/X+tS9VyMSGWR0seBCMeFhA7QB4Cr9Q6tJ1WGGOXFigdCe0ekztJaeBXst2Doo9Q6lJkPc7/ANNhOo2EhoHsEGM92Q63OIcHd4eTsfhDLAfVbFVmzpbfRMDH6fIzqOb6b8aOTsZAXbkdV8ewRk0kIk3Kyz13qEfUMjHlxscQZOTC1uSC3RcNdw/IokrOycbGlwnTun7Zo+1jmH+p3uPYAf8AK7P65EIX+h3SZ2RITPKRoNv7WN9gs3pjmv6kyXOaZMZp7nxg13/CCsZtXQ7M6mz9FHhwM9INJdM5rj/unxf4TertIfiva9oLYGAfk7VDqMsc+dJJGwRNd93YPCiEuyHBoIFaFp+IjlRsQZ2TkYUXS4hD2zTNfYH3Od8nwFfj6S/6hypOmx5LWnGY42/7RI5vLQfZZeG7HxciFzo6e1w73A0T8KpJmxGXILnODAX0W+SfZI0x09AZcAEOPkPljc6W2+k3lgGr/wAJ2LPjMw5A/ufIWnX/AGVwQsj1qeNCuAtKXpnp9Ow8j1PvyHuBjHLQDQJTUSu2UIoZ5wHU8RkX3EHtP491f6dJD0zMa+aMPc0E3V+PZXX50kcMDpMoDHxR24+PdkHya9isbqvUpupZc2TM1rXyHYaKATL8B1s9R9L/AFL/APT8mdnuZFM58DomtnFij4XmsmV3U+qmV7Gx+rIHuawU1oJ2B8UqLMglvaTYWv0LpcvWDJ6f+20aMjhoJaS2HnKdId1/OxmdSnh6cDBgua1vbfIA5P8AKyZs+R+OI26ZZFj/ACgzWlsroXUXMNFw5URsJYGNF+e0eVkqFk3dFjDxJuqSRQRkd112k0Gt8m1QkjAkcO7uYCRY8rXmEeB0nFLJaypS98jANsbwAVkvLSWh37QKNI2BpFrHe7q/U42G3PmkZC2vmgFofVODF0LqWX0/FcZI4ndj5D5cPlD0NmP07Ex+pMnAzm5JLG1qNrRpxP5Wdk5MubkTufIZJZn25x3ZvZWVtjqlGvZfx8fD/wBLkycueU5naP08LRoj/wDIlI6blQ4sWV6+OJXPj7GFw20+4TuoZf6nqzSYY+wBobB/SABwqeZkTZc7nSDgBtAUGgcBH/Sdr0VnPptDgBL9UvoDgeVMzWtYaJ7r/wAKcKSNkwDtgrdAXZt5AEP07gEH/wBT1ifmnClv/VuAYOl9IwIC0SvwY35Tn67ZLvn2ohedJd1LqGDhtADQ9sYAHu4K/wD9QpMlv1HlRZDS303lrA7R7BoJemWXTZgZMboIWtMgfHE4tBadX5pVYopJWvmIPZ3V3fKl0nqgMoVdhWSxzen9vf8AYZbDQN8bTkWr6Ax5hHBLHe3nn49k3CHq5Q7nC6oF/CV1XAd0nqL8Z7u57QCSONi1c6XDCycGZ5DDE6RzgLI1oD5tAZJ9MdNgP6TigBzDPPI7tkBFFo1o/wDlaX1c52dnY+LjFr240DIWObwQG2f8rPhmglwssSNb3xw9sHd4N/8AKzY+oyRBoDqr+4S8W9jXS0TiN9aYCfub2giq2CugyzBlxSFgk7SHdrtg/lRj5cgynSfvc++d3aLJwp8HIbHPA+FzgO0PFWD7I2JG2BlSGaR8gZ2te7VDSXJB6Tm/e1xIB0br8rZ67hxYGNhxxSOkcWudIDwDdaSMLMxJcB2LLjD1eWzMH337LDNejOyISzI9Jj/UJPaaFbPgLYyOqvyXTNrs+1sfYR+3tFLPwTGz9XDLGHTUDGXaLCDevlVwSAXOJ7nbPyjVg6CmYARRtC2AdvqF9OHghHjNkkyWCMNLr13mgtTqmDFFhtnOdFPO406GJtBqC0bszsRkZZIXi3kU0Dx8qu5tGl2PJTiytnWkcwayUgA9vs7lbZkiIG08UAR7KzkT+pZJ34vwFTLu17eQD7JxDHRiiS7yEGmMmR6ncPf5VjpsohyHSujjlY0EFsnzrSp9tMu9qYHNbM1zmhwBstPn4RBaLmTA2ItkiP8AtvFht2R8Lsd/fG5hq3OAutpWQ5k0r3RN9NnhnshjPpxP3TidJGgpj+o9PdguYCb72hwraLp0Z7XO4cN0ktzHemGOPcBvYTBI30A9rvvstcz/AMosYFuU+KVsjXfc02CpkyzPIXOFF21XID+NKxKQIY26Ba3f5QS9mtigWl/3cIpux7z2E0k6OyOEYOrra1IN2NwOz9bEJNtJN/20i73RTX/UHE7SG33gtqx5ViJpmc7juAs2lYV0RkTtmc53knekhpo82nCON0T7dT/ASHNo/CwLD7yaA2mMjc2RnqaDhYSGDtN2nmV8wbZsMbXCweyJCQ/WwuD/AOFBI97UNaX64QNdBuJ5BtSwdzbKWSSKqlwJHHCIbsaDXC5sznSAd3b7EpfcPwoDv5WoYtyAh9kdp9ksvNoGuLzs2fcojXhEUnv+3a5rt2h+V3eQCPCQZjGvXDZ9kkHaa09w4S0ENpC7xYCX3e/CNpJr2TUEhz7Utf2oAPuFnXyuLiNLUEaHXwpD6Q0fHK5pvwgAJptFdJIscFT3W3hYw71h28bpcH+CVXDvlSH8IAssEnWlI0g7uFwNlOEKvNqN3tcX92v8rgf8JKDYQJpSCeKQBx9lPdQshYWye/Snv2hoAfwuaO7VrGvYwH5Uh1HW/wAJR1elINjfKNBHepZ4CAuQn4UA3o8pRxgdrhCTvSHgKO7yCERbP3x/9UY8J+6QClRzvr3Ggaad/lfDpeuzPsmQ7VOTqkzuXHfyvNWBH0EvJdH2fJ/6hMBIG/Y2s1/1y6R991D8r5S3Pd5cf7o2dRN6cQn+JIR+Qz6k760c4gA2Pkq5jfVjXcmz5XyIdTe11hxVuHrUrQD3/wAFB4kMs59ii+pYnjbgF0n1NA0fvA/lfID9Qyf99KvL1yWTXefyFlhQ7zn1nJ+r8eNoIkaT8lZ8/wBdtYw9pbQ82vlz898mzIbVWXIeXUHEhN8SRN52fQsr/qMbd2uNrCzfr3JyC+id+LXmSHOGhZKUWFn7gWnxadQX4QeSTNOTrGRkA98hNpbZiGF9nSzxJyLQyZjgAwcKiSRNyZpt6iWC7Tz15xj7df2Xn5Jz5QCYn/2RpCuTNmfq0zmkNcQFT9XIyAXCzXJtVBI6q4TGuc8hoeWA8j3TUhbbGuklMXcX/bxspHcDsm0YxwHFzyaHsUp7mtPPCFAs6UjXagdY5HKH1g46QmX7hWymozYemEG0Mj2v/bsrsmIxwh98pET7oUmoUdFjuBBPld+qbHIRQdXumh4kxXnfeB9v5VDDYJckMkcG2SSShQbRZnhEjHZDSGi/2gKs09xIdwinmjime1rg5oFBUg50slN5PATEWxz39kmjan0e5wcbQTMEAj73AvcLIHhLfmm2hpoeSm7FsvNDYtyD7aSYskNksaCrTZhfTe66VZ0pdrhag2XJ5u947eAg9dzRQ0DzpJEkYa0NB772VEvdG8tNb3wghSyJywAhVZMh0khJOykulLNeEAlshMKPc913dq30/p+R1AudEzuDAXOd7BUmgvaXDdL0f03nxQYvUYZZvQbJjuo1/wCULYYpPswn1PE6cCo2u4JSMrIx/XLovtjI/ZzRVRgke1zQ4iO9fKuYXSmTPeXvAjjb3u9zrhEVlX9VbwGg78JzRK8gtaf4QjMEYiMMX3xkkmuUYM7McTd7RE5/bVbBRYUy1BlzYD4pLLRf90vrHV5epTmedwkmIDe4CtD4VPqeaZnNABAa0AWqsf3bcVuwX6H9zpWGtnwEcUsWDMXTRiV7KqM/t/lVDKWv7WgknWlGZjyxS9shpxANLUT5AuynEkf4Vv0XyxNkjie6Ju5H1oJeH090rHOLdNHcTxpWIOsTYmHPhNoRyuDj/CwW9i/SYJnskJa1o3QS+n4Z6jnmKMHtIJB/hDI7t75Cb9U7FrmzSYLgBbXOaCC12yCmaETsqW+Q04lpGt+Fo9Y6bHDjx5EQMcbu1vpyG3l3k/jhVspv6WZndI18h+4hv9KrZE8mZMC55IoDZ4AWBaTH+sZI2NLgGt8ALpgHYwB0O6/8KkHdju0An8LSYwQh/qOtzKIA2CfYo7MnZRcY240hBp7SK+Qm9MwZc6djpD6UA2ZHe3wr+JlQRuMhxWSvdKHOJ4DaqgEyCLIy45p3uLIYLcfA50AgFL2b31Rm9KZ0Hp+Dg4TopI5nerlO5kHvXgbXk8mOKWWSSJwMQ1fH+FHU+pnqkkfcXNjYAAPb5VFsx7HxsFkmrWiq7GlK9UWMnJa2Fp7rrQBVK3Xoci9rRi6V+mlx35IE4c3v9Fjt14tB1rM9fMbKGNiYGBgawaACf2I9oq48bpn9pc5gIOwvZ/Sn1Xi/QrM3tiZLlT4j4w+77XHWl5HHc+Zh9Fjn9oJNC6+VXbE2SbvkBcyr0aJSOFjRlx2jS+mceLP6xEzJkEUMhcTK7hh3s+6tdTyMTprPTgc3MzASDOW0ABxQWRG9/qdsFsZ7u2aW31vpXT+n9D6fmt9SSbLLg4vNkFv4W6YW7TMzDlPfLLNH3yys7WuJoD5TOnOY/qzIXsDg8+mb2G/j5WS3J7TZJI8Arf6Zg5GFj/6g/DcA8j0pZdNHuQPKLdE4/ZGJjQDHy5PUBL2O/wBuOrL3XoJzYnS9SrLuJpeBIa7a3sL32Bk/TnRctseZjSSSyytmfkij6Q9wPjn+F4n6jzYcjLmhxC+XHikeTPJ+54J04qak5Oh5QUVaZX66/FyOrzfpBUPcWxt5+0aB/lVosOVmO+Vzg1rXBoHlxK6Ax+m1kdBzAXPkJ2fgKJuohojbG0hzdklV30Rf6XmSxZTn47GPeXC7DeCAsN2pSWnuaPNaVzE6q/p7XPhNTOBaT8HlU2zer2Y7dMB9uSfKZaM3oEdoNv59lcxskwSvLo2veWEAv3WkOXGyHHxmmPtmb3GW/JvQ/gJjBjwYsGS9/dkOkNxEftaOD/KD2tCrT2bPUenQfTeP0+aOdmZnzwCR7JG9zYy4UG15IXlZy8khxtx2StBuM7PbLmZeU3GJHfHGRZfvgeyoZM0RJbGXPF33PFElBaWzS29CRA8Rd/8ATfb8r0GBnPxOg50GPkyRhxY7taas3tK/0dmH0R+VnF8cruw40IH/AKgPLr+FmQPIjcGnRGwmqwpuOhGY8tmd23pXeilkmbjvlJEReA74Hkpfos9F8xcA79vY7knz/CJhfFiuDS2iaJrgIWKv0qZcpkmkeAQ3uIq/CFjg5wvhX5ukBnQW9QE7XF05iMQGxQu0iLED4DKQSGkXXj8opIDuwpZjHjTNZr1Ghv8ACjomDL1DObFHpwaZCbqgBZKTK7ujsD7SaBVjBm/0wzucHtmdCY+06oH/AOERe3sQ2UnIDmmvu5Xqvp1mV9QZeZhQRRv743ZDi5ux2D38WvL40Rlge4D+sAHyvX/QPTuo4/WJooHtxZ8uF0LTLy4D7nCvmqSS6spjX2o8TkteHO7m1Roj2Psq7AQ8ePZex+rMuTO6bjOEUEXpyPbIIvtN2TsfyvKx0HdxFhNHaNL6ujR6NluwsyLJOnRvDmuPuFq/VfUpvqjqmHkZkjYgcdsRkAu+29/k2vP4+O7KGSWvDXRM7w0jn4WtkZTJOn40sTWtliaY3t8kHyg1uwqX1pme3pHr5UjcQvyWRiyCO13twrGPhtl6dLYMeRC+6IP3tIrX4Kz48p0WUXhxYSKsFep+mJ2Buaclr3zxxu7O7XaK5IWewwVlD6tmxZ5YZY2PGUWgTFzrGgAKWLizNZHIHD7tdp8KMqd00hJPdsi0hrjZHknhGJOcrZbyZGucPR03tAcflVTE4m+B5Kn1yI3MrypfK4QhnIKN+jdlnAynwkgOoAgjXlb7/qebqUQjygyRjHN+4t+4V8rzMj2wS0w2K5TTLE3CaYyQ8uJffBHhK4jRnx0Wc/IMst3bQ0UqnT8x2BmR5Eb+2WN3c01wUDZPUZZJBSR9sgIqlkqM3uzSxeoeh1T9VJGMhzu4kEck+UvJiLHNJIo717KMdjO0SSkhncBrmvKPqL2+q70u50LB2tL+SPdHoF6Ahhc8SytI7IwCRe1AyAWgePYoIcoNjkaf6xX4SozZOqCBrpBF9SepGAPZG+Yzx27b/cpfeP2A1ZHK9P17oeN0PEiGPIzJdJCDI8eCVrGS5Kzy5tzQCNhOjaQSD4F6SX211DhNbk1H2UL57vK1/oKOke2tA2OUAJIOkDnHu9wrzmY7sCKWN3+613bJGdkjwUUBoqNe5uiiMl75USuY93dGKbQRROZ2OaWkucRXwkqzaLvTsVuVDM7Qcyjbj4Vd+yGsbR8pQkdG7taTvmlDcinm/wBwRHscPtko8hHK+yb9lVdI5zrRfc8EgbQ7NYwAu+0D5QuBuuF0Dy19nVI3PtpFWT5SsK7AZQPO1bgna0loae52u69BUBs60jbJ2uBRNdF2OJj2zFzj3AfafcpEkg4qj7WmYMT8rKbG3yCdoRiSzl5az9uylRqEl1lGycsJryKKUeXG6o0o1ygFdjHOo+UYkDSP+UphDzXlS4AGuCn7MxgfbgeRSjuJcaCiNvJBUB2z4KFGTC242SB8I2xB7g1o2l92lLXlh7vKUeyxM1vc0MFUKQFrm8/5QNl++zzac/IE0dOoEcFYzZ0ULpj9o/ul+4XR5D4zraNjmvdZ8+FgJ2CARrymB1CqRBweCAADxZHC50DQ0uv+ERxYeCa91N15Q+nQJFaUUb9kDBtcd/lH30VHa3tQEG1l+GsaZTS4usICxwGr2hshZII0Uoc6iENqC7axgiB7rv2qC6yiHCFACu1xdZS7Uh326CwSe4+6IOopYNonVdIUYb3jSaHit+EgHQ8FQZCdLUGxwfpQHBujyk+pXCknuO1hbH+pY8KO+/FJP7bUF5BryjQ1jvUHupHPuq/B8og4gpKDY7uAS3voDW1Af9yglPQh9jklBOuEPqH+EJABKDZPChR6VhmazwubP2mq2lA0oOzaFGse6Ut3YI9kQyT2qqQaPkrgbAH+VqNY/wBQuN3Snv42khMYWt5KNGsdHb03tDRtVP1TY3a0UE2Vrnn2Wo1lxzj2cpTtR3sqn+r+3m0RySWkXpNRuQXr8qO7uI0ktDnnYICe1rGbJ4QYtgmPu2RalrAyiRtSM2Nh4ulVyM0OcSNAnQ9kUhbLD8kceEp2YBwf7LPflDuPKAzBwG9oqP6Dkabc073d+6rzZQJICqtlBrwkSvPqEg6K1V0Buy3HkdponSax9OG7Wb6tohklo54WSsROj1OK2DKwMlkpohoIK8+cgwuIVU5z/wDu0kvmLh8+6egNl8dSc0EDg8qpJkd5JOiVUBJdymMjJIRpAsc127J38p+O705muA7t3vhIbGCbJTIp42PIBpvi0KM2Tkwhs1iQPDh3fhIkFGhsrsmapDRSvX7djZTIxzpdnwVLX7u0lp9WSieTyrDoOyUsuxQ2ERLBc4xtD/FoJsl0xdI6hxwruFgSZcnpxxmV3hreSquR0+WCd0ErS2UEdzb2EBmnRUdN3nZ/CNh2lZELon1tC0vLgAVhLLw6i1sJx2x/eTZfaGXvGMTf2koABjSNkcyyK54JXPefQLy6w9+mArBuiMPGyMyVsMLQXvNCzQWnnQHocE+LOXNzS7tLfFVyu+nOnu6pltjEoxWtHc6VzqACZ9VuzJcuGPJl/UztZ/tkbpvylbdj19bMljw2MAaFEfylQwyTNc67a3dpTZTFKO/+yuY2DmdRa6PEbz9x3wExIbKcZ3SwWNud5tznDx7BVmYrWQOmc/ggFnn8/wCEWLhh4mifIC9ooUmjIhxJI3V6haT9rvKe6NWxOT06WNokdG6JpFgnRPyFn+oyOQk293/5bWh1brOX1zIaXENYz7WsbprWqpFjMdG5z3BpAJs/CAsqTLuHL/tSS5AAhDabH4JI8qvjy48IYJI3Tyuu+z28ABVJpzLjFgJ7b0nQPjxnxSWWEG+7khZGtA5csmDM6OaL05tHtJst8hLilM0wc5xJ9/KqZc8mbnSzPe6QyPLu5x3XhMhkZAWu7vuvhN/ohZihbLlOklNxA0S7kgIM4xyTzPxonRYzSOzuOyPdCyX9RKR/STs2rb+rvf0qbp7Yo+0G/U80EaNS9lEPiaWGJxc882PPwvW/Sv0ti9Sz2Rdby3YGM7kjnjX4XmelztwpfUEYleOO4aHyrM3WXdjpCTJKXX93ASu30NFpbY3rOLB0rPyseNxMcT6BJuwqX+oE40gY9zQTXaDohUJMl+Q6Z8j3PfI6yXGyjx2wyRiMtcHn/wDkvQ/hN6EcregX/ddEAHwmYY/321H6lCw20zK6VJiR4sjrMc7O4E8c1SrlsuOx0rI3Bn7fUI1+LWr8N09lzAwsufqLYI5GCWZpBeTpjflUp8UySysbL6jYzQeeHfhLjynu+yMlu+b2rWWMSHobS17j1B0298NpHo3Y2fOjwsTFgx5LoF0mvJ8LLE5OiSGjWlf+k+jM651iCHKyBi4znhr5XcAI/qjAwekdUyMLCyRlxxPIE7eHJU90FpqPITAbI9IEn3J4Tup5Qm6DBjAl8rch8lew7QP/AAsuGdzTTeSK/urGM+SEnuG/chM9iqWqLJwmdPmh72GR7GNlc0bs80ndU+pM36izBNkzmTtb2MYNNaPYBdi9Vbi9Xj6hM7uAcP8Aa8dtVSzomPychzomffJIexg+TpLXthulSLfV55u3DfJf3Rdpv/8AE6/5VQ4U08WQ5o7Ie1rnvP54C0Z45nYZgyGgT48vaWHxYVfKlObFjwRvMePAzteee53KPXRrMnIljjcWwghg4s7QYzRNM2weRdeyieNsd+TdIsfu7wxg241payXQzOhhx3d7HlzJLLAea+UjAhfNkNDGkuJoflPdgNkzxHLK4Msd5Hj8J+RlwY7jFhgsj4BPJPuiGvYPWomYvVpoWyjIYw13jglLyOj5TcJmZJ29j39gYDbgPcjwED2mSMdrN3s8kpzsnIwi5kj3te5gtl6r2Kb/AAxXymSwsY124z+x3hLgwTI43rV0fKtjCdL0iTNdOwRiURshv7ifJA9lYwI2fppMqanemQxsfdTiff8ACDEqmJ67lZOXLjwSSl8OHEGNb4BPKymktad+P7rZHRs/PxZsxkBGICQZT+2x4WN3WKWQXt2yxgx+rmwmYXFfc4E8hafX8OHp3T4mN7hO+Zzq8Bn9KycZxdK1rbJOqC2PrXHnh6jiNn+1roQ5jbshvhK+xr+rMqKKfMg7IWuc0bLfBWp+gy4J8XpJaPWyCHOEe3EHhpS+mdTGI9r2MDewfaB7+6PpPXJoutO6n3VOwEsJ3/Cz/o0f7MfJYWTPYwH0opCCje1+bNLNI4tBb3tJGnV4CLH9SbIla37nSElw/wCVd6lBHBgwATdz2iuzwE9gqrKLLhgaW67n9wI+Fq9LyskS+qcgtEVOBJ+4m+AsF073dre77W3TR7rZm6g2HpeBDHQlbKXySAbJr3SPYYutoo5+XJLLM6UuLnOJJOrvyUXT4caeLI9buL2stjW8kq7097Os/VMLsunsncGO8AaoFTPhs6bJntZM1zoZ/SbQ/cB5CC1oNX9mU8SaTpuJlOY5ofOwxOvkBLhiyP8ATRkhv+z3ll8WUTcebMgy3Rxl7YmmV3b/AEj3KWch0HTI4ift/dXtacQY18GL1TDliJka0te6/BVvqWe53UcvJa6hO437lYLZT6gcOU8l00g7iB3UAT/5WRr/AACZobKQ13eDu0oOpxW31/pWL0Z0UEcxyckNBle0fY0kXTT5WSxhcSQOAsjNUIe6790QcXtpP/TsbjsnJu39pafC0Ok40GT1aFkuoXOIIRFSKkvS5GdIjznSMp7u1rL+78qrEftojlW8h/Y6SF5+xpIaFRL60sF1eg/23WvyhLt1X9kRNs2nY7v9mSIs+55Ba72WASyT1ICwaF2m4fa/FmbILf200+yUYZMM08EE7op0J9PBc7u+97q7fFIDKig5pjNeUTXkBSYXzSHtaXHnQ8KGObVG7RBQbHNa0uLbJFAq63qDpYjHIbsVtVAw5LBHEwkjlKEEpOmk14CBlaGS7dQSnMeCCNhaHTun/qC/veGFg7i0+fcKuHdtiqB4tZG2Ljic6F8pGmmkMcnbrwmiTvY6McXtQILaXVocrBOaC80xtk+AmNpjWhp7Xm+5x8fCGAiJ1t5S+8g28UEDFxkkcbXF0Ye4irKrODe75KdLI2YAxMcGgVs3tVHRyOdoFCg0NrvbYK08TA9fp0uRDK1zo/8A1I3acPke6y4o3A+48phe6Ajs0b2lf9DJIJzCCb5QWQdr0D+mY83T/wBTDM31Wsb3xO9z7LFzonRynuAF+yNhaoQDaEntBPKHv7dKAe4IULZYgnfCQ8XryrUXUH+m5t/u5VRsp9Etqx5Sw7tPKw1jnHu/+EDnaqtBcXaBCW7Y+U3sVWSDVUnOPeB4KXA2nt7hYvas5kTWyO7DbBwfdTehiICGn3QSAh10lxSem7i1eyyHxMLRRrawaKzQa4XMJ7h5+FHqU3tKkHzSNGux5LZANbSns7DzaCMl8gaOfhNkHYe3mlqGsC6HClr96QEjW6UDlBqgIc2Y9wHA5RulJdsquz7jtMa0Dk7QCnY9ru4IXto0EAe1ra8qWSAtN8+6wbID0bX62ldw7aUN5WMPE5HsVLZA82dJJaC2yVwTDIfQ/Kh2h+Ulr+20ZkvSUHQ2NvbyjseBaQ2QjaYyWkasNkPabsqCdJzqc1V3AgpTBgg0jaASVXD+1E1+zvlPQGMLaK5rTV+EBcTSnuIpJQbJOlAceDamrCAmvwiZBB182p7kHwVBdQ4WMMDtfCjuP8IAVNkLBDaaKhzjRo0oH5XWmoRvR9oMYoEnaWWUNEpL8sDg2Uo5rg78rn7PTtdDnMPdSivlLM4OyaSXZGyAgK2WHSAJZNm7pVvXs87XCW6AH8rUK5IseoQatQJjfKUXJQc4yELAssOkI34S3uvyUNd3m0+OWKIAuYH17pqCVmvJdQ5TQXMGwQPkJ7spsjg5w4GvhU5sh0kn2nSJrssHJLtDST3PIJJVWeVsclNN15SH5j36vSekLyL7MkRSBx2RsKtkT98hKpulN7NqO8kFAXkM9QE7O13eBvykgGw7lGHAc8/CNAsY17nkUPKXN3sko6Utl7fhBK/vdfKxmwmk78oHOtuj5QmQjXhSGEi6RQtnNtxA4THR9jdlNx54sdzXEW8KvmZHqTFw4PhAILjRRsm7CNWqhcTxwrEEJkcBRI903Ytj5Wu7GkbBVd9gI8mT0JC2M21VTIX/AIQAxhJcb91IADT3Hfslfc0jQr/KcxgO3bWMMgxZZw6SNttbyQrIg/TxevM6y/Xb5VjJyX9DxDHjuAdkMBcTvap9I6bL1nI9Jz6JHJNAI9m0Oi6pPik/p5DG13PaaVnBzseB75J2+q9zdA+6yH4szMiWOMFzY3FpKSJHDubVvPzwtQbG9Uyf1GT3tHa3wAqhymsaP+8FE6Jxa8v12t7uVmPcS80UxOzQkzPXIv8AcNaTYWhxBJulmMeWnhXoWOl7Q3ROrKAIy2bfTnRtkaHtL2XfaPKLqnXpmdZmmh+13YYx3jbQQBSnpn031SaSMwFj3u/Y29kqtm9Fy+n5DzmxFst+Ulqy75UI/wBPc+B2dJTYQadXgpbs2TFeYGntieLJ8kK7n4n6L6eY98ze7JkH+2HXx/8AtZWU+KdrXlxEjY+wAcUnWyL0BDPK6R3bogHaTC50kjjIaC0OkYrWxGXJJEY5o7+FmTy3KXNbTTwAnF/su4UkeNlNfKPUh/qYNE/yn9Qx8YvLoS6OF5AIJvsCr9NxJM53YKYy/ue7QAWpn5uB0vpMmIysjMmkBLqprGj2+UnsNJqzH6oI4sn/AGY3MxyPsc8V3e5Vd5dOzQPa3ko+o9Sk6j6JlcO2JnY0NFUFQfM4GgabwmoRl3GghEzRK4BnmuUGZDjuleyDudv7XFVW5FHe1aw2y5OQ2OFhlkcaDQLQ2YGWAY+MPvIkJ/aFXDgAd8q/1rHODOIHuEk7Bcnbw34WdAXTP9NjO5xOq5Tp0ib2x0GR6YcAA55FC1wa6Rjmdp7xs3/dew6J9NRdG6HN1zqETXywuAhx38P/ACsHp+LN1abMkYBFCA6aWX/tb7AJVKyvClswnSANHabschHFL6YsnfwkTy9+oYu2IcEmyQmOjaI4QGuEjv3F3n5R7RJmhF1SafHjhlf3RRkljT4Kq5OXPkRtjL3tx2E9kd/aFqdFy8HpuPK+fGbkzvb2t7+GfKy87MfkdkEQABcXWBsn2WQX0VGyhgoc2tHpPTW9RfNJMSyOKMv7j5VB+K2KRg7xLqyQNfhbXTej5fV8OZ2Mahx2mSY1pjANlaT0GKspdVnditjjiNRvZZ7f/KyXvc6iQfyjMhe4FxOzpamN02Tq2f6Ujo42siJb6Q0aF1+ULSA7lop9LxTlZTRI4xwg253wPCd1jMdkZBlbC2CF2o2N1oatXfp/BGbPI6TWPGxz378UsjIkORkC3EtGm/hZBaqI/BxYpMfIyMuQtDAPTj8vJKZj9Q/RTCaKwbpjq4+UubGmdjsyHt7YCe1v5U5uWx2HjMDG1GTZ97TCLQMWS/Knc18hYx7u6STz7lJfl90gZEC2MHgefyrv09iRZ+fG2djnY5P3Bru2/wCVZ+ov0X+rHHwcFuJHCezTy4uPuSs+6DWrMd7Geq1zj3AbLfZLZlenK97RRv7T7JnVG+gWN4JVZoDSA7ymEdliPILHNeR3m7IPlRYGR6zxdkOLUD5YxI0AAtbyfdHiuZkZA73VG3biUewl7BY+Zrpye3tkc8mtDVrNZO7Jy3TyEu7t25esgYyD6by2TRtiice+P/uc6uPxS8fk5heGRig2NtCglW9hkq0Ws2d2QGMa0CNn3GvdThtGVLFEHkF7g0NaN7VSEuEEhvXlO6XLLiZDJ4Q71GH7O3nuOgi+hdtmt9RdfyIscdIgkMeDH+6NpsF3k/4Xna7Wje16Drn0ll9MxIcrJfG6SUBxjY63Nv8A7vZef7HNfRHCCejSTvZ6D6X6HJP1hlPY6MRmR7yaDG+SShy8bO+sPqL0MY/q5ms7W9vAY3/4TOinHjw8t0spa58YAY01Z9iUX0d1qXoGRkZkBDZXNLASN18JGVjWk+jDxmNb3Cdzo+27A5v2QeoW4rC2mm6P8os5xdNK4nutxNnyq+XlGaT+ka4aKCoiDBimLJS6ypmnLyHEWAkB9lMj+4gcCxtY3Ytj+53cbV7peK/q+azHDqDWue4nhoHJSMoRyZcggFR91NWr0t7Om9MyJAQZ53Bh+GDf/KzDFbKDX/pcqwT9jtFBLL3SOINWSeUjIcXyucfJtAbG/KHezX6NTpnVZen4+dHGf/XhdG73opWawOxWAf0hoP8AIVBgcD3AEjzS9X9L/S/+v4XUXPc6L0ow+Nx0CUW0kGCctHlfTLAHDat5DGQNhDSS7tBJ+StWbAjxo4sYkSuaC6R/gn2/5WV1GT18p3awNFCmjwt/gGqIycj1MdoI40o6f90jgTy0ilTLncHha3TPR/089wIkE7S5wO+34WFEMDGB8Mlk2SPyl4sxja0u/c11hdmTXkOcNC7HwlBhthumvPKA3bLGf95ZL5dyqbO0zND7DfNL0WdA2fpGHHBGOzFaTLIeXOJv+y8/OQ54LfZYzVFvHwf1ET5WupjbuzVHwnYTC6OZtt7RW/KX0+VzMaVtf7b+bHkLsGQMkcHWe4gVawUN6tAWQwS2Heo29Hj8pMLA7DdISPtoBvkqzm4ToYsiKZ3bMynNZ7hZ2M4Mb2vvtdX9lkGSot4XUH4b3iHtt7S1xcL0VXaY4pqczuHweUUrG+s50LSGkXXslOd5I2ERTSflNYWPgjEQFGh8KxJmiLIbmYkbWmQU+Jw7g0+VkwyGQ9rRd+/hEJnw2L0UA3Ro5joosGHtFZF9zj72seSSz8pjsgvoH8bWi7p2I7pscnef1DibF8IdBezLxpAHmwCToLQdhZHTsUS5ELmMmH29w5+Vms/+1mDvINhel639Qu+o4InTMaz029rWtOhpZsaKTTs89HGZZw2EFxOwAN0r+VBB6MXY4PeBb69/ZUcX1osppgaXSbAAF8prhJG4h4LHXsEbQbFQWMZDIWxMLgBZAXOndC17B9vcfuC2vpDqeFhZWQzMZ9ko+1/t8LI6ljtiyHlp+w7HwhYWklYiF/a8En7bTJYnSB0jBbAeVVY175AweUxk5Yx0Z4J2CmewIfJkiKdr43dzQ0WmZWSzJa0/1eVQP3HRTBEA3m/hLQbsVK3ejpBE0vfVgflPdGXMJAtJYwvfTQb9kQDO7ta5qWCTfk+yY6I+eUWG/wDTZDZO0OrwUDCLc3nX5RxDvBNEqcipHFyLGeWFt6F7CJg4Q9xpsbnnjtA2n5MUsTgJR2EiwCtaHq2PGwHHiEL624clUM3JOXKTKe5xN37JWU6KPpkG/fymOldYBOkEh7SALr2S3SWa9lgDHbquSustG0sWBa7utGjXRZwpAzIa728FHkD7ieD7BUwaNhNjd36J/hZhRGrG1NUhe3tJ3aFr6G0oehjX0UfqGrItI7yCj7wKIN/BWMEH3yEwusfhCWhzQRyiaCRykoxDCL2hsBy5wI8WUF0sEIFT30RRSxfsuA/ymoCGd+l3dWkuwAiY60tGHB1A7UMebB90suUNO6RMXRJpdYPOiq7X1olSX1rlKONMYOwgIIr8qPVoKQ8PHKcAJddVaJryCiLQRopL2kUg0KWPXBbyhNOFhVg4omOo8oWGxjnkeFxdWyKUHZsKHV4RDYVrv5Qh1D3/ACudwK4TehrD5UWa2huz7LrsUlFs+pl4aTRQuyAKQOjJPt8k0kylsbqJsj2SJHXY92QPyhbPfhVhJfsjYS4jWlkjWNDyXXe7RhziRZSe2n+atG6RrK8rG2ODvJNJZmbbqNpMk/fR8BIdK0HWvdFIDZbbKRwU6Jpc6is85AadIxmGx4SmT/TdGLH+lkkJNtG1jiYNINoXZcjm9vcQDyPdJIvlHtmb/AZXdzyRu1LYraD/AMpjIRVnSVmyiB/Y11jSZCs70mjlBJI1tgUVXfkucOdJBmNbRAWDOKIv+Vwc4nXCrMBcP/CuQt4C1UCwo43yWXCh7pvoMa27sqZ39sYaPPlDC3uILtj2WGOixw82eFsZWAOn9Pjc5tPkNg+4VOIsHwrfVs9j+kQR+q10gOx5CTYXVGERZJSnAGzaJ04aw1squ2XudxXwnpkyxDBbSXOAHyrWPlsxY39ludRArwUiNwezsDCSdLR6X0mBpdJny+jDRdTR9y3Qb9GVBhTZP+68Pr3doFMyYIcRrR3h7uSB4S8rq7i0xQt9OAG2trY/lUXTvyG2bPjaKFugzkFzjWlIkc8Vs+EEcex8q/iyjFY4kDfuLTdC2xUWOI9u9+CrmP1oYJkGPGO5zOwk+FlZGSZZCWlLYfuoCzaLQU6NCTLnkBa1xjY4bDTSYx+LhzRPkJlNEkEqOn9Oky5A2yGnysfILjO5oJIBISozZ2RkSZU73vdfcbTMLFEsgDuFEYAofwnPBY+m7bV/yiINlwow8AEV8K5i4waAf+VTDSIw/k2rLy84hka9oDeQTtarG0a2H1X/AEiWKVrx/tnuA8aR/WX1tH198Uoi7Za+88A/wvIerPly9kQMh9h5VnL6ZFi9ObJJOHZLj+wHhJwV2PzdUhGRmSZ3Y0knt/bfhXelyQYU3qTMEpDTTXcXSzmsELQQaJHlOxo3zTNYxrpZnGmta21WkiTtsCHLknnkJBZGSaZaj1Y2OP2lzhwPCsSxfop5YX16rTTgPB9lVZ9lOAJe4/YALsoWKPky5nwNDndjL1GP/KqzgFnca7idE+y024xkLszMYGN/pjWbNKMrIEjwIox4HgIBbEBpcD5A8qvNIGO7Bv5V7M6hG7Dbj47KINl/klVsfHDjthe4+yNitiYWGRws0Pda2H1B3T3h+LQcP63BUZYBGdih7Jb+6WPsa3tb8IgutF/I6o2SN8EEbXSTEumneLJPx7J+EIOnBsn73VsnlY7g/FjH21Z5TYQZiC8687S1YylTs3+rfUb+pdObjucWwtN0sB+fM9roYHOjgcKc0f1D5RZ0UPrNjx3Pe0DZPkrQ6diQxY00uUGsa1hMYPLneEUlFGc3J7MbvdE3QoBC7IDmXdv8aViYjK01rQD7BN9GDoUkUrqych7LERGm3xaKEKBe/Qdonwtvon0vmdfY84/a1kYt7nGiB7hVIsKObp4nleRMZfuHs1ei6L0vqEkD5+mxyCEAt77ruscV5Qm+KHhDkzysGK6XI9GM+pRP3Xqh5Ksy9RkhjkxcR5jie3tlr+sK99S9Em+kMCLHyCIs3J+58YP3Bvi15xk5Lft5Sr7Af0dF2P0QwMaAZzoNG6H591rQdQiwIJ8PHhBzZW+k6X/sB5r5Xm2SnGeZG0JLv+fdej+k8CPNzA+Z1aLi8lO1oMOzaz+jQ9H+k4nQZMb8rIIbPGD9wB8Lz2fhYz5ZJYADDjRNErm6aXfCR1DqDpch7e7Rdr4Ct9rMPoMnqi/WP+1GP6j/ANxU0mux5PlpGLkulMMZo+k+3NaOBukcUTHYZ9U04n7QnY+bFiYEscsTJpJBTXOG2e9LLc+SZ9A/wrbRFs1MCcYcb+zTyQQfhXOuyQ/627Kj/wDSmDZB5vW/8rEjikDg3glbmLG6aSGWdwZj4rOa8Xx8klK17DF2qKbuj53Wg/JgiDyHUGXvZ8BT9W9Jd9P9RZgSADJjia6Xf9RF0tbpnWJOl5H64PLXk2xgPkrzn1P1CTqfVp8uZ5fNIbeXc2lTdjTUVG/ZmveK+fhWelNZJMGy22E/vLRulXx42ucS77h8L1v0p0dmVlRxzxt/SG3Sud4b8fKd0kSgnJiuuepJ0TFke8aLnHezfH+F5Lk37rV6/knKzHsisQMcWsbeg3wsxwoBt2QtHqgTey1gv7Xta4d0R/e33C9BhuhwcaXIjjt3ePSc46avMY8ha4iifOhauS9T/wBr0mxhwqgPb5Rkh4utlrL6xJkSuMjy4mr3elm5macvJeaA/pa1o0Akdju8kgtvdFdDEXSjtP3XrXlZKkI3yY90xbA0C+eflKxZnE9ouuVsZ3Tnx5I6Zjt9WZrAXBo25xFn/lVMTIEGFk/7IfkvIjaSNtrlYWmUppQTRu1Vd9pPyrsOO/NEtFrXxN7i08lVZWN8H8p7M/0GNv8Atl/O6Wp0mDHyIst08hjEcRcztGy/wPwkwxCTGjiYAHSuAvzXlAX+lBNG08u7QfekrMnTKzC4O7vN2i9Y1VnZtPwoHzsDY43SP7t9o4CCTHMEz2uIJHJCwWn2Ow2xZOTjwvbTXPt7/wD8QNhV5WGaaT0WkgE0Bs1aYJvQfG4DfNrS+nnsxc9j3gHuY6wR8LdGSvRQ6XO/GL5G9n7S09zbWn0/LcOmzgSm2jtbGeNnlYUktPkDdDuP/Kfhy9mPMLokCv7oVaNF0zbwMOTqr4YYnj13uIIcaAoeT82svqDBH1KZmqDQKBsf3VnpfUf0WK97O5s5krvB4CyciZzp3uvZ8lBJoaTTRLmj0u4cp/SW9+bHG9vcwguLTxoJBhfHA1zv2vHc1Fg5Do5CQaPaW/wnQiF5BLpXGqFrmkuaAPHhMn/3KIFDhTDB/uNB/q9vCzFLUGQ5sL2lxDDogHlIMTGsDg7vfVloCS6UnuaNC1dZ247IZBtsjPPg+UpTsnLyvWZE1kYjAbXaFUY1wf3cexRyPLZmO1yHLUyciLNf6ONA1vquBbfgkLNi+yfqPJdlNxswxelJLGBICeSByqeRlDK6biwNZZgsAjZIKXkyydpxpXFxj1s8fAQ9Ml7HyNI+1zC21uhrtiYMsxk1z7pD3FzifddLE6J+wQUruJRWxH2XMF5jcXULrytF+B3RQzSSU2S3VyaWTFKW8fza14PTl6XKXuJma4dg9h5WCkZuawRTt9M2LRPmdE+id+UGQ8FrN2QokbcQfduPhYNgzPEnsgZKW+UIdY5U0K5WAWsHqEmJkiWMgPbsL6FD9LM+p/pLrXWy8HMw2RFsbOHFx8r5xg9gyGh/7fdeu+nPqPO6Jg5kbCf9Oy3iKXVgnwlaHi7PK5HdDIQRRCezJbkRgSH7r/wrPXImvldJGQWuN8LFDjaKQGzdlfi47onRM9WmU4u9/dZWRb5LaCXH2QNmI1ekTcowzNew8aSvQbFElho3Y90TZydFWGQ/r5iRTXOVWWJ0L3NPjymSFLUJJidumkqcV7YMtkrgHNHLT5T8CGN2J3yOIGwPyqmUOx+uEoS5/t5WSbcGWeGoczp82KwSOY4Rnhx4Kz+9zXAjm7W9gfUD5Onvwcr/AHYXEFpJ21BjL8MeFvcdITffVfwrGRjOxHlzD3xHgquJhd1yikAEPdGaV2SVjmRlpt1bVN8ncCF0Ra0G+UTWW3APFqu49jwRo+6ITaq0Dnd3G0LCdZef/CkeyBvdGdjSmRx5WFDAvjymsYYgCVVbJ21ZVlrvUZYKA6ZwAe47QOaAfhTdHS60A2AaGubXdtbtG1oe4Amk+bHEOiDaNA7Eh/bpMZJXi0oijxa42gFFuIfqe4NNEC9qu8BpURPLXeycfu1SStjWIoqWt79BG9naPhKDu06CcyJdF2nlE11bQk2bXcrACL78BEDpLHHhQHm/KBho3S4MIdzpLD6JKa2UHQQCQ5hG70huuEwkOoDSkY9su9omSsES3Wk7vscJJYQOEPcQCDpYHRLxr3S+SNEIuT5UgUOEDAh2wLIRd6UHUTpGHWtVDInZ86UjjkofI3Sl+gFgNhivdQTSWD+bUd1u5ITf4IfVMmfuj7RzwqYifIRQP8rQZHGCS+q+U31Y420xoPzSn0dr2yhHgvcLOhwjY4Ra5pMmmkv7TQ9qSA3v/dsrBIdMd0lEPfsCwrDpIIBbh3H2VKbqRstibTT4KwCJZewc17qsZ74QSPc87KBrCTwbTE7GmQu8lGx7nPG9KGQG7O09mOa0DSWgoYHAAKfX7AUHZZAAtNiwnShxAoNF2TpbpDUJlynSN7Qq8rS4X5Vp8bY22VSdL95A4RSFYkk+6IbIpH6TpONp0WM2MAvNEeE4NnRMLRR4XPk7aAu1xm2KB/lKL7fZWoDofZcN6ThksiZQ/d5tVn5H20Bz5VUOJcSdFLQW6Lk2Y6rHn2VV0zpHUSucPtCOKICnOIr2TUK2DFG+QnyE+LFrbjX5ReoyAWyjSrZfU5M2S6IKAXSLL8tmOO3TnJLsuXKaGjQ+FVFl3c7ZKa2TsApNQlh5UUMMLXNcXPI+6/dVYn6HspyZWSaqykdwugtQWWfWEY2gflGRtBJe7u1SKCB8jwGsLj4AWFVt0Nx4u8718lOaGQu+4pubgPwYAT+8+FQdjyGH1HWL8IXZno1D1t0eP6Uf2j3WO6cNJbwTu0h73NFLmnuGxZWRrLjCD5sK/h47suRrGA7PKoY8FkF57QrJ6o7GPZi3Y/qRYeRfzOnv6a4snIur7bVbCxBnPe3JyDBCASCByq02dLlvbLkO7njQ+ApflGWFsTQR/wBxQDoswZOLgYk7IDc5J7JCPCzsLJZhzNm7BM9vDX8KxJN//b348bGiz3F6ziWxDZBPsCiaxwL8zJe957S43XstnpHV4OjTiXHDcjJbYBI/bawY5S+xfaw81ypZPFC4xtHYwf1IUxeXs2ZYoHulnyJDNlSkuIb7n3SsPKg6afVLfVmF9rSdbWPJmNjcRG4kHyUtluaSTyfK1G5WaOf1A5URkkeO+9NHFLJklMuvCiY0NnaCNpe8NbyUyRJu9FjHj7nAAc+Vvw4jMHp0uRJQkP2sBVTp0eN0yB2Rk1LO0XHB4v3Kzeo9WlznmSVxdI7muAt2PpIt5E8BjAB7peyjrRPuqbMj0RxarQP7rv8AymPhLt2TfsjxFuyzlZ7MwNaG9ob5HlIlmLYw2O6OjXlBi49vd32AOKWp0vEhie2XIN0bDVroK2RH06fHfA/Ib6Xqt7m9+rHukdR9XJnIsaNa4TutdY/W5IbZDGabZ8ePwqEjZ24/rdrhG401xPKW7YXoZLIMM037n1oJYxi+J0ryA877nKen47DI1+S+owbcT7KJ8oS5EjoxTLoBFi2Xow1sIhFu7iCfclez6P8AWLP+n/SpHxwsyusSagjeftg+a99rwUOTKwW1ndIdNI8KqAZJS+S++93yllFT7KxyvH/z2WupPz/qDqD8vMkdLK/ZcTobS5unPxXRta3vkk01g2T80rkIysnFkEDD6LD9x9yt1mFH9PdAnzZXh/WJW1Gx2/SYfNe5Ta6NTl9meYfgY0MTTLOH5B5haNM/lX5Oss6ZCyPEjEUgb297fnlYD5Xuf/3E+T7p+E2N0xfkgujF/aDRWaI3sudGxmT5EmTk26KMF5YOXH2Tuu9SbO5rmt7XOAPbWm/hK/VNx8eRkQpkgokjwqM7n5RaasNbQ/hbtjW0is/ueCSdq308Na8PfsBUnygaARiShQ5+E5G3ZrzSwzABkbu+7sGlW6jkvkhBaSIAascEqr6h+wBxB/qr2TOoZ5ycaDFjjAZBvuA5JQex1oRLnyOY0Wft4PsfdIc10xBcbs24+6OJzRXcFcY5gi/bZWWhXbJw4mZ3UGN9MMZ21TfJXqczKd036ZiLB2ule5oNeFg9PmjhHcPte7VqetdUdmxY+Iw9zYATfuSke2Wi+KMiRwa0+6LExm/pX5MpsE9rB7qpOe4tHlabxGOnwwhv3e7vCch2F0+aLFikLmNeX6FjhXunwdNdkiWWK4o2Oke0nl39LT8Lz5nAcATwrWHOMidkPd9psu/AQZRND8zGLuoRNla2Mz0/sZ/Q0+FEMWN/9QNZB3Oxo3A3e3Vv/JVWbNGRlTZA8mmD2CPor2tynOd5FfhG9AXdHpcbGn6P9RRdRzmdjZQZ2sI2G+LCzJooo8FuW0gumle6vayVHWevTdW6jI4vL+xghbfsE/ouRi5GeP1kXqY8bCHApEnVlLTdIyZpI4IzJG7tke2nUVmOHdZtWeomOTMk9JvZGXHtb7BV8gsaQGXwLVCDe6I9UigPHCuYcIdHLJyWg33cbCzhtwV+SQw4gAvfJQsCNX6e6r/pfSepNH/87QwEi/PKwmTgyOL7Nm+VONI6ZjMcGmucB/JTMrAGPnuxw4PLTXc3grDt6Bne1zR2+E/DeW5TSCdN8e66fEDMZx8t2UzpELnHIla0O9CPuNnwTSLFXYvqvTW4Pofd3vkZ3vrgH2Vfp8IyMuGF7uwPd2k+yvtyI5RO547n9hawHxtZ2O1zMkEaI2lXQZVeiZZPT9RjT9ocR/ZJdZ2tCHFiyJYhI4tD5ae4ckKpOGwzSMb+1riB+Eb2KyJZy+CNp326R9MxDn5bYg4NABc6z4CrucKoIsKUwZIcLFggo0D/AE1Q+MFzO22hpAvm0hjX40REje1x2NeFWdMRIaK0cvuyMKCS9D7LWHVNGexgkdTRsuoLWnwYW9NhIeHFspa4X/wsieOTDf2PBaeSFd6bKJJYInk9jpW6/lAVP0VMqUu7R/2faELclzTG5hp7SCCmdWxnYvU8mGtNea/CpA0UewsuuLsgyTOcA/ts2dkoIJy2L0+N8+UuKW5Gh3Gwo7R3OF0gtAst9RnGU8ShvaQ0Nq/ZU5GVExzRvyrvS2CSQxOG3gtH5pU5O5pLD40sM0MyYfSZE9pBa4XpFjZBDXNJppQdj3QAH9vhJH2O0iTug5wbvwhZJrtKJ8veKPCARkgnwFhi+MbHMZaHW4ttrvn2VEsLedEeyNsrg2vIQOHdu1jENNG16HpvVjF0KXpskQ9KeX1BKfDmjj/K86Ca+VqdOmZldmPPIWMaHFurpywUxeTK6MGMm69iqBPd4pXclgbMQSCAdH3XZeH/ALbZm16b9AjyVrGr2UiuGyKK4CzypcyzQSsC2aMkkcgZJAOxwaA9o/7vcKrK7uILtlLp0VEggHSY57Xt2KTAGwvcWBrT9o2lZBs15CSJO132lS65aDQXOPslGeyGjuoJwaWCwuHT8iIB0kL2NPBI0okkAFAraNQ5uWXM9Pfb7eEh8YFkJYcbtEZCRWkyBYOwCuFgKOUVaS0MSD7qAQDflAR91+66qSiLRdL2ysa0DaVJEYqsa+EqN5bRV7He2fT/ACmaHRUib6kjR8qxPF6MlN4paOL0/H7iXE8a7VXyYO2Rzb1ekoUjPc7jwiYe9qiWK77dqYoyD+FjAuJaQf8AhHDkOoB5Lmnwhc0hx9kBsEADSIEi697XEmu2zwEp7wOEkSng8qSSXfC1hCc/25UtkdfNBL8/PuURHadbW7A7sZ33olQXUlj8ox+3wUGOB3FpKNsthAST40pF2gYJ/NhQNeV3DlzjRWDZ3cuY4gqA0bXCwsC9DC7dgo48hwNWq9kFT+42EKBZrMdHKwCqICRLDXj+yrRFyYZHHm1kMDe1Ya1rm/KR2kG6RNl7RtOL7IkgrjaCi2gnsnEjgC3+QukY2zQSjCRR8fyoc3trdonN7apC/hZGBFVaA0SpaALUPb2jXlMJR9NbkODgSmtyQQb5KyxK460nB327Uzr2Wnz2NFJe5981aUMj09gWfkLvXdIeKtB6DYE/d5Nqr3kOpXZXNMYFglU2j7x7WsBsOMdzqIVyDH76oAC9pUBaDWgmmRw226+FloHbGzhsQ1opI73GgLtcIXuNvJIdwKpMlBYzQ/lHsZodBE1v/qEA/JT5uoNjhMcMYcTruWcI3OILnik580ULKaO53k8LUayuWyTHaJmNDE4Pc8Fw5YNqtkZrnCmnt+QkMc67J2fKyQtpF2aX1HUwBjPjlV3ktGyUYN8GqSptnlUFchZf+UD5CCNoXAoTRItZCBeo5xUsLnSDWlEcI5JKuQBncK1SDG7EPeQKAUMaXmzoJs/b3GgqrpqJagIXXzxsxiztBJN93lZzHWXFS55cEBcWpqM2OAvlF3NaFTdkForhCJy48og5DJH2SBwpYxxGuFMcfdZWhg4kk72sYwuJ8BCxlsqwYZkIFL0fTOnsw2iUjTXDudapwNawjtG1cbnFzBHMfShALiQpvZWNIR9UZ8LslkcRHa1gsj3XnX5JMXYP2qz1aXHnznegSY/NnyqZY0mm7KdRonN2xPb3E8lNhicDfaSFZx8W6Lh2j5RSTMisN3aNiICdkr29xIaw6somwwNxD2ML5xbnv4ACS2Z7yLcS0HgnSKZ/aK8eQtRkLiBmkAJ7WeSVfdmRYDnMxvv7gQXOG1kyPfJQYO0K5BCXNbY37pTf0VZ5JwXMDS1t+yR2ACydr0mPDhuhc3MYXEiw5o2F57MYxkjmRG2DhMgPRXc9x+1vB0rEWB6oDnS0TukkfZWtp2K2SeQNFUfJTs1DJOllrAWHvJVeYPxaDxRIurWjnl3SndjnB7/YHhYj3SZcpfISSfKVAbo5shmmArnhbODgR4wdJJt54J8KrgNjxXeoQHuGwCmz5s2bIAdC/wBo4Q0YjqOQwxODB9xP7lmsjs2VrsbBA9j52+o0D9nuVEfTTlzvlaBFCN7PAWSMzNLQ0aFJjJNgAInsY6choJaDoq3D0jKyYy+HHdK3wWAlG6ZopsSSxrWuHJQyPeJ+wP7gPLeEh8TnyGHbX3W/CswQDEjHd+66/KzQOjTw+gw5WZhueT6TqMlnzfCufX/6dvUYYsR7W4cLaZCOGrGm6q7HYA07rXws2SWTKcS43pBLdlJSSjQM0vrEMbsewTzhNxooT390sl/7Y8KsyodgW+6Cl+Q+ElxsPdwj2SGvldEC0aP/AAhiY6SQWaBO/lIY4ykk/klOhk7pA1oJ34RFW2el6Tnx9Ix35LyC5oqOLwT7lYGf1KfqM8rnvJ9Q9z3cdxWrlY8GL0N/r0c2Ygxx/wDa3zaxHsbDG1x1aVKy0pUqChiY2i4XSt5eXiuYB6dUFlSZFN5VZr3TS/HumpErNfBiPUJmwxtJbf8AYe60fqzJxMVuLh4MPoRxs2+tuPkqli9Sb0jCeGBplcNu8rHnzJcycySuLjwL8BLVsdySjQcOO1zwXupvLj7BWMfHa6cPLHNgGy53n8Krffq6tMyM4+gIu6wPCcTTVipsgGZ5ZYaSQL8BLbP6LT5J5QOBqzpNxulZWXkshEZDnbHdrXugZMS31JX/AGjlW4y7ubHRLjwtLp+CIMHMl7HS9re1hbsE+T/CyHTBrQ4n7z7JA9DpAWF/+4PscG62CT7LcxOmw4eO6Qy/75hJdfAcfCwcRw9UOO2gE17lX5p5XYUkhvtdbQflPQFoxWO7pwTwDZViXJJN+2kiKMhWY8UShN6FspOPe4kLYd0DIw+lfrJAI2S00WdkFA/p7ceVjCB3EWR7BX/qrqgnbj4kbrhgbwPdTbKRS4ts8+aYygixfUklbFFfe7QpTkQPixoZXChNfb/Ct9AjLMmSd3/8bCRfuQqeia30Vf8A/myZe5xc9rj3e1r0P0zjwT9JzppyWkHTrqhteVDHtDnOBtzjv3W7mZTIOhQY0ADXcyHybSUGOnbM3Oc2aYuYbaNN148I+n4ceU4OlvtJLRXvSpCTtIvjytwtjwsLAYNS9jpHk+b4TC1Zgxtt9DW9LQz8p0+DhY4A/wBtrnEAbsnaoFjmHY2mBxa9rnAgAUFjIsdBxBndUxoSS1plaHH2FrZ+p2YeP1ycYYPot+0Em7PkrN6BlfopZ5RQFEX+VRy8ozSOceSdoex3/wAluV/q9MyX8/7rGWh6flnGxeo7rvia38/cqgnJxfTNAB/dQ90Lpf8AYe2tFET+yIZRRJ1v/wArT6y4s6sQRQaxrQP4CzMaIENddUQVdlD+o9Sk7ftcd2fOljJ6Jwp2tlZ3Cw19lVcxhGTKBfN/wjw2OawTOFML9E+aWr0qSN/W45p4xJGWkOYRo6KwVs89W02RgiILT4XZLQ3IkA4DjX90HddE+EbBodLgywtDntLe7i1oxB0nS3NO29wI+FWyMs5ETCT4WvitaegTu19pAv3QYYoyurzDLlbJdjtA/sqdlhaQao2EJdbAPNogO5wBIAWFbLvV5vXfBkf1PaO78+VnkDasZcToaidy1VieEbMHFhyTu/22lxaLNDhObi/7crnOpzCB2+9rR6BmMx4MqMhvfK0AE8gBU5j/ALsvsf8AKBqGdHsZbZWn7of9z+ys9dniyJxOyNkd7Ias7p8/6fM7v6SC037FOe9nqOa/9tmggyiH5mG5sUHbpr2Aqhk4cmM1jntIDxYJXon5H67osUQAH6d2jW6WZnZZy8URnlgofCVMMlRkHhNheAaI8JJFGijiidIftFpyadFyTHi/Qeq03MX12j291Sst0bTSXY8jmHTgaISpH2bpYVhNx5HxulAHY3RNoGEseDZH4VrDeCxzDwfCTNGI31ysEc+Rs0dbLh5Wh0d0MgMOcXegeA08H3WMH0ft0nNmIagUTLnWcBmJkOMBuF33N+AqDZC0g8p7sv1IhG7+6rPFHS2wM9Jg4OLl9O9SQ/fegsLKjEb3ACgF0E8uI+nWAUzLeJ2gjSBR1RR0CrkD3YzWyxktcR4VNzd0rMbw4MaUSKNSPqj8qNjJX327GqS8LpY6hmOjH2truseyp5MbWdrmWR8ocbqEmPMJGn7m8INFE9jepdNd0+UxuPHsqPC9Nm9VZ9Q4v+80NnY0NseQvPz4zoXnyFk7NJVshpLQHDRVgsbKyzQKqNeQmxS3YRoUU8AOpdQCJzTdpZNlZGCBCY2TtOuEkaNLluzbNbp+QTKLNhPyQ14JCy8J/bIBelpmMmIyA/aEtFE6RXhjY5xaXBrv/wAlDmdgS8h1OseEluUTYOx7oGYZd3FLk+1QdDRUOcSRawLFuO+FzXb9lLgLFISO0o+hRhNirpFe0qqKLu+7jXuiOPawvs0hLizXCtYjxfb7osrDsFwCSwpaKV9xRMOrS3MLCUAeRrhGgFlzO+iNkILLDThymQy9qa8McLPPhAxWLgG+yhhsiyokUsI1ulgDXwHkWR4UxtsHVlGyYlob7ImShpII5WHoR+0prJw0gHaJ8bHDnnarOjo6NhYBoxSwuFONKZMZpJLeFmdzmlWIswggGysZMMxmM2pMhsDdp7pRIBdJL2tLgFggua4bpKJIFVtaMQidGATRSJ4R3Ht2FglBoq7RX3BE6I+ySGuZ4/kpmTPoePiPc8WFoDGZC0lzqP4WU7qBrta5V3TPeaJNHwkOiy3lTN7/ALSCEj138Dj2VchxPBTYmWRa3QbDYwv32nadHEAPuCYxzY21whd3SPHgImXQ6K2n7BtWo2ve5peVW9RkMYIH3KllZrpQW77UKGujeGTBjBxeQaFUVn5/VWZAIZz7rHfI9ziSSSUcbDVrUByDklefKUJXF2+VLw69LmhsbrcmQjGxxOko1pOEXpnY0kHNDGUxKfkPeBdhGrEZbe5oGlVfN2iuSlOldRG1DGkjudwiAj7n73SNsR5ITG5AjFUKQuyPUJ8IdFGT6gApFHk9h5VWx/SiaxzqoWgxVvQ104F2Uh8g8cKHQvaO5w0Usgk0ETPRzpjwh9Qk+UZhJ8ImxABZg9lbtLj/ACrMGPseU2HFtw0tKFsWM3vdsjwizcSMPpnq9peexvklafUZ8TGx48PBBe42XzO/c6+AFkZfWHuAaw0z2VJ/UOwEjb/FpBuRtMkjiic6R4a7+kDklUcjNdMwMHHus1srp32Tsq2A2EAuKNg5BR4DZGkkG/HalOZHjO9yPdS7qAYCGHSzp8n7rJ38opk2Xp8qSYNsgNaKoFU5J2t52Ul0hmB3o+yS/XuaWBZZOUBVKDM+R3ulY8BlOwR8rX/0+PGxGyB7TI7+lG6DQvBx3TvrTQBy5b8mZg9P6a6GOBsk7nC3u5GljQQuLL4tWJI4YcF7pXDvv7ReykKoqyZj/RkqrIoLHFk75V9sjAzZtUtPea8lOSlsNkQdV8K60nEgMsdAj+o+FEMUbYO6U6Hj3SOr5f6qRjYdRhopg4CFBvRTc5+TL3PcXOJ5910jTEK4KkR+hF3lw7701VzM+aTfCNAbHQvc80bJVr12433AEv5G+EiOX0uBZVhmDO+KTKcw+k01ZFC03TBQtszpX98p/sE+XqjpIjDH3Mj875SoYfVOzQTo8JjspkMREjyaoePykbsyTJ6RgzdSzWRRMLyTS+i9S6vjfR30y7pGKxmV1OT/ANaUC/Saf/Kx4syD6TwfQxyz/UJvtkmv/wBJvx8lebPUpMeWQwkvDjbnv/cSoyTZ0xlwVGe+U487nk/fd7CrzZZfKXXpBmdzpC+9FM6X01+fkMZ+2O/uc40AFddHK+ys5zpXgk2r2Ljd8bnE9jRySoyo4Y82RkRDoWGg73CGXNIhMIb/ALf/ACiCxH295cTYC4sk6nnNihYO55po8BC5xkIaBVeyuYgdEwxwAuml0T7BYy2RkY8ULxjwu7y3TpPc+a+Fo9Mw4unM9V/+7O79rfAS8vAi6RUZf6uSRwN7Vx2VHh4gY4Aznd+wSsolRRnY+eV8sgJDRZWRkyvypSQCGADtHstXN6g0YzmN5fysyOYMAFaCKYstspux5Ha7T/ZWMaERNtzLcOLVxryR39tMug4+VwPqvposn2RsSipmYzo4o5H69QWB8Iuj9Lk6pmxY0ZDS425x/pA5KDMfJkzMBcaaA1o8AKwM13SMdzISBkSAgvb4asErZ7WQZkscR742HtDvf5SMfHZLKHyX6Y2flP6d0+bq0/Y07cCS8+FZbgSQzOxP3SX268rN0gJWQ/FfkSPyPRMUH9Ncf3TosmWNzpRI4OP2hw5A9gve4eDgT9Ei6dP9og+6R7TRkkPA/AXhp2QRZkkLHd0Ubj3H8JE2y8oKJqZc7ekfT7W9o9XL033A91498Ze41yFodU6k/qGSC6uyPTW+AF3SsY5edFEB/wCo4A14T+rElsrQw+nGHOds8BaU8wZ0yLEodvqeoXeeOFPX8SHp3WsiKKzBFQBBuysuScvHt5FrLZO60QQ31CBxZT8WQNku9N2qdFHFZ7geAEwDb6U1uX1IOfsX3EHwFkdXyG5vVch7QGsL6aBwAFbxHPxMeR8RPrSjtHwEjL6HlYWPFkysAZJvkFI+x0nQnIk/USQQ91xRgNaPCtZOUz13xwU1tBlD4VFr/RJdVnx8IMcXJ8k8pmxVof1KYS5MLBQDGgGglZDnOIJ4rSHMYBPp4dQF0ulfcbQsB9iQA54B1Z5VvLyzkZP2mxTWCvhUidq10qIZXUseJ37XyDuJ9rsrAWjW+oomYrcDFbG0S+mHSOHNnwqnWDHNl9sTQIw0ChxxtF1rIOb1PKyuYhIWM/CoxSepK9x8C1hnplg+lj4JDW/edWs1kbpZWN/7j5Tppu9oamODWta4D7ghQGImY2ORzWnQABv38qYYvUPb5KVKSXF3klWsJv8AtiQ6qQNTN0CO3RZm6ZLgwMdKOzuFgFJglLHTOa6i5hBXpfr7Nbk5WP6e42wMA/tteP7iwPr2SJ2POPF0iwHkYMLb0HnSv9NY6V5LBtje6/ZZZJdFEz+V6Fjhh9OjjYAB2W91bJKLBBbPN5fcyd5PkkpReD+FpZkZyQ145N/4WY77SiLItQkFprZrQW/1bDl6N05uJI8F0kYkIFHZXnMWXsljd7G1u9ay/wBWO7Wm1QQGi6RjzQGH0z4e3uBQCTtkBBqlYewydPjeT9zPtpUwSiIWsl/qDuuyfKpcEkpzSS9o+VOWwF+hQWMwY5e021GXmV4rXcUkCgtDHgDcaOWjfesYqub6b/kFRI/vkBUzX6jklp+9YKdM9N0pwPScj/uFLFll272K0emTiPBkaeXmgsvKj7JXgD7b5S0PJt0VibKs4OY7El7mmgeaQyRN9Bor/cZYP91VdbfdGyd0XuoASvEw5f8AuVTgUiExdGGkoCKKIbsON/Y4HymPk73bSU1kZcNLAQPN0hs0uqnLnGlgIju8oqcSDzSE6TIT94vi1gobLkHIYO/looJHeeCU17Q02EIhfOCWNshYLBiI9QXsK1HG0RguG6VOix3yFZZJ3RgEhAZMJ8hkYWEk+1+FVewxvTXHtqkTh6zbA2FjJC45HRO7mkgqwMts47X7Puq0kdW02D8oRE5gDqO1vYLobJEYr9koWSm+pbKKGqN+Er2E1OnYDepRmNrwyTxflL6j0Sfpjqkp3u5vCqwyOic18bi1wN2Ct+DqjeowPgncAXDlHrQ6pnmXjgqBtWs7DMEh7dttLjaO1ZCC47DitDHnc0dpJcwjYVBw7ToomPI0SjQEyxkm3EjyqjmkEphJJ5XSN9haAyAa6hZQONkbXHQ+FHsjQLDjeL2mGEyftFpAG1bxcn0HAhL0ZOxQb2upwoqAactCZ7MpvdVO9wKVJ8fY73QsZoPGlLJgb+1bAmbIxYR7ueE6LJc2vhZoZFjKha7hUjASaAVxuSJBWkGru1gOrFCMsBKn1tUrgYJGKjNAWuKCCwJH+PCWD27tS8EFD4CoKXIngjhQ40q7C6kYkrkFINYYfRtNhe2x3pIcCdIhCX1W0AD5IWustKrPjLTpM73RijoBCZA4bVANECRwI2UXqGxvaW09xKXISDYUwlhszmlObk3yqkb75R91rBstxysfypdE0n7TaobafITY8lzeSi0BM9WW9p4pMbrZtPixjKBoq5D09rhsmwlZVJsoCNzjoIo4y13ytLsZEOAkuc3u1r5WGqhccJJs8rngxiymvyGxs0NhUJp3TO2aHsEVvQCXyk6SgC7Xv5U32mijaxzuB/dFmaZAY1vKIO2PZCYy0nuQOdRWoGyMiTejwqznlzqBv5ROaXP35RtiaxwJFlGqN2CyF5o0jMJvf9lxlc3hKfK4u5W6Ax5eyIfcN/CTJkB5pl0oawyOt20T2RsBpZdA9Ad2v/dSGPlIDWo4YRIQB5Wli+ljlocCXIdD1YXTukhwHqDZ91vsxMLEx+6mvcBto0QVRieZRTAVei6ZOY/VkZ2xjZJ9lFs6ILs8p1H/AHsl/aPtuqR4fTvUIJ0Pla04xXvNVr2SMjIghiIBIf8A017fKonRFpdmZnelDII2ODneQPCSyJzqNIfTZ65LRQ+E6UljNJ7JlmGRkH3O/wAqj1HNEjyIz2j2CRI9zjRKU5m/dZA2LdI7t5TGt77cRwOUsCnUje4gdo8oVYPQYyGsFt2Ut0sshrZBRYuM6R9AD+VoH0sKNp5f7eyahbKc+BLiMY6ZvYZBbRfhUpGk2n5nUH5LwXnXtaSwF4u9IIz2DE4m7T44Q87XMZZpGxpLw0fuJ4RSANbUYAbpMiY57rN0mQ4rWMMsr+wN3Xuq8mXTj2EdvhKP0X48mGFjvUuwNBVZpXZcMjW7v9oVb03z7d/daONmM6bC7sZ3yubQB91qAUndLdBjCaWRrQf6TyqLXiL7mrZ6f05/UsgPy3mKAbN7SOsmCXKEWPGI4WDtBAqz5K1jNezN9eTIcGhp/jasz4rsHtDmXIeT7Lopm4Apv3yVV+ydgY0nU8kNleRZou9gjdiUUp4S7HEhJ5oBVmM2GtaST7Lf65Dj4ZbjQOLzo2PHws7CgET++RtkbWTNRcwOhPez1pnAMBst8o83NdNAIWEiBnDR7/PugyesSSxCGIhviz8oPTZDD6bXd17J+UpRdFaFs2S8RY7O6Qmv48rRdmQdHa6OKRkmQ7TpALKoHLGIHelp504+yoEGSTu7eTZKaid0y7JlyZL+4vcSdEk8osgiKBjWgvkeaAC6JxdEIIo+6Q70P/K38Lop6bjfqMkC67u4mu0JXKtMem1Z5vOwJcNsPrD7pGCQD4KqyZjhF6Uf2jgkK31brk3WMoyTOJ7R2D//AFHCpdzY2uBH3FMkKxkLGmB73SUW+/lVQ8uO1JN8HSKNrSLJoJha9jMcEyjVr0Yji6TgNymtByXCg0jhY+G5sLvVc0OA2FqQTRTyjKy9Ni3HF4cfwgx46BhmZherm5cfqZcotkbrFexWJNlOyZHPOiTav9Wyj1COSd7wX2GsjA20cBZk0Rxow1wp5ANWsK7FkulfSsY+EZJG2ab7oGtEbGvPJ8KxBJ93ddAcoiqy51V0s2JiDsEUTbDBVEj3KTiZ3+nxPEcbXzStMfcRfYDzSHqHV/1MbYqss0HXwPZDG+HEw5JZm987m1EPAvysEjNyIcZjIom98oaPUlcPPsFmOHrSknZKQHe7ifOymwup7T/ZZ6B2zZ6S/wDQsfIBRogUiimcJ/1Njvftp5VOGZxAaNk6AWx1GOKLBxseJo/VdzaI437pGx1oHqPVvQiDI7Ml24k63/5XlpMh4c4d1dxsrc6p0puJNKH5Bc9nbY9yef7LJzGRiWJrNnyUYmlJsBlkArV6Vk/6ex+QB/uDTPys+YNgiYeXH2RQH1i0XTRspn0In+icrLfPK4vJJJslC03zpFmiJ07hE3taNX7osePveGrLQO2WounSTQ+qxpc0+w4VjEwGujkfIQ0NoUfJUmYxQCMEtB9lrfT2ZBhMmyMiJuQ2ME9r+Ca0s+jJb2I6L0DM+oX5L8RoMeIwPf3av8Kx15krOnRjKY6MGu0H8r3X0P1fG6L9MyAxMGR1CcyOIGwy+PjheG/6ifULerZ5jjYI2sO1CEuUjrlBRhyPHZDmuk7G8JuJjSOyImBru6Rwa3R2V0MIETpn/u7g1o97W99NlmT9QYz5CWw4jDL+SNgf3Vm6RzJcnowutYpweqPgJc5woku8lU3W54AG17n/AKi4cRhxOotaGvyBwPyV4vGFzs+0E35WUk0CUWpUPycBuLiQPJJklHd+ErBk/TyGRunAaKnOyjkS0T+wdtjzSTB9zw26s8phb2a+bAHdDx3sPdJITLITqrKx2PqNxGu4LYzO+TByA3TIe1jv/wCvysIaFUggshzjpWZJPtA+EOJGHl4qj26tLDra0bIGtoiASbXqvpboUWd0+WTItrWyFzSDV/avLObZC959KNkl6Pmti0Yoy/8AKRlMatmP14jJYyn9/YwC7XnZAGjfNL0+IyJv0znzuaDIJQ0E8gbOl5qVtyAIro03sgmuwhbMk5mxnMa3YI3/AAqGP09872tFNHuStJkYw2TBxDiWa/NoixK2NG1vZ3GwXUW+1qlkYzfWlDBTWnj4T4C5z6b+75TcHBnzpcwRtDiyMuf8BYz2ZQIZICOAVsYQ/VSUG91xuNfgLGeKcvQfSzg3JLn1XpuaB+QUQIyzN/svjA1ZKrMAc4N8k1SbkHske0cdx/5XYTjHlxyCrab4WFFzRmCcg+Cuc4ykNGySm9QN5LneXbTOnxNLDO7kGgFgiJMf0nEHwtR3Z/pOOGfuBJcqWVJchCBmQWtLCdeFjLQrJNuXdPDH5UTZDUZdRPwlvcQT3IWHteCNUbWN7NrqUIweoSxM0y7b+FoYGHFl9Kml0ZGO2PhY2RP+qjid/WwdpKsdD6j+jlfA51RTfafz4SvoonszZnnvJHCQ8hxtW81nbM+h9p4QYMTDO0yAuA3XFoomVQAOCiNlNnZUrh7lWYOnuniLm1/dEHRSTsR1zsaeL2gmjMRo8gqYGPEoNaWCOyIBDPKCDX9Kqv0ruTchB5KmDpMmY13YWhw8ONWsMUG7KM6C7sLHdp0bTJIu0BYUBrg817JjZDE4gGlZ6dhsyGS3qQcflVZWOY8hwooezNVsGSi6/dQwOJoC1FhNhf2SAomDfjTRtDnxuDTwaTsGY404eBY4P4VxmSZ4g0usjge/wkZDQ13dQb7gIFUq2KzoxJJ6reDvaQJO5lEcJkk4d3VVewVcuq68ogRDioJsIrBQrChMdRAJTBJ6bgQdpB1tdZr5QNZcOZ3tIdRSB5NjaRXnf8Iw+hoeEEDsk2FLTpDdgKWArMKLTcWRxbTCb9k+TGMURDm0V2LkhraJ2r73MnxwD+8LdjKjAkZRtByrk8IBOlW7aKIjA34UmwuA9kThaDCHDL2HnlMdMCq1Ui7rTBsY9w1qkbYhIBWykd3cmMlMfCRD+znNcwkcEKGOpWGubMO5wtx5KVKwNP2hb+jVsayZzRQKm+4Wdql3EOq0zuIA2stGewphtJPgIrJ5Kit2skYsYEXqSEHhWMjHDTVBVIJnRk9vhXIsoSc88LNGK3Z2vtNa8sGkcjKspNmkoeiXO70iRpDtInAi9oWOvnlEALZDeypcAQD7pZ/d/Kkus8IgONjja5riXfKOvtFqWMaTrlAIxp7hahsduBU9pBRxAuu1vRj/2Q==",
      "filename": "x0WpldV.jpg",
      "creacion": "2015-05-13T14:37:16.192Z",
      "descripcion": "Unlimited Blade Works",
      "nombre": "UBW",
      "lenguaje": null
   },
   "model": "project.adjunto",
   "pk": 10
},
{
   "fields": {
      "format": "json",
      "object_repr": "ESTO NO TIENE QUE SALIR",
      "object_id": "15",
      "content_type": [
         "project",
         "userstory"
      ],
      "object_id_int": 15,
      "serialized_data": "[{\"fields\": {\"tiempo_estimado\": 20, \"descripcion\": \"a;sdljfaoisdjfoasd\", \"nombre\": \"ESTO NO TIENE QUE SALIR\", \"prioridad\": 0, \"valor_negocio\": 20, \"valor_tecnico\": 30}, \"model\": \"project.userstory\", \"pk\": 15}]",
      "revision": 1
   },
   "model": "reversion.version",
   "pk": 1
},
{
   "fields": {
      "format": "json",
      "object_repr": "ESTO NO TIENE QUE SALIR",
      "object_id": "15",
      "content_type": [
         "project",
         "userstory"
      ],
      "object_id_int": 15,
      "serialized_data": "[{\"fields\": {\"tiempo_estimado\": 20, \"descripcion\": \"a;sdljfaoisdjfoasd\", \"nombre\": \"ESTO NO TIENE QUE SALIR\", \"prioridad\": 0, \"valor_negocio\": 20, \"valor_tecnico\": 30}, \"model\": \"project.userstory\", \"pk\": 15}]",
      "revision": 2
   },
   "model": "reversion.version",
   "pk": 2
},
{
   "fields": {
      "format": "json",
      "object_repr": "Iniciar sesion",
      "object_id": "1",
      "content_type": [
         "project",
         "userstory"
      ],
      "object_id_int": 1,
      "serialized_data": "[{\"fields\": {\"tiempo_estimado\": 5, \"descripcion\": \"Inicio de sesion en el sistema\", \"nombre\": \"Iniciar sesion\", \"prioridad\": 0, \"valor_negocio\": 20, \"valor_tecnico\": 30}, \"model\": \"project.userstory\", \"pk\": 1}]",
      "revision": 3
   },
   "model": "reversion.version",
   "pk": 3
},
{
   "fields": {
      "format": "json",
      "object_repr": "Cerrar sesion",
      "object_id": "2",
      "content_type": [
         "project",
         "userstory"
      ],
      "object_id_int": 2,
      "serialized_data": "[{\"fields\": {\"tiempo_estimado\": 5, \"descripcion\": \"Cerrar de sesion en el sistema\", \"nombre\": \"Cerrar sesion\", \"prioridad\": 0, \"valor_negocio\": 20, \"valor_tecnico\": 30}, \"model\": \"project.userstory\", \"pk\": 2}]",
      "revision": 4
   },
   "model": "reversion.version",
   "pk": 4
},
{
   "fields": {
      "format": "json",
      "object_repr": "Cerrar sesion",
      "object_id": "2",
      "content_type": [
         "project",
         "userstory"
      ],
      "object_id_int": 2,
      "serialized_data": "[{\"fields\": {\"tiempo_estimado\": 5, \"descripcion\": \"Cerrar de sesion en el sistema\", \"nombre\": \"Cerrar sesion\", \"prioridad\": 0, \"valor_negocio\": 20, \"valor_tecnico\": 30}, \"model\": \"project.userstory\", \"pk\": 2}]",
      "revision": 5
   },
   "model": "reversion.version",
   "pk": 5
},
{
   "fields": {
      "format": "json",
      "object_repr": "Cambiar contrasena",
      "object_id": "3",
      "content_type": [
         "project",
         "userstory"
      ],
      "object_id_int": 3,
      "serialized_data": "[{\"fields\": {\"tiempo_estimado\": 5, \"descripcion\": \"Cambia contrasena del ususario\", \"nombre\": \"Cambiar contrasena\", \"prioridad\": 0, \"valor_negocio\": 20, \"valor_tecnico\": 30}, \"model\": \"project.userstory\", \"pk\": 3}]",
      "revision": 6
   },
   "model": "reversion.version",
   "pk": 6
},
{
   "fields": {
      "format": "json",
      "object_repr": "Restaurar contrasena",
      "object_id": "4",
      "content_type": [
         "project",
         "userstory"
      ],
      "object_id_int": 4,
      "serialized_data": "[{\"fields\": {\"tiempo_estimado\": 5, \"descripcion\": \"Restaura la contrasena a un valor predeterminado\", \"nombre\": \"Restaurar contrasena\", \"prioridad\": 0, \"valor_negocio\": 20, \"valor_tecnico\": 30}, \"model\": \"project.userstory\", \"pk\": 4}]",
      "revision": 7
   },
   "model": "reversion.version",
   "pk": 7
},
{
   "fields": {
      "format": "json",
      "object_repr": "Iniciar sesion",
      "object_id": "1",
      "content_type": [
         "project",
         "userstory"
      ],
      "object_id_int": 1,
      "serialized_data": "[{\"fields\": {\"tiempo_estimado\": 5, \"descripcion\": \"Inicio de sesion en el sistema\", \"nombre\": \"Iniciar sesion\", \"prioridad\": 0, \"valor_negocio\": 20, \"valor_tecnico\": 30}, \"model\": \"project.userstory\", \"pk\": 1}]",
      "revision": 8
   },
   "model": "reversion.version",
   "pk": 8
},
{
   "fields": {
      "format": "json",
      "object_repr": "Iniciar sesion",
      "object_id": "1",
      "content_type": [
         "project",
         "userstory"
      ],
      "object_id_int": 1,
      "serialized_data": "[{\"fields\": {\"tiempo_estimado\": 5, \"descripcion\": \"Inicio de sesion en el sistema\", \"nombre\": \"Iniciar sesion\", \"prioridad\": 0, \"valor_negocio\": 20, \"valor_tecnico\": 30}, \"model\": \"project.userstory\", \"pk\": 1}]",
      "revision": 9
   },
   "model": "reversion.version",
   "pk": 9
},
{
   "fields": {
      "format": "json",
      "object_repr": "Buscar Proyecto",
      "object_id": "10",
      "content_type": [
         "project",
         "userstory"
      ],
      "object_id_int": 10,
      "serialized_data": "[{\"fields\": {\"tiempo_estimado\": 5, \"descripcion\": \"Busca los proyectos en el sistema\", \"nombre\": \"Buscar Proyecto\", \"prioridad\": 1, \"valor_negocio\": 20, \"valor_tecnico\": 30}, \"model\": \"project.userstory\", \"pk\": 10}]",
      "revision": 10
   },
   "model": "reversion.version",
   "pk": 10
},
{
   "fields": {
      "format": "json",
      "object_repr": "Buscar Proyecto",
      "object_id": "10",
      "content_type": [
         "project",
         "userstory"
      ],
      "object_id_int": 10,
      "serialized_data": "[{\"fields\": {\"tiempo_estimado\": 7, \"descripcion\": \"Busca los proyectos en el sistema\", \"nombre\": \"Buscar Proyecto\", \"prioridad\": 1, \"valor_negocio\": 20, \"valor_tecnico\": 30}, \"model\": \"project.userstory\", \"pk\": 10}]",
      "revision": 11
   },
   "model": "reversion.version",
   "pk": 11
},
{
   "fields": {
      "format": "json",
      "object_repr": "Buscar Proyecto",
      "object_id": "10",
      "content_type": [
         "project",
         "userstory"
      ],
      "object_id_int": 10,
      "serialized_data": "[{\"fields\": {\"tiempo_estimado\": 7, \"descripcion\": \"Busca los proyectos en el sistema\", \"nombre\": \"Buscar Proyecto\", \"prioridad\": 1, \"valor_negocio\": 20, \"valor_tecnico\": 30}, \"model\": \"project.userstory\", \"pk\": 10}]",
      "revision": 12
   },
   "model": "reversion.version",
   "pk": 12
},
{
   "fields": {
      "format": "json",
      "object_repr": "Buscar Proyecto",
      "object_id": "10",
      "content_type": [
         "project",
         "userstory"
      ],
      "object_id_int": 10,
      "serialized_data": "[{\"fields\": {\"tiempo_estimado\": 7, \"descripcion\": \"Busca los proyectos en el sistema\", \"nombre\": \"Buscar Proyecto\", \"prioridad\": 1, \"valor_negocio\": 20, \"valor_tecnico\": 30}, \"model\": \"project.userstory\", \"pk\": 10}]",
      "revision": 13
   },
   "model": "reversion.version",
   "pk": 13
},
{
   "fields": {
      "format": "json",
      "object_repr": "Crear Usuario",
      "object_id": "12",
      "content_type": [
         "project",
         "userstory"
      ],
      "object_id_int": 12,
      "serialized_data": "[{\"fields\": {\"tiempo_estimado\": 5, \"descripcion\": \"Crear Usuario  en el sistema\", \"nombre\": \"Crear Usuario\", \"prioridad\": 0, \"valor_negocio\": 20, \"valor_tecnico\": 30}, \"model\": \"project.userstory\", \"pk\": 12}]",
      "revision": 13
   },
   "model": "reversion.version",
   "pk": 14
},
{
   "fields": {
      "format": "json",
      "object_repr": "Editar Usuario",
      "object_id": "13",
      "content_type": [
         "project",
         "userstory"
      ],
      "object_id_int": 13,
      "serialized_data": "[{\"fields\": {\"tiempo_estimado\": 5, \"descripcion\": \"Edita un Usuario  en el sistema\", \"nombre\": \"Editar Usuario\", \"prioridad\": 0, \"valor_negocio\": 20, \"valor_tecnico\": 30}, \"model\": \"project.userstory\", \"pk\": 13}]",
      "revision": 13
   },
   "model": "reversion.version",
   "pk": 15
},
{
   "fields": {
      "format": "json",
      "object_repr": "Eliminar Usuario",
      "object_id": "14",
      "content_type": [
         "project",
         "userstory"
      ],
      "object_id_int": 14,
      "serialized_data": "[{\"fields\": {\"tiempo_estimado\": 5, \"descripcion\": \"Elimina un Usuario  en el sistema\", \"nombre\": \"Eliminar Usuario\", \"prioridad\": 0, \"valor_negocio\": 20, \"valor_tecnico\": 30}, \"model\": \"project.userstory\", \"pk\": 14}]",
      "revision": 13
   },
   "model": "reversion.version",
   "pk": 16
},
{
   "fields": {
      "format": "json",
      "object_repr": "Iniciar sesion",
      "object_id": "1",
      "content_type": [
         "project",
         "userstory"
      ],
      "object_id_int": 1,
      "serialized_data": "[{\"fields\": {\"tiempo_estimado\": 5, \"descripcion\": \"Inicio de sesion en el sistema\", \"nombre\": \"Iniciar sesion\", \"prioridad\": 2, \"valor_negocio\": 20, \"valor_tecnico\": 30}, \"model\": \"project.userstory\", \"pk\": 1}]",
      "revision": 14
   },
   "model": "reversion.version",
   "pk": 17
},
{
   "fields": {
      "format": "json",
      "object_repr": "Cerrar sesion",
      "object_id": "2",
      "content_type": [
         "project",
         "userstory"
      ],
      "object_id_int": 2,
      "serialized_data": "[{\"fields\": {\"tiempo_estimado\": 5, \"descripcion\": \"Cerrar de sesion en el sistema\", \"nombre\": \"Cerrar sesion\", \"prioridad\": 1, \"valor_negocio\": 20, \"valor_tecnico\": 30}, \"model\": \"project.userstory\", \"pk\": 2}]",
      "revision": 15
   },
   "model": "reversion.version",
   "pk": 18
},
{
   "fields": {
      "format": "json",
      "object_repr": "Restaurar contrasena",
      "object_id": "4",
      "content_type": [
         "project",
         "userstory"
      ],
      "object_id_int": 4,
      "serialized_data": "[{\"fields\": {\"tiempo_estimado\": 5, \"descripcion\": \"Restaura la contrasena a un valor predeterminado\", \"nombre\": \"Restaurar contrasena\", \"prioridad\": 1, \"valor_negocio\": 20, \"valor_tecnico\": 30}, \"model\": \"project.userstory\", \"pk\": 4}]",
      "revision": 16
   },
   "model": "reversion.version",
   "pk": 19
},
{
   "fields": {
      "format": "json",
      "object_repr": "Iniciar sesion",
      "object_id": "1",
      "content_type": [
         "project",
         "userstory"
      ],
      "object_id_int": 1,
      "serialized_data": "[{\"fields\": {\"tiempo_estimado\": 5, \"descripcion\": \"Inicio de sesion en el sistema\", \"nombre\": \"Iniciar sesion\", \"prioridad\": 2, \"valor_negocio\": 20, \"valor_tecnico\": 30}, \"model\": \"project.userstory\", \"pk\": 1}]",
      "revision": 17
   },
   "model": "reversion.version",
   "pk": 20
},
{
   "fields": {
      "format": "json",
      "object_repr": "Restaurar contrasena",
      "object_id": "4",
      "content_type": [
         "project",
         "userstory"
      ],
      "object_id_int": 4,
      "serialized_data": "[{\"fields\": {\"tiempo_estimado\": 5, \"descripcion\": \"Restaura la contrasena a un valor predeterminado\", \"nombre\": \"Restaurar contrasena\", \"prioridad\": 1, \"valor_negocio\": 20, \"valor_tecnico\": 30}, \"model\": \"project.userstory\", \"pk\": 4}]",
      "revision": 18
   },
   "model": "reversion.version",
   "pk": 21
},
{
   "fields": {
      "format": "json",
      "object_repr": "Iniciar sesion",
      "object_id": "1",
      "content_type": [
         "project",
         "userstory"
      ],
      "object_id_int": 1,
      "serialized_data": "[{\"fields\": {\"tiempo_estimado\": 5, \"descripcion\": \"Inicio de sesion en el sistema\", \"nombre\": \"Iniciar sesion\", \"prioridad\": 2, \"valor_negocio\": 20, \"valor_tecnico\": 30}, \"model\": \"project.userstory\", \"pk\": 1}]",
      "revision": 19
   },
   "model": "reversion.version",
   "pk": 22
},
{
   "fields": {
      "format": "json",
      "object_repr": "Probar instrumentos",
      "object_id": "16",
      "content_type": [
         "project",
         "userstory"
      ],
      "object_id_int": 16,
      "serialized_data": "[{\"fields\": {\"tiempo_estimado\": 6, \"descripcion\": \"Adquirir los instrumentos para poder crear un xbox\", \"nombre\": \"Probar instrumentos\", \"prioridad\": 2, \"valor_negocio\": 3, \"valor_tecnico\": 11}, \"model\": \"project.userstory\", \"pk\": 16}]",
      "revision": 20
   },
   "model": "reversion.version",
   "pk": 23
},
{
   "fields": {
      "format": "json",
      "object_repr": "Ensamblar las componentes",
      "object_id": "17",
      "content_type": [
         "project",
         "userstory"
      ],
      "object_id_int": 17,
      "serialized_data": "[{\"fields\": {\"tiempo_estimado\": 9, \"descripcion\": \"Poner todos las componentes dentro del sistema xbox\", \"nombre\": \"Ensamblar las componentes\", \"prioridad\": 1, \"valor_negocio\": 10, \"valor_tecnico\": 8}, \"model\": \"project.userstory\", \"pk\": 17}]",
      "revision": 21
   },
   "model": "reversion.version",
   "pk": 24
},
{
   "fields": {
      "format": "json",
      "object_repr": "Instalar software",
      "object_id": "18",
      "content_type": [
         "project",
         "userstory"
      ],
      "object_id_int": 18,
      "serialized_data": "[{\"fields\": {\"tiempo_estimado\": 20, \"descripcion\": \"Instalacion del software del sistema que va a tener\", \"nombre\": \"Instalar software\", \"prioridad\": 0, \"valor_negocio\": 20, \"valor_tecnico\": 10}, \"model\": \"project.userstory\", \"pk\": 18}]",
      "revision": 22
   },
   "model": "reversion.version",
   "pk": 25
},
{
   "fields": {
      "format": "json",
      "object_repr": "Probar instrumentos",
      "object_id": "16",
      "content_type": [
         "project",
         "userstory"
      ],
      "object_id_int": 16,
      "serialized_data": "[{\"fields\": {\"tiempo_estimado\": 6, \"descripcion\": \"Adquirir los instrumentos para poder crear un xbox\", \"nombre\": \"Probar instrumentos\", \"prioridad\": 2, \"valor_negocio\": 3, \"valor_tecnico\": 11}, \"model\": \"project.userstory\", \"pk\": 16}]",
      "revision": 23
   },
   "model": "reversion.version",
   "pk": 26
},
{
   "fields": {
      "format": "json",
      "object_repr": "Ensamblar las componentes",
      "object_id": "17",
      "content_type": [
         "project",
         "userstory"
      ],
      "object_id_int": 17,
      "serialized_data": "[{\"fields\": {\"tiempo_estimado\": 9, \"descripcion\": \"Poner todos las componentes dentro del sistema xbox\", \"nombre\": \"Ensamblar las componentes\", \"prioridad\": 1, \"valor_negocio\": 10, \"valor_tecnico\": 8}, \"model\": \"project.userstory\", \"pk\": 17}]",
      "revision": 23
   },
   "model": "reversion.version",
   "pk": 27
},
{
   "fields": {
      "format": "json",
      "object_repr": "Instalar software",
      "object_id": "18",
      "content_type": [
         "project",
         "userstory"
      ],
      "object_id_int": 18,
      "serialized_data": "[{\"fields\": {\"tiempo_estimado\": 20, \"descripcion\": \"Instalacion del software del sistema que va a tener\", \"nombre\": \"Instalar software\", \"prioridad\": 0, \"valor_negocio\": 20, \"valor_tecnico\": 10}, \"model\": \"project.userstory\", \"pk\": 18}]",
      "revision": 23
   },
   "model": "reversion.version",
   "pk": 28
},
{
   "fields": {
      "format": "json",
      "object_repr": "Probar instrumentos",
      "object_id": "16",
      "content_type": [
         "project",
         "userstory"
      ],
      "object_id_int": 16,
      "serialized_data": "[{\"fields\": {\"tiempo_estimado\": 6, \"descripcion\": \"Adquirir los instrumentos para poder crear un xbox\", \"nombre\": \"Probar instrumentos\", \"prioridad\": 2, \"valor_negocio\": 3, \"valor_tecnico\": 11}, \"model\": \"project.userstory\", \"pk\": 16}]",
      "revision": 24
   },
   "model": "reversion.version",
   "pk": 29
},
{
   "fields": {
      "format": "json",
      "object_repr": "Crear Personajes",
      "object_id": "19",
      "content_type": [
         "project",
         "userstory"
      ],
      "object_id_int": 19,
      "serialized_data": "[{\"fields\": {\"tiempo_estimado\": 11, \"descripcion\": \"Creacion de los personajes del sistema\", \"nombre\": \"Crear Personajes\", \"prioridad\": 2, \"valor_negocio\": 10, \"valor_tecnico\": 12}, \"model\": \"project.userstory\", \"pk\": 19}]",
      "revision": 25
   },
   "model": "reversion.version",
   "pk": 30
},
{
   "fields": {
      "format": "json",
      "object_repr": "Crear Ambiente",
      "object_id": "20",
      "content_type": [
         "project",
         "userstory"
      ],
      "object_id_int": 20,
      "serialized_data": "[{\"fields\": {\"tiempo_estimado\": 14, \"descripcion\": \"Creacion del ambiente en el que se le pondra a los personajes\", \"nombre\": \"Crear Ambiente\", \"prioridad\": 0, \"valor_negocio\": 10, \"valor_tecnico\": 15}, \"model\": \"project.userstory\", \"pk\": 20}]",
      "revision": 26
   },
   "model": "reversion.version",
   "pk": 31
},
{
   "fields": {
      "format": "json",
      "object_repr": "Creacion de nivel",
      "object_id": "21",
      "content_type": [
         "project",
         "userstory"
      ],
      "object_id_int": 21,
      "serialized_data": "[{\"fields\": {\"tiempo_estimado\": 30, \"descripcion\": \"Creacion de los niveles cada vez que el usuario gana el juego, hasta un maximo de 5 niveles aumentando la dificultad\", \"nombre\": \"Creacion de nivel\", \"prioridad\": 1, \"valor_negocio\": 15, \"valor_tecnico\": 10}, \"model\": \"project.userstory\", \"pk\": 21}]",
      "revision": 27
   },
   "model": "reversion.version",
   "pk": 32
},
{
   "fields": {
      "format": "json",
      "object_repr": "Crear Personajes",
      "object_id": "19",
      "content_type": [
         "project",
         "userstory"
      ],
      "object_id_int": 19,
      "serialized_data": "[{\"fields\": {\"tiempo_estimado\": 11, \"descripcion\": \"Creacion de los personajes del sistema\", \"nombre\": \"Crear Personajes\", \"prioridad\": 2, \"valor_negocio\": 10, \"valor_tecnico\": 12}, \"model\": \"project.userstory\", \"pk\": 19}]",
      "revision": 28
   },
   "model": "reversion.version",
   "pk": 33
},
{
   "fields": {
      "format": "json",
      "object_repr": "Crear Ambiente",
      "object_id": "20",
      "content_type": [
         "project",
         "userstory"
      ],
      "object_id_int": 20,
      "serialized_data": "[{\"fields\": {\"tiempo_estimado\": 14, \"descripcion\": \"Creacion del ambiente en el que se le pondra a los personajes\", \"nombre\": \"Crear Ambiente\", \"prioridad\": 0, \"valor_negocio\": 10, \"valor_tecnico\": 15}, \"model\": \"project.userstory\", \"pk\": 20}]",
      "revision": 28
   },
   "model": "reversion.version",
   "pk": 34
},
{
   "fields": {
      "format": "json",
      "object_repr": "Creacion de nivel",
      "object_id": "21",
      "content_type": [
         "project",
         "userstory"
      ],
      "object_id_int": 21,
      "serialized_data": "[{\"fields\": {\"tiempo_estimado\": 30, \"descripcion\": \"Creacion de los niveles cada vez que el usuario gana el juego, hasta un maximo de 5 niveles aumentando la dificultad\", \"nombre\": \"Creacion de nivel\", \"prioridad\": 1, \"valor_negocio\": 15, \"valor_tecnico\": 10}, \"model\": \"project.userstory\", \"pk\": 21}]",
      "revision": 28
   },
   "model": "reversion.version",
   "pk": 35
},
{
   "fields": {
      "format": "json",
      "object_repr": "Contruir una muestra",
      "object_id": "22",
      "content_type": [
         "project",
         "userstory"
      ],
      "object_id_int": 22,
      "serialized_data": "[{\"fields\": {\"tiempo_estimado\": 40, \"descripcion\": \"Contruccion de una muestra del kinect\", \"nombre\": \"Contruir una muestra\", \"prioridad\": 0, \"valor_negocio\": 13, \"valor_tecnico\": 20}, \"model\": \"project.userstory\", \"pk\": 22}]",
      "revision": 29
   },
   "model": "reversion.version",
   "pk": 36
},
{
   "fields": {
      "format": "json",
      "object_repr": "Contruccion de sensor de movimiento",
      "object_id": "23",
      "content_type": [
         "project",
         "userstory"
      ],
      "object_id_int": 23,
      "serialized_data": "[{\"fields\": {\"tiempo_estimado\": 30, \"descripcion\": \"Contruir un sensor de moviemiento para el kinect\", \"nombre\": \"Contruccion de sensor de movimiento\", \"prioridad\": 1, \"valor_negocio\": 12, \"valor_tecnico\": 25}, \"model\": \"project.userstory\", \"pk\": 23}]",
      "revision": 30
   },
   "model": "reversion.version",
   "pk": 37
},
{
   "fields": {
      "format": "json",
      "object_repr": "Contruir una muestra",
      "object_id": "22",
      "content_type": [
         "project",
         "userstory"
      ],
      "object_id_int": 22,
      "serialized_data": "[{\"fields\": {\"tiempo_estimado\": 40, \"descripcion\": \"Contruccion de una muestra del kinect\", \"nombre\": \"Contruir una muestra\", \"prioridad\": 0, \"valor_negocio\": 13, \"valor_tecnico\": 20}, \"model\": \"project.userstory\", \"pk\": 22}]",
      "revision": 31
   },
   "model": "reversion.version",
   "pk": 38
},
{
   "fields": {
      "format": "json",
      "object_repr": "Contruccion de sensor de movimiento",
      "object_id": "23",
      "content_type": [
         "project",
         "userstory"
      ],
      "object_id_int": 23,
      "serialized_data": "[{\"fields\": {\"tiempo_estimado\": 30, \"descripcion\": \"Contruir un sensor de moviemiento para el kinect\", \"nombre\": \"Contruccion de sensor de movimiento\", \"prioridad\": 1, \"valor_negocio\": 12, \"valor_tecnico\": 25}, \"model\": \"project.userstory\", \"pk\": 23}]",
      "revision": 31
   },
   "model": "reversion.version",
   "pk": 39
},
{
   "fields": {
      "format": "json",
      "object_repr": "Contruccion de sensor de movimiento",
      "object_id": "23",
      "content_type": [
         "project",
         "userstory"
      ],
      "object_id_int": 23,
      "serialized_data": "[{\"fields\": {\"tiempo_estimado\": 30, \"descripcion\": \"Contruir un sensor de moviemiento para el kinect\", \"nombre\": \"Contruccion de sensor de movimiento\", \"prioridad\": 1, \"valor_negocio\": 12, \"valor_tecnico\": 25}, \"model\": \"project.userstory\", \"pk\": 23}]",
      "revision": 32
   },
   "model": "reversion.version",
   "pk": 40
},
{
   "fields": {
      "format": "json",
      "object_repr": "Crear Inicio",
      "object_id": "24",
      "content_type": [
         "project",
         "userstory"
      ],
      "object_id_int": 24,
      "serialized_data": "[{\"fields\": {\"tiempo_estimado\": 20, \"descripcion\": \"Creacion del inicio de la serie\", \"nombre\": \"Crear Inicio\", \"prioridad\": 0, \"valor_negocio\": 6, \"valor_tecnico\": 13}, \"model\": \"project.userstory\", \"pk\": 24}]",
      "revision": 33
   },
   "model": "reversion.version",
   "pk": 41
},
{
   "fields": {
      "format": "json",
      "object_repr": "crear trama",
      "object_id": "25",
      "content_type": [
         "project",
         "userstory"
      ],
      "object_id_int": 25,
      "serialized_data": "[{\"fields\": {\"tiempo_estimado\": 12, \"descripcion\": \"Creacion de la trama de la serie  japonesa\", \"nombre\": \"crear trama\", \"prioridad\": 0, \"valor_negocio\": 15, \"valor_tecnico\": 16}, \"model\": \"project.userstory\", \"pk\": 25}]",
      "revision": 34
   },
   "model": "reversion.version",
   "pk": 42
},
{
   "fields": {
      "format": "json",
      "object_repr": "Finalizar Trama",
      "object_id": "26",
      "content_type": [
         "project",
         "userstory"
      ],
      "object_id_int": 26,
      "serialized_data": "[{\"fields\": {\"tiempo_estimado\": 50, \"descripcion\": \"Finalizacion de la trama y serie japonesa(Muere el actor prinicipal y revive con las  esferas del dragon\", \"nombre\": \"Finalizar Trama\", \"prioridad\": 0, \"valor_negocio\": 29, \"valor_tecnico\": 21}, \"model\": \"project.userstory\", \"pk\": 26}]",
      "revision": 35
   },
   "model": "reversion.version",
   "pk": 43
},
{
   "fields": {
      "format": "json",
      "object_repr": "Crear Inicio",
      "object_id": "24",
      "content_type": [
         "project",
         "userstory"
      ],
      "object_id_int": 24,
      "serialized_data": "[{\"fields\": {\"tiempo_estimado\": 20, \"descripcion\": \"Creacion del inicio de la serie\", \"nombre\": \"Crear Inicio\", \"prioridad\": 0, \"valor_negocio\": 6, \"valor_tecnico\": 13}, \"model\": \"project.userstory\", \"pk\": 24}]",
      "revision": 36
   },
   "model": "reversion.version",
   "pk": 44
},
{
   "fields": {
      "format": "json",
      "object_repr": "crear trama",
      "object_id": "25",
      "content_type": [
         "project",
         "userstory"
      ],
      "object_id_int": 25,
      "serialized_data": "[{\"fields\": {\"tiempo_estimado\": 12, \"descripcion\": \"Creacion de la trama de la serie  japonesa\", \"nombre\": \"crear trama\", \"prioridad\": 0, \"valor_negocio\": 15, \"valor_tecnico\": 16}, \"model\": \"project.userstory\", \"pk\": 25}]",
      "revision": 36
   },
   "model": "reversion.version",
   "pk": 45
},
{
   "fields": {
      "format": "json",
      "object_repr": "Finalizar Trama",
      "object_id": "26",
      "content_type": [
         "project",
         "userstory"
      ],
      "object_id_int": 26,
      "serialized_data": "[{\"fields\": {\"tiempo_estimado\": 50, \"descripcion\": \"Finalizacion de la trama y serie japonesa(Muere el actor prinicipal y revive con las  esferas del dragon\", \"nombre\": \"Finalizar Trama\", \"prioridad\": 0, \"valor_negocio\": 29, \"valor_tecnico\": 21}, \"model\": \"project.userstory\", \"pk\": 26}]",
      "revision": 36
   },
   "model": "reversion.version",
   "pk": 46
},
{
   "fields": {
      "format": "json",
      "object_repr": "crear trama",
      "object_id": "25",
      "content_type": [
         "project",
         "userstory"
      ],
      "object_id_int": 25,
      "serialized_data": "[{\"fields\": {\"tiempo_estimado\": 12, \"descripcion\": \"Creacion de la trama de la serie  japonesa\", \"nombre\": \"crear trama\", \"prioridad\": 0, \"valor_negocio\": 15, \"valor_tecnico\": 16}, \"model\": \"project.userstory\", \"pk\": 25}]",
      "revision": 37
   },
   "model": "reversion.version",
   "pk": 47
},
{
   "fields": {
      "format": "json",
      "object_repr": "Crear Inicio",
      "object_id": "24",
      "content_type": [
         "project",
         "userstory"
      ],
      "object_id_int": 24,
      "serialized_data": "[{\"fields\": {\"tiempo_estimado\": 20, \"descripcion\": \"Creacion del inicio de la serie\", \"nombre\": \"Crear Inicio\", \"prioridad\": 0, \"valor_negocio\": 6, \"valor_tecnico\": 13}, \"model\": \"project.userstory\", \"pk\": 24}]",
      "revision": 38
   },
   "model": "reversion.version",
   "pk": 48
},
{
   "fields": {
      "format": "json",
      "object_repr": "Finalizar Trama",
      "object_id": "26",
      "content_type": [
         "project",
         "userstory"
      ],
      "object_id_int": 26,
      "serialized_data": "[{\"fields\": {\"tiempo_estimado\": 50, \"descripcion\": \"Finalizacion de la trama y serie japonesa(Muere el actor prinicipal y revive con las  esferas del dragon\", \"nombre\": \"Finalizar Trama\", \"prioridad\": 0, \"valor_negocio\": 29, \"valor_tecnico\": 21}, \"model\": \"project.userstory\", \"pk\": 26}]",
      "revision": 39
   },
   "model": "reversion.version",
   "pk": 49
},
{
   "fields": {
      "format": "json",
      "object_repr": "US1",
      "object_id": "27",
      "content_type": [
         "project",
         "userstory"
      ],
      "object_id_int": 27,
      "serialized_data": "[{\"fields\": {\"tiempo_estimado\": 15, \"descripcion\": \"UserStory1\", \"nombre\": \"US1\", \"prioridad\": 1, \"valor_negocio\": 15, \"valor_tecnico\": 15}, \"model\": \"project.userstory\", \"pk\": 27}]",
      "revision": 40
   },
   "model": "reversion.version",
   "pk": 50
},
{
   "fields": {
      "format": "json",
      "object_repr": "US2",
      "object_id": "28",
      "content_type": [
         "project",
         "userstory"
      ],
      "object_id_int": 28,
      "serialized_data": "[{\"fields\": {\"tiempo_estimado\": 20, \"descripcion\": \"User Story 2\", \"nombre\": \"US2\", \"prioridad\": 0, \"valor_negocio\": 20, \"valor_tecnico\": 20}, \"model\": \"project.userstory\", \"pk\": 28}]",
      "revision": 41
   },
   "model": "reversion.version",
   "pk": 51
},
{
   "fields": {
      "format": "json",
      "object_repr": "US3",
      "object_id": "29",
      "content_type": [
         "project",
         "userstory"
      ],
      "object_id_int": 29,
      "serialized_data": "[{\"fields\": {\"tiempo_estimado\": 21, \"descripcion\": \"UserStory3\", \"nombre\": \"US3\", \"prioridad\": 0, \"valor_negocio\": 21, \"valor_tecnico\": 21}, \"model\": \"project.userstory\", \"pk\": 29}]",
      "revision": 42
   },
   "model": "reversion.version",
   "pk": 52
},
{
   "fields": {
      "format": "json",
      "object_repr": "Us4",
      "object_id": "30",
      "content_type": [
         "project",
         "userstory"
      ],
      "object_id_int": 30,
      "serialized_data": "[{\"fields\": {\"tiempo_estimado\": 23, \"descripcion\": \"UserStory 4\", \"nombre\": \"Us4\", \"prioridad\": 0, \"valor_negocio\": 23, \"valor_tecnico\": 23}, \"model\": \"project.userstory\", \"pk\": 30}]",
      "revision": 43
   },
   "model": "reversion.version",
   "pk": 53
},
{
   "fields": {
      "format": "json",
      "object_repr": "US1",
      "object_id": "27",
      "content_type": [
         "project",
         "userstory"
      ],
      "object_id_int": 27,
      "serialized_data": "[{\"fields\": {\"tiempo_estimado\": 15, \"descripcion\": \"UserStory1\", \"nombre\": \"US1\", \"prioridad\": 1, \"valor_negocio\": 15, \"valor_tecnico\": 15}, \"model\": \"project.userstory\", \"pk\": 27}]",
      "revision": 44
   },
   "model": "reversion.version",
   "pk": 54
},
{
   "fields": {
      "format": "json",
      "object_repr": "US2",
      "object_id": "28",
      "content_type": [
         "project",
         "userstory"
      ],
      "object_id_int": 28,
      "serialized_data": "[{\"fields\": {\"tiempo_estimado\": 20, \"descripcion\": \"User Story 2\", \"nombre\": \"US2\", \"prioridad\": 0, \"valor_negocio\": 20, \"valor_tecnico\": 20}, \"model\": \"project.userstory\", \"pk\": 28}]",
      "revision": 44
   },
   "model": "reversion.version",
   "pk": 55
},
{
   "fields": {
      "format": "json",
      "object_repr": "US3",
      "object_id": "29",
      "content_type": [
         "project",
         "userstory"
      ],
      "object_id_int": 29,
      "serialized_data": "[{\"fields\": {\"tiempo_estimado\": 21, \"descripcion\": \"UserStory3\", \"nombre\": \"US3\", \"prioridad\": 0, \"valor_negocio\": 21, \"valor_tecnico\": 21}, \"model\": \"project.userstory\", \"pk\": 29}]",
      "revision": 44
   },
   "model": "reversion.version",
   "pk": 56
},
{
   "fields": {
      "format": "json",
      "object_repr": "Us4",
      "object_id": "30",
      "content_type": [
         "project",
         "userstory"
      ],
      "object_id_int": 30,
      "serialized_data": "[{\"fields\": {\"tiempo_estimado\": 23, \"descripcion\": \"UserStory 4\", \"nombre\": \"Us4\", \"prioridad\": 0, \"valor_negocio\": 23, \"valor_tecnico\": 23}, \"model\": \"project.userstory\", \"pk\": 30}]",
      "revision": 44
   },
   "model": "reversion.version",
   "pk": 57
},
{
   "fields": {
      "format": "json",
      "object_repr": "Crear Mario",
      "object_id": "31",
      "content_type": [
         "project",
         "userstory"
      ],
      "object_id_int": 31,
      "serialized_data": "[{\"fields\": {\"tiempo_estimado\": 16, \"descripcion\": \"Creacion de Mario Bros.\", \"nombre\": \"Crear Mario\", \"prioridad\": 0, \"valor_negocio\": 16, \"valor_tecnico\": 16}, \"model\": \"project.userstory\", \"pk\": 31}]",
      "revision": 45
   },
   "model": "reversion.version",
   "pk": 58
},
{
   "fields": {
      "format": "json",
      "object_repr": "Crear Luigi",
      "object_id": "32",
      "content_type": [
         "project",
         "userstory"
      ],
      "object_id_int": 32,
      "serialized_data": "[{\"fields\": {\"tiempo_estimado\": 15, \"descripcion\": \"Creacion del personaje Luigi\", \"nombre\": \"Crear Luigi\", \"prioridad\": 0, \"valor_negocio\": 15, \"valor_tecnico\": 15}, \"model\": \"project.userstory\", \"pk\": 32}]",
      "revision": 46
   },
   "model": "reversion.version",
   "pk": 59
},
{
   "fields": {
      "format": "json",
      "object_repr": "Crear Peach",
      "object_id": "33",
      "content_type": [
         "project",
         "userstory"
      ],
      "object_id_int": 33,
      "serialized_data": "[{\"fields\": {\"tiempo_estimado\": 23, \"descripcion\": \"Creacion de la princesa peach\", \"nombre\": \"Crear Peach\", \"prioridad\": 0, \"valor_negocio\": 41, \"valor_tecnico\": 50}, \"model\": \"project.userstory\", \"pk\": 33}]",
      "revision": 47
   },
   "model": "reversion.version",
   "pk": 60
},
{
   "fields": {
      "format": "json",
      "object_repr": "Crear Luigi",
      "object_id": "32",
      "content_type": [
         "project",
         "userstory"
      ],
      "object_id_int": 32,
      "serialized_data": "[{\"fields\": {\"tiempo_estimado\": 15, \"descripcion\": \"Creacion del personaje Luigi\", \"nombre\": \"Crear Luigi\", \"prioridad\": 0, \"valor_negocio\": 15, \"valor_tecnico\": 15}, \"model\": \"project.userstory\", \"pk\": 32}]",
      "revision": 48
   },
   "model": "reversion.version",
   "pk": 61
},
{
   "fields": {
      "format": "json",
      "object_repr": "Crear Peach",
      "object_id": "33",
      "content_type": [
         "project",
         "userstory"
      ],
      "object_id_int": 33,
      "serialized_data": "[{\"fields\": {\"tiempo_estimado\": 23, \"descripcion\": \"Creacion de la princesa peach\", \"nombre\": \"Crear Peach\", \"prioridad\": 0, \"valor_negocio\": 41, \"valor_tecnico\": 50}, \"model\": \"project.userstory\", \"pk\": 33}]",
      "revision": 48
   },
   "model": "reversion.version",
   "pk": 62
},
{
   "fields": {
      "format": "json",
      "object_repr": "Crear Mario",
      "object_id": "31",
      "content_type": [
         "project",
         "userstory"
      ],
      "object_id_int": 31,
      "serialized_data": "[{\"fields\": {\"tiempo_estimado\": 16, \"descripcion\": \"Creacion de Mario Bros.\", \"nombre\": \"Crear Mario\", \"prioridad\": 0, \"valor_negocio\": 16, \"valor_tecnico\": 16}, \"model\": \"project.userstory\", \"pk\": 31}]",
      "revision": 48
   },
   "model": "reversion.version",
   "pk": 63
},
{
   "fields": {
      "format": "json",
      "object_repr": "Crear Proyecto",
      "object_id": "5",
      "content_type": [
         "project",
         "userstory"
      ],
      "object_id_int": 5,
      "serialized_data": "[{\"fields\": {\"tiempo_estimado\": 5, \"descripcion\": \"Crea un nuevo proyecto en el sistema\", \"nombre\": \"Crear Proyecto\", \"prioridad\": 0, \"valor_negocio\": 20, \"valor_tecnico\": 30}, \"model\": \"project.userstory\", \"pk\": 5}]",
      "revision": 49
   },
   "model": "reversion.version",
   "pk": 64
},
{
   "fields": {
      "format": "json",
      "object_repr": "Editar Proyecto",
      "object_id": "6",
      "content_type": [
         "project",
         "userstory"
      ],
      "object_id_int": 6,
      "serialized_data": "[{\"fields\": {\"tiempo_estimado\": 5, \"descripcion\": \"Edita los datos de determinado proyecto en el sistema\", \"nombre\": \"Editar Proyecto\", \"prioridad\": 0, \"valor_negocio\": 20, \"valor_tecnico\": 30}, \"model\": \"project.userstory\", \"pk\": 6}]",
      "revision": 50
   },
   "model": "reversion.version",
   "pk": 65
},
{
   "fields": {
      "format": "json",
      "object_repr": "Eliminar Proyecto",
      "object_id": "7",
      "content_type": [
         "project",
         "userstory"
      ],
      "object_id_int": 7,
      "serialized_data": "[{\"fields\": {\"tiempo_estimado\": 5, \"descripcion\": \"Elimina determinado proyecto del sistema\", \"nombre\": \"Eliminar Proyecto\", \"prioridad\": 0, \"valor_negocio\": 20, \"valor_tecnico\": 30}, \"model\": \"project.userstory\", \"pk\": 7}]",
      "revision": 51
   },
   "model": "reversion.version",
   "pk": 66
},
{
   "fields": {
      "format": "json",
      "object_repr": "Priorizacion",
      "object_id": "8",
      "content_type": [
         "project",
         "userstory"
      ],
      "object_id_int": 8,
      "serialized_data": "[{\"fields\": {\"tiempo_estimado\": 5, \"descripcion\": \"Da prioridad a determinado elemento del sistema para que se realice primero\", \"nombre\": \"Priorizacion\", \"prioridad\": 0, \"valor_negocio\": 20, \"valor_tecnico\": 30}, \"model\": \"project.userstory\", \"pk\": 8}]",
      "revision": 52
   },
   "model": "reversion.version",
   "pk": 67
},
{
   "fields": {
      "format": "json",
      "object_repr": "Consultar Proyecto",
      "object_id": "9",
      "content_type": [
         "project",
         "userstory"
      ],
      "object_id_int": 9,
      "serialized_data": "[{\"fields\": {\"tiempo_estimado\": 5, \"descripcion\": \"Detalla los datos del proyecto en el sistema\", \"nombre\": \"Consultar Proyecto\", \"prioridad\": 0, \"valor_negocio\": 20, \"valor_tecnico\": 30}, \"model\": \"project.userstory\", \"pk\": 9}]",
      "revision": 53
   },
   "model": "reversion.version",
   "pk": 68
},
{
   "fields": {
      "format": "json",
      "object_repr": "Gestionar Usuario",
      "object_id": "11",
      "content_type": [
         "project",
         "userstory"
      ],
      "object_id_int": 11,
      "serialized_data": "[{\"fields\": {\"tiempo_estimado\": 5, \"descripcion\": \"Gestiona los usuario en el sistema\", \"nombre\": \"Gestionar Usuario\", \"prioridad\": 0, \"valor_negocio\": 20, \"valor_tecnico\": 30}, \"model\": \"project.userstory\", \"pk\": 11}]",
      "revision": 54
   },
   "model": "reversion.version",
   "pk": 69
},
{
   "fields": {
      "codename": "add_logentry",
      "name": "Can add log entry",
      "content_type": [
         "admin",
         "logentry"
      ]
   },
   "model": "auth.permission",
   "pk": 1
},
{
   "fields": {
      "codename": "change_logentry",
      "name": "Can change log entry",
      "content_type": [
         "admin",
         "logentry"
      ]
   },
   "model": "auth.permission",
   "pk": 2
},
{
   "fields": {
      "codename": "delete_logentry",
      "name": "Can delete log entry",
      "content_type": [
         "admin",
         "logentry"
      ]
   },
   "model": "auth.permission",
   "pk": 3
},
{
   "fields": {
      "codename": "add_permission",
      "name": "Can add permission",
      "content_type": [
         "auth",
         "permission"
      ]
   },
   "model": "auth.permission",
   "pk": 4
},
{
   "fields": {
      "codename": "change_permission",
      "name": "Can change permission",
      "content_type": [
         "auth",
         "permission"
      ]
   },
   "model": "auth.permission",
   "pk": 5
},
{
   "fields": {
      "codename": "delete_permission",
      "name": "Can delete permission",
      "content_type": [
         "auth",
         "permission"
      ]
   },
   "model": "auth.permission",
   "pk": 6
},
{
   "fields": {
      "codename": "add_group",
      "name": "Can add group",
      "content_type": [
         "auth",
         "group"
      ]
   },
   "model": "auth.permission",
   "pk": 7
},
{
   "fields": {
      "codename": "change_group",
      "name": "Can change group",
      "content_type": [
         "auth",
         "group"
      ]
   },
   "model": "auth.permission",
   "pk": 8
},
{
   "fields": {
      "codename": "delete_group",
      "name": "Can delete group",
      "content_type": [
         "auth",
         "group"
      ]
   },
   "model": "auth.permission",
   "pk": 9
},
{
   "fields": {
      "codename": "add_user",
      "name": "Can add user",
      "content_type": [
         "auth",
         "user"
      ]
   },
   "model": "auth.permission",
   "pk": 10
},
{
   "fields": {
      "codename": "change_user",
      "name": "Can change user",
      "content_type": [
         "auth",
         "user"
      ]
   },
   "model": "auth.permission",
   "pk": 11
},
{
   "fields": {
      "codename": "delete_user",
      "name": "Can delete user",
      "content_type": [
         "auth",
         "user"
      ]
   },
   "model": "auth.permission",
   "pk": 12
},
{
   "fields": {
      "codename": "add_contenttype",
      "name": "Can add content type",
      "content_type": [
         "contenttypes",
         "contenttype"
      ]
   },
   "model": "auth.permission",
   "pk": 13
},
{
   "fields": {
      "codename": "change_contenttype",
      "name": "Can change content type",
      "content_type": [
         "contenttypes",
         "contenttype"
      ]
   },
   "model": "auth.permission",
   "pk": 14
},
{
   "fields": {
      "codename": "delete_contenttype",
      "name": "Can delete content type",
      "content_type": [
         "contenttypes",
         "contenttype"
      ]
   },
   "model": "auth.permission",
   "pk": 15
},
{
   "fields": {
      "codename": "add_session",
      "name": "Can add session",
      "content_type": [
         "sessions",
         "session"
      ]
   },
   "model": "auth.permission",
   "pk": 16
},
{
   "fields": {
      "codename": "change_session",
      "name": "Can change session",
      "content_type": [
         "sessions",
         "session"
      ]
   },
   "model": "auth.permission",
   "pk": 17
},
{
   "fields": {
      "codename": "delete_session",
      "name": "Can delete session",
      "content_type": [
         "sessions",
         "session"
      ]
   },
   "model": "auth.permission",
   "pk": 18
},
{
   "fields": {
      "codename": "add_proyecto",
      "name": "Can add proyecto",
      "content_type": [
         "project",
         "proyecto"
      ]
   },
   "model": "auth.permission",
   "pk": 19
},
{
   "fields": {
      "codename": "change_proyecto",
      "name": "Can change proyecto",
      "content_type": [
         "project",
         "proyecto"
      ]
   },
   "model": "auth.permission",
   "pk": 20
},
{
   "fields": {
      "codename": "delete_proyecto",
      "name": "Can delete proyecto",
      "content_type": [
         "project",
         "proyecto"
      ]
   },
   "model": "auth.permission",
   "pk": 21
},
{
   "fields": {
      "codename": "list_all_projects",
      "name": "listar los proyectos disponibles",
      "content_type": [
         "project",
         "proyecto"
      ]
   },
   "model": "auth.permission",
   "pk": 22
},
{
   "fields": {
      "codename": "view_project",
      "name": "ver el proyecto",
      "content_type": [
         "project",
         "proyecto"
      ]
   },
   "model": "auth.permission",
   "pk": 23
},
{
   "fields": {
      "codename": "create_sprint",
      "name": "agregar sprint",
      "content_type": [
         "project",
         "proyecto"
      ]
   },
   "model": "auth.permission",
   "pk": 24
},
{
   "fields": {
      "codename": "edit_sprint",
      "name": "editar sprint",
      "content_type": [
         "project",
         "proyecto"
      ]
   },
   "model": "auth.permission",
   "pk": 25
},
{
   "fields": {
      "codename": "remove_sprint",
      "name": "eliminar sprint",
      "content_type": [
         "project",
         "proyecto"
      ]
   },
   "model": "auth.permission",
   "pk": 26
},
{
   "fields": {
      "codename": "create_flujo",
      "name": "agregar flujo",
      "content_type": [
         "project",
         "proyecto"
      ]
   },
   "model": "auth.permission",
   "pk": 27
},
{
   "fields": {
      "codename": "edit_flujo",
      "name": "editar flujo",
      "content_type": [
         "project",
         "proyecto"
      ]
   },
   "model": "auth.permission",
   "pk": 28
},
{
   "fields": {
      "codename": "remove_flujo",
      "name": "eliminar flujo",
      "content_type": [
         "project",
         "proyecto"
      ]
   },
   "model": "auth.permission",
   "pk": 29
},
{
   "fields": {
      "codename": "create_userstory",
      "name": "agregar userstory",
      "content_type": [
         "project",
         "proyecto"
      ]
   },
   "model": "auth.permission",
   "pk": 30
},
{
   "fields": {
      "codename": "edit_userstory",
      "name": "editar userstory",
      "content_type": [
         "project",
         "proyecto"
      ]
   },
   "model": "auth.permission",
   "pk": 31
},
{
   "fields": {
      "codename": "remove_userstory",
      "name": "eliminar userstory",
      "content_type": [
         "project",
         "proyecto"
      ]
   },
   "model": "auth.permission",
   "pk": 32
},
{
   "fields": {
      "codename": "prioritize_userstory",
      "name": "asignar prioridad a userstories",
      "content_type": [
         "project",
         "proyecto"
      ]
   },
   "model": "auth.permission",
   "pk": 33
},
{
   "fields": {
      "codename": "registraractividad_userstory",
      "name": "registrar avances en userstories",
      "content_type": [
         "project",
         "proyecto"
      ]
   },
   "model": "auth.permission",
   "pk": 34
},
{
   "fields": {
      "codename": "aprobar_userstory",
      "name": "aprobar userstories completados",
      "content_type": [
         "project",
         "proyecto"
      ]
   },
   "model": "auth.permission",
   "pk": 35
},
{
   "fields": {
      "codename": "add_flow_template",
      "name": "agregar plantilla de flujo",
      "content_type": [
         "project",
         "flujo"
      ]
   },
   "model": "auth.permission",
   "pk": 36
},
{
   "fields": {
      "codename": "change_flow_template",
      "name": "editar plantilla de flujo",
      "content_type": [
         "project",
         "flujo"
      ]
   },
   "model": "auth.permission",
   "pk": 37
},
{
   "fields": {
      "codename": "delete_flow_template",
      "name": "eliminar plantilla de flujo",
      "content_type": [
         "project",
         "flujo"
      ]
   },
   "model": "auth.permission",
   "pk": 38
},
{
   "fields": {
      "codename": "add_actividad",
      "name": "Can add actividad",
      "content_type": [
         "project",
         "actividad"
      ]
   },
   "model": "auth.permission",
   "pk": 39
},
{
   "fields": {
      "codename": "change_actividad",
      "name": "Can change actividad",
      "content_type": [
         "project",
         "actividad"
      ]
   },
   "model": "auth.permission",
   "pk": 40
},
{
   "fields": {
      "codename": "delete_actividad",
      "name": "Can delete actividad",
      "content_type": [
         "project",
         "actividad"
      ]
   },
   "model": "auth.permission",
   "pk": 41
},
{
   "fields": {
      "codename": "edit_my_userstory",
      "name": "editar mis userstories",
      "content_type": [
         "project",
         "userstory"
      ]
   },
   "model": "auth.permission",
   "pk": 42
},
{
   "fields": {
      "codename": "registraractividad_my_userstory",
      "name": "registrar avances en mis userstories",
      "content_type": [
         "project",
         "userstory"
      ]
   },
   "model": "auth.permission",
   "pk": 43
},
{
   "fields": {
      "codename": "add_nota",
      "name": "Can add nota",
      "content_type": [
         "project",
         "nota"
      ]
   },
   "model": "auth.permission",
   "pk": 44
},
{
   "fields": {
      "codename": "change_nota",
      "name": "Can change nota",
      "content_type": [
         "project",
         "nota"
      ]
   },
   "model": "auth.permission",
   "pk": 45
},
{
   "fields": {
      "codename": "delete_nota",
      "name": "Can delete nota",
      "content_type": [
         "project",
         "nota"
      ]
   },
   "model": "auth.permission",
   "pk": 46
},
{
   "fields": {
      "codename": "add_adjunto",
      "name": "Can add adjunto",
      "content_type": [
         "project",
         "adjunto"
      ]
   },
   "model": "auth.permission",
   "pk": 47
},
{
   "fields": {
      "codename": "change_adjunto",
      "name": "Can change adjunto",
      "content_type": [
         "project",
         "adjunto"
      ]
   },
   "model": "auth.permission",
   "pk": 48
},
{
   "fields": {
      "codename": "delete_adjunto",
      "name": "Can delete adjunto",
      "content_type": [
         "project",
         "adjunto"
      ]
   },
   "model": "auth.permission",
   "pk": 49
},
{
   "fields": {
      "codename": "add_userobjectpermission",
      "name": "Can add user object permission",
      "content_type": [
         "guardian",
         "userobjectpermission"
      ]
   },
   "model": "auth.permission",
   "pk": 50
},
{
   "fields": {
      "codename": "change_userobjectpermission",
      "name": "Can change user object permission",
      "content_type": [
         "guardian",
         "userobjectpermission"
      ]
   },
   "model": "auth.permission",
   "pk": 51
},
{
   "fields": {
      "codename": "delete_userobjectpermission",
      "name": "Can delete user object permission",
      "content_type": [
         "guardian",
         "userobjectpermission"
      ]
   },
   "model": "auth.permission",
   "pk": 52
},
{
   "fields": {
      "codename": "add_groupobjectpermission",
      "name": "Can add group object permission",
      "content_type": [
         "guardian",
         "groupobjectpermission"
      ]
   },
   "model": "auth.permission",
   "pk": 53
},
{
   "fields": {
      "codename": "change_groupobjectpermission",
      "name": "Can change group object permission",
      "content_type": [
         "guardian",
         "groupobjectpermission"
      ]
   },
   "model": "auth.permission",
   "pk": 54
},
{
   "fields": {
      "codename": "delete_groupobjectpermission",
      "name": "Can delete group object permission",
      "content_type": [
         "guardian",
         "groupobjectpermission"
      ]
   },
   "model": "auth.permission",
   "pk": 55
},
{
   "fields": {
      "codename": "add_revision",
      "name": "Can add revision",
      "content_type": [
         "reversion",
         "revision"
      ]
   },
   "model": "auth.permission",
   "pk": 56
},
{
   "fields": {
      "codename": "change_revision",
      "name": "Can change revision",
      "content_type": [
         "reversion",
         "revision"
      ]
   },
   "model": "auth.permission",
   "pk": 57
},
{
   "fields": {
      "codename": "delete_revision",
      "name": "Can delete revision",
      "content_type": [
         "reversion",
         "revision"
      ]
   },
   "model": "auth.permission",
   "pk": 58
},
{
   "fields": {
      "codename": "add_version",
      "name": "Can add version",
      "content_type": [
         "reversion",
         "version"
      ]
   },
   "model": "auth.permission",
   "pk": 59
},
{
   "fields": {
      "codename": "change_version",
      "name": "Can change version",
      "content_type": [
         "reversion",
         "version"
      ]
   },
   "model": "auth.permission",
   "pk": 60
},
{
   "fields": {
      "codename": "delete_version",
      "name": "Can delete version",
      "content_type": [
         "reversion",
         "version"
      ]
   },
   "model": "auth.permission",
   "pk": 61
},
{
   "fields": {
      "name": "Scrum Master",
      "permissions": [
         [
            "add_proyecto",
            "project",
            "proyecto"
         ],
         [
            "aprobar_userstory",
            "project",
            "proyecto"
         ],
         [
            "change_proyecto",
            "project",
            "proyecto"
         ],
         [
            "create_flujo",
            "project",
            "proyecto"
         ],
         [
            "create_sprint",
            "project",
            "proyecto"
         ],
         [
            "create_userstory",
            "project",
            "proyecto"
         ],
         [
            "delete_proyecto",
            "project",
            "proyecto"
         ],
         [
            "edit_flujo",
            "project",
            "proyecto"
         ],
         [
            "edit_sprint",
            "project",
            "proyecto"
         ],
         [
            "edit_userstory",
            "project",
            "proyecto"
         ],
         [
            "prioritize_userstory",
            "project",
            "proyecto"
         ],
         [
            "registraractividad_userstory",
            "project",
            "proyecto"
         ],
         [
            "remove_flujo",
            "project",
            "proyecto"
         ],
         [
            "remove_sprint",
            "project",
            "proyecto"
         ],
         [
            "remove_userstory",
            "project",
            "proyecto"
         ]
      ]
   },
   "model": "auth.group",
   "pk": 7
},
{
   "fields": {
      "name": "Product Owner",
      "permissions": [
         [
            "create_userstory",
            "project",
            "proyecto"
         ],
         [
            "edit_userstory",
            "project",
            "proyecto"
         ],
         [
            "prioritize_userstory",
            "project",
            "proyecto"
         ]
      ]
   },
   "model": "auth.group",
   "pk": 8
},
{
   "fields": {
      "name": "Developer",
      "permissions": [
         [
            "edit_my_userstory",
            "project",
            "userstory"
         ],
         [
            "registraractividad_my_userstory",
            "project",
            "userstory"
         ]
      ]
   },
   "model": "auth.group",
   "pk": 9
},
{
   "fields": {
      "username": "AnonymousUser",
      "first_name": "",
      "last_name": "",
      "is_active": true,
      "is_superuser": false,
      "is_staff": false,
      "last_login": "2015-04-19T15:39:08.389Z",
      "groups": [],
      "user_permissions": [],
      "password": "",
      "email": "",
      "date_joined": "2015-04-19T15:39:08.389Z"
   },
   "model": "auth.user",
   "pk": -1
},
{
   "fields": {
      "username": "admin",
      "first_name": "",
      "last_name": "",
      "is_active": true,
      "is_superuser": true,
      "is_staff": true,
      "last_login": "2015-05-13T14:30:43.159Z",
      "groups": [],
      "user_permissions": [],
      "password": "pbkdf2_sha256$12000$4SDy4qfSVTXt$44S7wV0mua/jjftwpEZ9oF+BhpAA2BtMNWRhZan8eWY=",
      "email": "admin@admin.com",
      "date_joined": "2015-04-19T15:39:27.007Z"
   },
   "model": "auth.user",
   "pk": 1
},
{
   "fields": {
      "username": "jordan",
      "first_name": "Jordan",
      "last_name": "Ayala",
      "is_active": true,
      "is_superuser": false,
      "is_staff": true,
      "last_login": "2015-05-13T14:24:01.450Z",
      "groups": [],
      "user_permissions": [],
      "password": "pbkdf2_sha256$12000$av8xzAiXWYJW$bRBqHfoGcwid6Z7PT9pH8O7XpV6gPWHgwBHPIJsKWFA=",
      "email": "jayala1993@outlook.com",
      "date_joined": "2015-04-19T15:39:41Z"
   },
   "model": "auth.user",
   "pk": 2
},
{
   "fields": {
      "username": "santi",
      "first_name": "Santiago",
      "last_name": "Ortiz",
      "is_active": true,
      "is_superuser": false,
      "is_staff": true,
      "last_login": "2015-05-02T03:34:21.477Z",
      "groups": [],
      "user_permissions": [],
      "password": "pbkdf2_sha256$12000$5dtswdumbwQa$KsUeqwv39DEyrPluVvYQ4E1OuMoUjVtss0/4IK+Uwb8=",
      "email": "sanmiorto@gmail.com",
      "date_joined": "2015-04-19T15:40:08Z"
   },
   "model": "auth.user",
   "pk": 3
},
{
   "fields": {
      "username": "guille",
      "first_name": "Guillermo",
      "last_name": "Peralta",
      "is_active": true,
      "is_superuser": false,
      "is_staff": true,
      "last_login": "2015-05-02T03:39:02.013Z",
      "groups": [],
      "user_permissions": [],
      "password": "pbkdf2_sha256$12000$dpWPa8lOE43m$lOr8rMNpMMIkNiW5mZxrJO78xdiAiRBjYkUK9lvKy7c=",
      "email": "gperaltascura@gmail.com",
      "date_joined": "2015-04-19T15:40:29Z"
   },
   "model": "auth.user",
   "pk": 4
},
{
   "fields": {
      "username": "bgates",
      "first_name": "Bill",
      "last_name": "Gates",
      "is_active": true,
      "is_superuser": false,
      "is_staff": false,
      "last_login": "2015-04-19T15:40:52Z",
      "groups": [],
      "user_permissions": [],
      "password": "pbkdf2_sha256$12000$8dScKaqIPH7m$ZfSO9iJrXNjSAq6R0+qNlFXsjclu3ib+qiH0q5eJWlA=",
      "email": "bgates@hotmail.com",
      "date_joined": "2015-04-19T15:40:52Z"
   },
   "model": "auth.user",
   "pk": 5
},
{
   "fields": {
      "username": "emusk",
      "first_name": "Elon",
      "last_name": "Musk",
      "is_active": true,
      "is_superuser": false,
      "is_staff": false,
      "last_login": "2015-04-19T15:41:15Z",
      "groups": [],
      "user_permissions": [],
      "password": "pbkdf2_sha256$12000$uskKZUxV9vKE$dO97sQ2Cxd+gJZeDWEAqbOYwRz/QYRSojPGqXgLByqo=",
      "email": "emusk@tesla.com",
      "date_joined": "2015-04-19T15:41:15Z"
   },
   "model": "auth.user",
   "pk": 6
},
{
   "fields": {
      "username": "lpage",
      "first_name": "Larry",
      "last_name": "Page",
      "is_active": true,
      "is_superuser": false,
      "is_staff": false,
      "last_login": "2015-04-19T15:41:32Z",
      "groups": [],
      "user_permissions": [],
      "password": "pbkdf2_sha256$12000$olAZYy39FUBv$hXMNYvjDUNPEPqoxcvzg+oNBl3bPFc1grbKjynq78Qc=",
      "email": "lpage@gmail.com",
      "date_joined": "2015-04-19T15:41:32Z"
   },
   "model": "auth.user",
   "pk": 7
},
{
   "fields": {
      "username": "wwallace",
      "first_name": "William",
      "last_name": "Wallace",
      "is_active": true,
      "is_superuser": false,
      "is_staff": false,
      "last_login": "2015-04-19T15:41:55Z",
      "groups": [],
      "user_permissions": [],
      "password": "pbkdf2_sha256$12000$tSatv0XTlgEa$eCFAImLACxKszEvnUU8cJO1DR0rxHrizKK8vXwrJtGQ=",
      "email": "wwallace@gmail.com",
      "date_joined": "2015-04-19T15:41:55Z"
   },
   "model": "auth.user",
   "pk": 8
},
{
   "fields": {
      "username": "aturing",
      "first_name": "Alan",
      "last_name": "Turing",
      "is_active": true,
      "is_superuser": false,
      "is_staff": false,
      "last_login": "2015-04-19T15:42:18Z",
      "groups": [],
      "user_permissions": [],
      "password": "pbkdf2_sha256$12000$61LIgHrz8hUW$XC92pFNsnxSQZGz8RyCXrV/XKoBgUTvcT+qezjahh+k=",
      "email": "aturing@gmail.com",
      "date_joined": "2015-04-19T15:42:18Z"
   },
   "model": "auth.user",
   "pk": 9
},
{
   "fields": {
      "username": "edijkstra",
      "first_name": "Esdger",
      "last_name": "Dijkstra",
      "is_active": true,
      "is_superuser": false,
      "is_staff": false,
      "last_login": "2015-04-19T15:43:13Z",
      "groups": [],
      "user_permissions": [],
      "password": "pbkdf2_sha256$12000$vMHChf9rqhaV$N4qA/hFWY5tcTtpQixfnOTi730OSZZKIY/b5Uj3N3fM=",
      "email": "edijkstra@gmail.com",
      "date_joined": "2015-04-19T15:43:13Z"
   },
   "model": "auth.user",
   "pk": 10
},
{
   "fields": {
      "username": "shigmiya",
      "first_name": "Shigeru",
      "last_name": "Miyamoto",
      "is_active": true,
      "is_superuser": false,
      "is_staff": false,
      "last_login": "2015-04-19T15:43:58Z",
      "groups": [],
      "user_permissions": [],
      "password": "pbkdf2_sha256$12000$nKEB4RXA4yfg$Srqo+ip3ZrjgHudRux8Cx6rwKGwcmKFbbmwbNZ/6ROI=",
      "email": "shigmiya@nintendo.com",
      "date_joined": "2015-04-19T15:43:58Z"
   },
   "model": "auth.user",
   "pk": 11
},
{
   "fields": {
      "username": "atoriyama",
      "first_name": "Akira",
      "last_name": "Toriyama",
      "is_active": true,
      "is_superuser": false,
      "is_staff": false,
      "last_login": "2015-04-19T15:44:30Z",
      "groups": [],
      "user_permissions": [],
      "password": "pbkdf2_sha256$12000$gPHAc5FKQRzn$Ec7XV51LfXR4UJzEO7vdKUSQXCYEewJxzRsGzwsIqjA=",
      "email": "atoriyama@gmail.com",
      "date_joined": "2015-04-19T15:44:30Z"
   },
   "model": "auth.user",
   "pk": 12
},
{
   "fields": {
      "username": "jcarmack",
      "first_name": "John",
      "last_name": "Carmack",
      "is_active": true,
      "is_superuser": false,
      "is_staff": false,
      "last_login": "2015-04-19T15:45:22Z",
      "groups": [],
      "user_permissions": [],
      "password": "pbkdf2_sha256$12000$Ba2jp5pFDiEf$DlI60crkX3Bk1xRV1XSmm6bdxYdvK/m5oO9wUHHbL94=",
      "email": "jcarmack@idsoft.com",
      "date_joined": "2015-04-19T15:45:22Z"
   },
   "model": "auth.user",
   "pk": 13
},
{
   "fields": {
      "username": "cliffyb",
      "first_name": "Cliff",
      "last_name": "bleszinski",
      "is_active": true,
      "is_superuser": false,
      "is_staff": false,
      "last_login": "2015-04-19T15:46:08Z",
      "groups": [],
      "user_permissions": [],
      "password": "pbkdf2_sha256$12000$1szrM7LcLDWn$FASV0cDRO65zY8+syJMfBJz9nShPScM+1HVGyXf6p/c=",
      "email": "cliffyb@gmail.com",
      "date_joined": "2015-04-19T15:46:08Z"
   },
   "model": "auth.user",
   "pk": 14
},
{
   "fields": {
      "username": "matz",
      "first_name": "Yukihiro",
      "last_name": "Matsumoto",
      "is_active": true,
      "is_superuser": false,
      "is_staff": false,
      "last_login": "2015-04-19T15:47:04Z",
      "groups": [],
      "user_permissions": [],
      "password": "pbkdf2_sha256$12000$dPOhj7OoKupC$KUKqiih+T+ZypOeNVgr7q5QUD9YimqWdcOIvdSCSjiY=",
      "email": "matz@ruby.com",
      "date_joined": "2015-04-19T15:47:04Z"
   },
   "model": "auth.user",
   "pk": 15
},
{
   "fields": {
      "nombre_corto": "Spartan",
      "estado": "IN",
      "duracion_sprint": 30,
      "creacion": "2015-04-19T15:59:03.237Z",
      "inicio": "2015-04-19T15:55:18Z",
      "descripcion": "Designed to be a lightweight web browser with an engine built around web standards that is \"designed for interoperability with the modern web\". It removes support for legacy technologies such as ActiveX in favor of extensions and integration with other Microsoft services, such as the Cortana assistant and OneDrive, and will also offer annotation tools and a reading mode.",
      "fin": "2015-08-19T15:55:22Z",
      "nombre_largo": "Spartan Internet Browser"
   },
   "model": "project.proyecto",
   "pk": 1
},
{
   "fields": {
      "nombre_corto": "SpaceX",
      "estado": "IN",
      "duracion_sprint": 30,
      "creacion": "2015-04-19T15:59:53.858Z",
      "inicio": "2015-04-19T15:59:33Z",
      "descripcion": "An American aerospace manufacturer and space transport services company headquartered in Hawthorne, California, USA. It was founded in 2002 by former PayPal entrepreneur and Tesla Motors CEO Elon Musk with the goal of reducing space transportation costs to enable the colonization of Mars. It has developed the Falcon 1 and Falcon 9 launch vehicles, both of which were designed from conception to eventually become reusable, and the Dragon spacecraft which is flown into orbit by the Falcon 9 launch vehicle to supply the International Space Station with cargo. A manned version of Dragon is in development.",
      "fin": "2015-05-19T15:59:35Z",
      "nombre_largo": "Space Exploration Project"
   },
   "model": "project.proyecto",
   "pk": 2
},
{
   "fields": {
      "nombre_corto": "Durango",
      "estado": "IN",
      "duracion_sprint": 30,
      "creacion": "2015-04-19T16:01:15.409Z",
      "inicio": "2015-04-19T00:00:00Z",
      "descripcion": "Xbox One is a home video game console developed and marketed by Microsoft. Announced on May 21, 2013, it is the successor to the Xbox 360 and is the third console in the Xbox family.",
      "fin": "2015-07-19T00:00:00Z",
      "nombre_largo": "Xbox One"
   },
   "model": "project.proyecto",
   "pk": 3
},
{
   "fields": {
      "nombre_corto": "Xenon",
      "estado": "IN",
      "duracion_sprint": 30,
      "creacion": "2015-04-19T16:01:46.836Z",
      "inicio": "2015-04-19T16:01:36Z",
      "descripcion": "The Xbox 360 is a home video game console developed by Microsoft. As the successor to the original Xbox, it is the second console in the Xbox series. The Xbox 360 competes with Sony's PlayStation 3 and Nintendo's Wii as part of the seventh generation of video game consoles. The Xbox 360 was officially unveiled on MTV on May 12, 2005, with detailed launch and game information divulged later that month at the Electronic Entertainment Expo (E3).",
      "fin": "2015-05-19T16:01:40Z",
      "nombre_largo": "Xbox 360"
   },
   "model": "project.proyecto",
   "pk": 4
},
{
   "fields": {
      "nombre_corto": "Natal",
      "estado": "IN",
      "duracion_sprint": 28,
      "creacion": "2015-04-19T16:02:29.317Z",
      "inicio": "2015-04-19T00:00:00Z",
      "descripcion": "A line of motion sensing input devices by Microsoft for Xbox 360 and Xbox One video game consoles and Windows PCs. Based around a webcam-style add-on peripheral, it enables users to control and interact with their console/computer without the need for a game controller, through a natural user interface using gestures and spoken commands.",
      "fin": "2015-07-19T00:00:00Z",
      "nombre_largo": "Kinect"
   },
   "model": "project.proyecto",
   "pk": 5
},
{
   "fields": {
      "nombre_corto": "Revolution",
      "estado": "IN",
      "duracion_sprint": 30,
      "creacion": "2015-04-19T16:03:21.479Z",
      "inicio": "2015-04-19T00:00:00Z",
      "descripcion": "A home video game console released by Nintendo on November 19, 2006. As a seventh-generation console, the Wii competes with Microsoft's Xbox 360 and Sony's PlayStation 3. Nintendo states that its console targets a broader demographic than that of the two others.",
      "fin": "2015-05-19T00:00:00Z",
      "nombre_largo": "Wii"
   },
   "model": "project.proyecto",
   "pk": 6
},
{
   "fields": {
      "nombre_corto": "Doom",
      "estado": "IN",
      "duracion_sprint": 30,
      "creacion": "2015-04-19T16:04:11.492Z",
      "inicio": "2015-04-19T00:00:00Z",
      "descripcion": "Upcoming reboot of the Doom series by id Software following the release of its last title, Doom 3, in 2004. It is slated for simultaneous release on Microsoft Windows, PlayStation 4, and Xbox One with no confirmed release date. After years in development with almost no news from id Software, it was restarted completely in 2011 with Bethesda Softworks as publisher for the game.",
      "fin": "2015-05-19T00:00:00Z",
      "nombre_largo": "Doom 4"
   },
   "model": "project.proyecto",
   "pk": 7
},
{
   "fields": {
      "nombre_corto": "GOW",
      "estado": "IN",
      "duracion_sprint": 30,
      "creacion": "2015-04-19T16:04:56.728Z",
      "inicio": "2015-04-19T00:00:00Z",
      "descripcion": "The game focuses on the troops of Delta Squad as they wield a desperate, last-ditch attempt to save the remaining human inhabitants of the fictional planet Sera from a relentless and seemingly unstoppable subterranean enemy known as the Locust Horde. The player assumes the role of Marcus Fenix (but can also play as Dominic Santiago), a former prisoner and war-hardened soldier. The game is based on the use of cover and strategic fire for the player to advance through the scenarios; a second player can play cooperatively through the main campaign to assist. The game also features several online multiplayer game modes for up to eight players.",
      "fin": "2015-05-19T00:00:00Z",
      "nombre_largo": "Gears of War"
   },
   "model": "project.proyecto",
   "pk": 8
},
{
   "fields": {
      "nombre_corto": "SMB3",
      "estado": "IN",
      "duracion_sprint": 15,
      "creacion": "2015-04-19T16:06:00.675Z",
      "inicio": "2015-04-19T00:00:00Z",
      "descripcion": "Super Mario Bros. 3 centers on plumbers Mario and Luigi who embark on a quest to save Princess Toadstool and the rulers of seven different kingdoms from the antagonist Bowser and his children, the Koopalings. The player, as Mario or Luigi, is able to defeat enemies by stomping them or using items that bestow magical powers. Mario and Luigi are given a wider range of abilities than in previous Super Mario games, including flying or sliding down slopes. In addition, Super Mario Bros. 3 introduces numerous elements, such as new enemy characters and the use of a world map to transition between levels, that have reappeared in or have influenced subsequent Mario games.",
      "fin": "2015-08-19T00:00:00Z",
      "nombre_largo": "Super Mario Bros. 3"
   },
   "model": "project.proyecto",
   "pk": 9
},
{
   "fields": {
      "nombre_corto": "Smoothsort",
      "estado": "IN",
      "duracion_sprint": 30,
      "creacion": "2015-04-19T16:08:55.202Z",
      "inicio": "2015-04-19T16:08:41Z",
      "descripcion": "A comparison-based sorting algorithm. It is a variation of heapsort developed by Edsger Dijkstra in 1981. Like heapsort, smoothsort's upper bound is O(n log n). The advantage of smoothsort is that it comes closer to O(n) time if the input is already sorted to some degree, whereas heapsort averages O(n log n) regardless of the initial sorted state.",
      "fin": "2015-08-19T16:08:42Z",
      "nombre_largo": "Smoothsort"
   },
   "model": "project.proyecto",
   "pk": 10
},
{
   "fields": {
      "nombre_corto": "Resurrection F",
      "estado": "IN",
      "duracion_sprint": 30,
      "creacion": "2015-04-19T16:10:17.716Z",
      "inicio": "2015-04-19T00:00:00Z",
      "descripcion": "Is the nineteenth Japanese animated feature film based on the Dragon Ball series, and the fifteenth to carry the Dragon Ball Z branding, set to be released in theaters on April 18, 2015. It will be the first ever Japanese film to be screened in IMAX 3D, and will also receive screenings at 4DX theaters.",
      "fin": "2015-05-19T00:00:00Z",
      "nombre_largo": "Dragon Ball Resurrection 'F'"
   },
   "model": "project.proyecto",
   "pk": 11
},
{
   "fields": {
      "proyecto": 7,
      "roles": [
         [
            "Scrum Master"
         ],
         [
            "Product Owner"
         ]
      ],
      "usuario": [
         "jcarmack"
      ]
   },
   "model": "project.miembroequipo",
   "pk": 1
},
{
   "fields": {
      "proyecto": 7,
      "roles": [
         [
            "Developer"
         ]
      ],
      "usuario": [
         "santi"
      ]
   },
   "model": "project.miembroequipo",
   "pk": 2
},
{
   "fields": {
      "proyecto": 7,
      "roles": [
         [
            "Developer"
         ]
      ],
      "usuario": [
         "jordan"
      ]
   },
   "model": "project.miembroequipo",
   "pk": 3
},
{
   "fields": {
      "proyecto": 7,
      "roles": [
         [
            "Developer"
         ]
      ],
      "usuario": [
         "guille"
      ]
   },
   "model": "project.miembroequipo",
   "pk": 4
},
{
   "fields": {
      "ultimo_cambio": "2015-04-19T16:34:49Z",
      "tiempo_estimado": 5,
      "estado_actividad": 0,
      "actividad": 1,
      "estado": 0,
      "desarrollador": [
         "santi"
      ],
      "proyecto": 7,
      "descripcion": "Inicio de sesion en el sistema",
      "nombre": "Iniciar sesion",
      "sprint": 1,
      "tiempo_registrado": 6,
      "prioridad": 0,
      "valor_negocio": 20,
      "valor_tecnico": 30
   },
   "model": "project.userstory",
   "pk": 1
},
{
   "fields": {
      "ultimo_cambio": "2015-04-19T16:34:49Z",
      "tiempo_estimado": 5,
      "estado_actividad": 0,
      "actividad": 1,
      "estado": 0,
      "desarrollador": [
         "jordan"
      ],
      "proyecto": 7,
      "descripcion": "Cerrar de sesion en el sistema",
      "nombre": "Cerrar sesion",
      "sprint": 1,
      "tiempo_registrado": 6,
      "prioridad": 0,
      "valor_negocio": 20,
      "valor_tecnico": 30
   },
   "model": "project.userstory",
   "pk": 2
},
{
   "fields": {
      "ultimo_cambio": "2015-04-19T16:34:49Z",
      "tiempo_estimado": 5,
      "estado_actividad": 0,
      "actividad": 1,
      "estado": 0,
      "desarrollador": [
         "guille"
      ],
      "proyecto": 7,
      "descripcion": "Cambia contrasena del ususario",
      "nombre": "Cambiar contrasena",
      "sprint": 1,
      "tiempo_registrado": 6,
      "prioridad": 0,
      "valor_negocio": 20,
      "valor_tecnico": 30
   },
   "model": "project.userstory",
   "pk": 3
},
{
   "fields": {
      "ultimo_cambio": "2015-04-19T16:34:49Z",
      "tiempo_estimado": 5,
      "estado_actividad": 0,
      "actividad": 1,
      "estado": 0,
      "desarrollador": [
         "jordan"
      ],
      "proyecto": 7,
      "descripcion": "Restaura la contrasena a un valor predeterminado",
      "nombre": "Restaurar contrasena",
      "sprint": 1,
      "tiempo_registrado": 6,
      "prioridad": 0,
      "valor_negocio": 20,
      "valor_tecnico": 30
   },
   "model": "project.userstory",
   "pk": 4
},
{
   "fields": {
      "ultimo_cambio": "2015-04-19T16:34:49Z",
      "tiempo_estimado": 5,
      "estado_actividad": 0,
      "actividad": 2,
      "estado": 0,
      "desarrollador": [
         "santi"
      ],
      "proyecto": 7,
      "descripcion": "Crea un nuevo proyecto en el sistema",
      "nombre": "Crear Proyecto",
      "sprint": 2,
      "tiempo_registrado": 6,
      "prioridad": 0,
      "valor_negocio": 20,
      "valor_tecnico": 30
   },
   "model": "project.userstory",
   "pk": 5
},
{
   "fields": {
      "ultimo_cambio": "2015-04-19T16:34:49Z",
      "tiempo_estimado": 5,
      "estado_actividad": 0,
      "actividad": 2,
      "estado": 0,
      "desarrollador": [
         "guille"
      ],
      "proyecto": 7,
      "descripcion": "Edita los datos de determinado proyecto en el sistema",
      "nombre": "Editar Proyecto",
      "sprint": 2,
      "tiempo_registrado": 6,
      "prioridad": 0,
      "valor_negocio": 20,
      "valor_tecnico": 30
   },
   "model": "project.userstory",
   "pk": 6
},
{
   "fields": {
      "ultimo_cambio": "2015-04-19T16:34:49Z",
      "tiempo_estimado": 5,
      "estado_actividad": 0,
      "actividad": 2,
      "estado": 0,
      "desarrollador": [
         "guille"
      ],
      "proyecto": 7,
      "descripcion": "Elimina determinado proyecto del sistema",
      "nombre": "Eliminar Proyecto",
      "sprint": 1,
      "tiempo_registrado": 6,
      "prioridad": 0,
      "valor_negocio": 20,
      "valor_tecnico": 30
   },
   "model": "project.userstory",
   "pk": 7
},
{
   "fields": {
      "ultimo_cambio": "2015-04-19T16:34:49Z",
      "tiempo_estimado": 5,
      "estado_actividad": 0,
      "actividad": 3,
      "estado": 0,
      "desarrollador": [
         "santi"
      ],
      "proyecto": 7,
      "descripcion": "Da prioridad a determinado elemento del sistema para que se realice primero",
      "nombre": "Priorizacion",
      "sprint": 1,
      "tiempo_registrado": 6,
      "prioridad": 0,
      "valor_negocio": 20,
      "valor_tecnico": 30
   },
   "model": "project.userstory",
   "pk": 8
},
{
   "fields": {
      "ultimo_cambio": "2015-04-19T16:34:49Z",
      "tiempo_estimado": 5,
      "estado_actividad": 0,
      "actividad": 3,
      "estado": 0,
      "desarrollador": [
         "guille"
      ],
      "proyecto": 7,
      "descripcion": "Detalla los datos del proyecto en el sistema",
      "nombre": "Consultar Proyecto",
      "sprint": 1,
      "tiempo_registrado": 6,
      "prioridad": 0,
      "valor_negocio": 20,
      "valor_tecnico": 30
   },
   "model": "project.userstory",
   "pk": 9
},
{
   "fields": {
      "ultimo_cambio": "2015-04-19T16:34:49Z",
      "tiempo_estimado": 5,
      "estado_actividad": 0,
      "actividad": 1,
      "estado": 0,
      "desarrollador": [
         "jordan"
      ],
      "proyecto": 7,
      "descripcion": "Busca los proyectos en el sistema",
      "nombre": "Buscar Proyecto",
      "sprint": 2,
      "tiempo_registrado": 6,
      "prioridad": 0,
      "valor_negocio": 20,
      "valor_tecnico": 30
   },
   "model": "project.userstory",
   "pk": 10
},
{
   "fields": {
      "ultimo_cambio": "2015-04-19T16:34:49Z",
      "tiempo_estimado": 5,
      "estado_actividad": 0,
      "actividad": 1,
      "estado": 0,
      "desarrollador": [
         "guille"
      ],
      "proyecto": 7,
      "descripcion": "Gestiona los usuario en el sistema",
      "nombre": "Gestionar Usuario",
      "sprint": 2,
      "tiempo_registrado": 6,
      "prioridad": 0,
      "valor_negocio": 20,
      "valor_tecnico": 30
   },
   "model": "project.userstory",
   "pk": 11
},
{
   "fields": {
      "ultimo_cambio": "2015-04-19T16:34:49Z",
      "tiempo_estimado": 5,
      "estado_actividad": 0,
      "actividad": 1,
      "estado": 0,
      "desarrollador": [
         "santi"
      ],
      "proyecto": 7,
      "descripcion": "Crear Usuario  en el sistema",
      "nombre": "Crear Usuario",
      "sprint": 3,
      "tiempo_registrado": 6,
      "prioridad": 0,
      "valor_negocio": 20,
      "valor_tecnico": 30
   },
   "model": "project.userstory",
   "pk": 12
},
{
   "fields": {
      "ultimo_cambio": "2015-04-19T16:34:49Z",
      "tiempo_estimado": 5,
      "estado_actividad": 0,
      "actividad": 1,
      "estado": 0,
      "desarrollador": [
         "guille"
      ],
      "proyecto": 7,
      "descripcion": "Edita un Usuario  en el sistema",
      "nombre": "Editar Usuario",
      "sprint": 3,
      "tiempo_registrado": 6,
      "prioridad": 0,
      "valor_negocio": 20,
      "valor_tecnico": 30
   },
   "model": "project.userstory",
   "pk": 13
},
{
   "fields": {
      "ultimo_cambio": "2015-04-19T16:34:49Z",
      "tiempo_estimado": 5,
      "estado_actividad": 0,
      "actividad": 1,
      "estado": 0,
      "desarrollador": [
         "jordan"
      ],
      "proyecto": 7,
      "descripcion": "Elimina un Usuario  en el sistema",
      "nombre": "Eliminar Usuario",
      "sprint": 3,
      "tiempo_registrado": 6,
      "prioridad": 0,
      "valor_negocio": 20,
      "valor_tecnico": 30
   },
   "model": "project.userstory",
   "pk": 14
},
{
   "fields": {
      "ultimo_cambio": "2015-05-02T02:15:43.813Z",
      "tiempo_estimado": 6,
      "estado_actividad": 0,
      "actividad": 13,
      "estado": 1,
      "desarrollador": [
         "bgates"
      ],
      "proyecto": 3,
      "descripcion": "Adquirir los instrumentos para poder crear un xbox",
      "nombre": "Probar instrumentos",
      "sprint": 5,
      "tiempo_registrado": 0,
      "prioridad": 2,
      "valor_negocio": 3,
      "valor_tecnico": 11
   },
   "model": "project.userstory",
   "pk": 16
},
{
   "fields": {
      "ultimo_cambio": "2015-05-02T02:15:19.802Z",
      "tiempo_estimado": 9,
      "estado_actividad": 0,
      "actividad": 12,
      "estado": 1,
      "desarrollador": [
         "emusk"
      ],
      "proyecto": 3,
      "descripcion": "Poner todos las componentes dentro del sistema xbox",
      "nombre": "Ensamblar las componentes",
      "sprint": 5,
      "tiempo_registrado": 0,
      "prioridad": 1,
      "valor_negocio": 10,
      "valor_tecnico": 8
   },
   "model": "project.userstory",
   "pk": 17
},
{
   "fields": {
      "ultimo_cambio": "2015-05-02T02:15:19.820Z",
      "tiempo_estimado": 20,
      "estado_actividad": 0,
      "actividad": 12,
      "estado": 1,
      "desarrollador": [
         "atoriyama"
      ],
      "proyecto": 3,
      "descripcion": "Instalacion del software del sistema que va a tener",
      "nombre": "Instalar software",
      "sprint": 5,
      "tiempo_registrado": 0,
      "prioridad": 0,
      "valor_negocio": 20,
      "valor_tecnico": 10
   },
   "model": "project.userstory",
   "pk": 18
},
{
   "fields": {
      "ultimo_cambio": "2015-05-02T02:22:21.637Z",
      "tiempo_estimado": 11,
      "estado_actividad": 0,
      "actividad": 15,
      "estado": 1,
      "desarrollador": [
         "lpage"
      ],
      "proyecto": 8,
      "descripcion": "Creacion de los personajes del sistema",
      "nombre": "Crear Personajes",
      "sprint": 6,
      "tiempo_registrado": 0,
      "prioridad": 2,
      "valor_negocio": 10,
      "valor_tecnico": 12
   },
   "model": "project.userstory",
   "pk": 19
},
{
   "fields": {
      "ultimo_cambio": "2015-05-02T02:22:21.657Z",
      "tiempo_estimado": 14,
      "estado_actividad": 0,
      "actividad": 15,
      "estado": 1,
      "desarrollador": [
         "wwallace"
      ],
      "proyecto": 8,
      "descripcion": "Creacion del ambiente en el que se le pondra a los personajes",
      "nombre": "Crear Ambiente",
      "sprint": 6,
      "tiempo_registrado": 0,
      "prioridad": 0,
      "valor_negocio": 10,
      "valor_tecnico": 15
   },
   "model": "project.userstory",
   "pk": 20
},
{
   "fields": {
      "ultimo_cambio": "2015-05-02T02:22:21.675Z",
      "tiempo_estimado": 30,
      "estado_actividad": 0,
      "actividad": 15,
      "estado": 1,
      "desarrollador": [
         "wwallace"
      ],
      "proyecto": 8,
      "descripcion": "Creacion de los niveles cada vez que el usuario gana el juego, hasta un maximo de 5 niveles aumentando la dificultad",
      "nombre": "Creacion de nivel",
      "sprint": 6,
      "tiempo_registrado": 0,
      "prioridad": 1,
      "valor_negocio": 15,
      "valor_tecnico": 10
   },
   "model": "project.userstory",
   "pk": 21
},
{
   "fields": {
      "ultimo_cambio": "2015-05-02T02:27:34.013Z",
      "tiempo_estimado": 40,
      "estado_actividad": 0,
      "actividad": 17,
      "estado": 1,
      "desarrollador": [
         "aturing"
      ],
      "proyecto": 5,
      "descripcion": "Contruccion de una muestra del kinect",
      "nombre": "Contruir una muestra",
      "sprint": 7,
      "tiempo_registrado": 0,
      "prioridad": 0,
      "valor_negocio": 13,
      "valor_tecnico": 20
   },
   "model": "project.userstory",
   "pk": 22
},
{
   "fields": {
      "ultimo_cambio": "2015-05-02T02:28:36.768Z",
      "tiempo_estimado": 30,
      "estado_actividad": 1,
      "actividad": 19,
      "estado": 1,
      "desarrollador": [
         "aturing"
      ],
      "proyecto": 5,
      "descripcion": "Contruir un sensor de moviemiento para el kinect",
      "nombre": "Contruccion de sensor de movimiento",
      "sprint": 7,
      "tiempo_registrado": 25,
      "prioridad": 1,
      "valor_negocio": 12,
      "valor_tecnico": 25
   },
   "model": "project.userstory",
   "pk": 23
},
{
   "fields": {
      "ultimo_cambio": "2015-05-02T02:41:09.892Z",
      "tiempo_estimado": 20,
      "estado_actividad": 1,
      "actividad": 21,
      "estado": 1,
      "desarrollador": [
         "edijkstra"
      ],
      "proyecto": 11,
      "descripcion": "Creacion del inicio de la serie",
      "nombre": "Crear Inicio",
      "sprint": 8,
      "tiempo_registrado": 5,
      "prioridad": 0,
      "valor_negocio": 6,
      "valor_tecnico": 13
   },
   "model": "project.userstory",
   "pk": 24
},
{
   "fields": {
      "ultimo_cambio": "2015-05-02T02:40:45.947Z",
      "tiempo_estimado": 12,
      "estado_actividad": 1,
      "actividad": 21,
      "estado": 1,
      "desarrollador": [
         "atoriyama"
      ],
      "proyecto": 11,
      "descripcion": "Creacion de la trama de la serie  japonesa",
      "nombre": "crear trama",
      "sprint": 8,
      "tiempo_registrado": 5,
      "prioridad": 0,
      "valor_negocio": 15,
      "valor_tecnico": 16
   },
   "model": "project.userstory",
   "pk": 25
},
{
   "fields": {
      "ultimo_cambio": "2015-05-02T02:41:25.278Z",
      "tiempo_estimado": 50,
      "estado_actividad": 1,
      "actividad": 21,
      "estado": 1,
      "desarrollador": [
         "atoriyama"
      ],
      "proyecto": 11,
      "descripcion": "Finalizacion de la trama y serie japonesa(Muere el actor prinicipal y revive con las  esferas del dragon",
      "nombre": "Finalizar Trama",
      "sprint": 8,
      "tiempo_registrado": 0,
      "prioridad": 0,
      "valor_negocio": 29,
      "valor_tecnico": 21
   },
   "model": "project.userstory",
   "pk": 26
},
{
   "fields": {
      "ultimo_cambio": "2015-05-02T02:43:46.008Z",
      "tiempo_estimado": 15,
      "estado_actividad": 0,
      "actividad": 11,
      "estado": 1,
      "desarrollador": [
         "matz"
      ],
      "proyecto": 6,
      "descripcion": "UserStory1",
      "nombre": "US1",
      "sprint": 4,
      "tiempo_registrado": 0,
      "prioridad": 1,
      "valor_negocio": 15,
      "valor_tecnico": 15
   },
   "model": "project.userstory",
   "pk": 27
},
{
   "fields": {
      "ultimo_cambio": "2015-05-02T02:43:46.033Z",
      "tiempo_estimado": 20,
      "estado_actividad": 0,
      "actividad": 11,
      "estado": 1,
      "desarrollador": [
         "matz"
      ],
      "proyecto": 6,
      "descripcion": "User Story 2",
      "nombre": "US2",
      "sprint": 4,
      "tiempo_registrado": 0,
      "prioridad": 0,
      "valor_negocio": 20,
      "valor_tecnico": 20
   },
   "model": "project.userstory",
   "pk": 28
},
{
   "fields": {
      "ultimo_cambio": "2015-05-02T02:43:46.057Z",
      "tiempo_estimado": 21,
      "estado_actividad": 0,
      "actividad": 11,
      "estado": 1,
      "desarrollador": [
         "matz"
      ],
      "proyecto": 6,
      "descripcion": "UserStory3",
      "nombre": "US3",
      "sprint": 4,
      "tiempo_registrado": 0,
      "prioridad": 0,
      "valor_negocio": 21,
      "valor_tecnico": 21
   },
   "model": "project.userstory",
   "pk": 29
},
{
   "fields": {
      "ultimo_cambio": "2015-05-02T02:43:46.081Z",
      "tiempo_estimado": 23,
      "estado_actividad": 0,
      "actividad": 11,
      "estado": 1,
      "desarrollador": [
         "matz"
      ],
      "proyecto": 6,
      "descripcion": "UserStory 4",
      "nombre": "Us4",
      "sprint": 4,
      "tiempo_registrado": 0,
      "prioridad": 0,
      "valor_negocio": 23,
      "valor_tecnico": 23
   },
   "model": "project.userstory",
   "pk": 30
},
{
   "fields": {
      "ultimo_cambio": "2015-05-02T02:47:25.489Z",
      "tiempo_estimado": 16,
      "estado_actividad": 0,
      "actividad": 23,
      "estado": 1,
      "desarrollador": [
         "jordan"
      ],
      "proyecto": 9,
      "descripcion": "Creacion de Mario Bros.",
      "nombre": "Crear Mario",
      "sprint": 9,
      "tiempo_registrado": 0,
      "prioridad": 0,
      "valor_negocio": 16,
      "valor_tecnico": 16
   },
   "model": "project.userstory",
   "pk": 31
},
{
   "fields": {
      "ultimo_cambio": "2015-05-02T02:47:25.508Z",
      "tiempo_estimado": 15,
      "estado_actividad": 0,
      "actividad": 23,
      "estado": 1,
      "desarrollador": [
         "cliffyb"
      ],
      "proyecto": 9,
      "descripcion": "Creacion del personaje Luigi",
      "nombre": "Crear Luigi",
      "sprint": 9,
      "tiempo_registrado": 0,
      "prioridad": 0,
      "valor_negocio": 15,
      "valor_tecnico": 15
   },
   "model": "project.userstory",
   "pk": 32
},
{
   "fields": {
      "ultimo_cambio": "2015-05-02T02:47:25.526Z",
      "tiempo_estimado": 23,
      "estado_actividad": 0,
      "actividad": 23,
      "estado": 1,
      "desarrollador": [
         "cliffyb"
      ],
      "proyecto": 9,
      "descripcion": "Creacion de la princesa peach",
      "nombre": "Crear Peach",
      "sprint": 9,
      "tiempo_registrado": 0,
      "prioridad": 0,
      "valor_negocio": 41,
      "valor_tecnico": 50
   },
   "model": "project.userstory",
   "pk": 33
},
{
   "fields": {
      "object_pk": "7",
      "user": [
         "jcarmack"
      ],
      "content_type": [
         "project",
         "proyecto"
      ],
      "permission": [
         "view_project",
         "project",
         "proyecto"
      ]
   },
   "model": "guardian.userobjectpermission",
   "pk": 1
},
{
   "fields": {
      "object_pk": "7",
      "user": [
         "jcarmack"
      ],
      "content_type": [
         "project",
         "proyecto"
      ],
      "permission": [
         "add_proyecto",
         "project",
         "proyecto"
      ]
   },
   "model": "guardian.userobjectpermission",
   "pk": 2
},
{
   "fields": {
      "object_pk": "7",
      "user": [
         "jcarmack"
      ],
      "content_type": [
         "project",
         "proyecto"
      ],
      "permission": [
         "aprobar_userstory",
         "project",
         "proyecto"
      ]
   },
   "model": "guardian.userobjectpermission",
   "pk": 3
},
{
   "fields": {
      "object_pk": "7",
      "user": [
         "jcarmack"
      ],
      "content_type": [
         "project",
         "proyecto"
      ],
      "permission": [
         "change_proyecto",
         "project",
         "proyecto"
      ]
   },
   "model": "guardian.userobjectpermission",
   "pk": 4
},
{
   "fields": {
      "object_pk": "7",
      "user": [
         "jcarmack"
      ],
      "content_type": [
         "project",
         "proyecto"
      ],
      "permission": [
         "create_flujo",
         "project",
         "proyecto"
      ]
   },
   "model": "guardian.userobjectpermission",
   "pk": 5
},
{
   "fields": {
      "object_pk": "7",
      "user": [
         "jcarmack"
      ],
      "content_type": [
         "project",
         "proyecto"
      ],
      "permission": [
         "create_sprint",
         "project",
         "proyecto"
      ]
   },
   "model": "guardian.userobjectpermission",
   "pk": 6
},
{
   "fields": {
      "object_pk": "7",
      "user": [
         "jcarmack"
      ],
      "content_type": [
         "project",
         "proyecto"
      ],
      "permission": [
         "create_userstory",
         "project",
         "proyecto"
      ]
   },
   "model": "guardian.userobjectpermission",
   "pk": 7
},
{
   "fields": {
      "object_pk": "7",
      "user": [
         "jcarmack"
      ],
      "content_type": [
         "project",
         "proyecto"
      ],
      "permission": [
         "delete_proyecto",
         "project",
         "proyecto"
      ]
   },
   "model": "guardian.userobjectpermission",
   "pk": 8
},
{
   "fields": {
      "object_pk": "7",
      "user": [
         "jcarmack"
      ],
      "content_type": [
         "project",
         "proyecto"
      ],
      "permission": [
         "edit_flujo",
         "project",
         "proyecto"
      ]
   },
   "model": "guardian.userobjectpermission",
   "pk": 9
},
{
   "fields": {
      "object_pk": "7",
      "user": [
         "jcarmack"
      ],
      "content_type": [
         "project",
         "proyecto"
      ],
      "permission": [
         "edit_sprint",
         "project",
         "proyecto"
      ]
   },
   "model": "guardian.userobjectpermission",
   "pk": 10
},
{
   "fields": {
      "object_pk": "7",
      "user": [
         "jcarmack"
      ],
      "content_type": [
         "project",
         "proyecto"
      ],
      "permission": [
         "edit_userstory",
         "project",
         "proyecto"
      ]
   },
   "model": "guardian.userobjectpermission",
   "pk": 11
},
{
   "fields": {
      "object_pk": "7",
      "user": [
         "jcarmack"
      ],
      "content_type": [
         "project",
         "proyecto"
      ],
      "permission": [
         "prioritize_userstory",
         "project",
         "proyecto"
      ]
   },
   "model": "guardian.userobjectpermission",
   "pk": 12
},
{
   "fields": {
      "object_pk": "7",
      "user": [
         "jcarmack"
      ],
      "content_type": [
         "project",
         "proyecto"
      ],
      "permission": [
         "registraractividad_userstory",
         "project",
         "proyecto"
      ]
   },
   "model": "guardian.userobjectpermission",
   "pk": 13
},
{
   "fields": {
      "object_pk": "7",
      "user": [
         "jcarmack"
      ],
      "content_type": [
         "project",
         "proyecto"
      ],
      "permission": [
         "remove_flujo",
         "project",
         "proyecto"
      ]
   },
   "model": "guardian.userobjectpermission",
   "pk": 14
},
{
   "fields": {
      "object_pk": "7",
      "user": [
         "jcarmack"
      ],
      "content_type": [
         "project",
         "proyecto"
      ],
      "permission": [
         "remove_sprint",
         "project",
         "proyecto"
      ]
   },
   "model": "guardian.userobjectpermission",
   "pk": 15
},
{
   "fields": {
      "object_pk": "7",
      "user": [
         "jcarmack"
      ],
      "content_type": [
         "project",
         "proyecto"
      ],
      "permission": [
         "remove_userstory",
         "project",
         "proyecto"
      ]
   },
   "model": "guardian.userobjectpermission",
   "pk": 16
},
{
   "fields": {
      "object_pk": "7",
      "user": [
         "santi"
      ],
      "content_type": [
         "project",
         "proyecto"
      ],
      "permission": [
         "view_project",
         "project",
         "proyecto"
      ]
   },
   "model": "guardian.userobjectpermission",
   "pk": 17
},
{
   "fields": {
      "object_pk": "1",
      "user": [
         "santi"
      ],
      "content_type": [
         "project",
         "userstory"
      ],
      "permission": [
         "edit_my_userstory",
         "project",
         "userstory"
      ]
   },
   "model": "guardian.userobjectpermission",
   "pk": 18
},
{
   "fields": {
      "object_pk": "5",
      "user": [
         "santi"
      ],
      "content_type": [
         "project",
         "userstory"
      ],
      "permission": [
         "edit_my_userstory",
         "project",
         "userstory"
      ]
   },
   "model": "guardian.userobjectpermission",
   "pk": 19
},
{
   "fields": {
      "object_pk": "8",
      "user": [
         "santi"
      ],
      "content_type": [
         "project",
         "userstory"
      ],
      "permission": [
         "edit_my_userstory",
         "project",
         "userstory"
      ]
   },
   "model": "guardian.userobjectpermission",
   "pk": 20
},
{
   "fields": {
      "object_pk": "12",
      "user": [
         "santi"
      ],
      "content_type": [
         "project",
         "userstory"
      ],
      "permission": [
         "edit_my_userstory",
         "project",
         "userstory"
      ]
   },
   "model": "guardian.userobjectpermission",
   "pk": 21
},
{
   "fields": {
      "object_pk": "1",
      "user": [
         "santi"
      ],
      "content_type": [
         "project",
         "userstory"
      ],
      "permission": [
         "registraractividad_my_userstory",
         "project",
         "userstory"
      ]
   },
   "model": "guardian.userobjectpermission",
   "pk": 22
},
{
   "fields": {
      "object_pk": "5",
      "user": [
         "santi"
      ],
      "content_type": [
         "project",
         "userstory"
      ],
      "permission": [
         "registraractividad_my_userstory",
         "project",
         "userstory"
      ]
   },
   "model": "guardian.userobjectpermission",
   "pk": 23
},
{
   "fields": {
      "object_pk": "8",
      "user": [
         "santi"
      ],
      "content_type": [
         "project",
         "userstory"
      ],
      "permission": [
         "registraractividad_my_userstory",
         "project",
         "userstory"
      ]
   },
   "model": "guardian.userobjectpermission",
   "pk": 24
},
{
   "fields": {
      "object_pk": "12",
      "user": [
         "santi"
      ],
      "content_type": [
         "project",
         "userstory"
      ],
      "permission": [
         "registraractividad_my_userstory",
         "project",
         "userstory"
      ]
   },
   "model": "guardian.userobjectpermission",
   "pk": 25
},
{
   "fields": {
      "object_pk": "7",
      "user": [
         "jordan"
      ],
      "content_type": [
         "project",
         "proyecto"
      ],
      "permission": [
         "view_project",
         "project",
         "proyecto"
      ]
   },
   "model": "guardian.userobjectpermission",
   "pk": 26
},
{
   "fields": {
      "object_pk": "2",
      "user": [
         "jordan"
      ],
      "content_type": [
         "project",
         "userstory"
      ],
      "permission": [
         "edit_my_userstory",
         "project",
         "userstory"
      ]
   },
   "model": "guardian.userobjectpermission",
   "pk": 27
},
{
   "fields": {
      "object_pk": "4",
      "user": [
         "jordan"
      ],
      "content_type": [
         "project",
         "userstory"
      ],
      "permission": [
         "edit_my_userstory",
         "project",
         "userstory"
      ]
   },
   "model": "guardian.userobjectpermission",
   "pk": 28
},
{
   "fields": {
      "object_pk": "10",
      "user": [
         "jordan"
      ],
      "content_type": [
         "project",
         "userstory"
      ],
      "permission": [
         "edit_my_userstory",
         "project",
         "userstory"
      ]
   },
   "model": "guardian.userobjectpermission",
   "pk": 29
},
{
   "fields": {
      "object_pk": "14",
      "user": [
         "jordan"
      ],
      "content_type": [
         "project",
         "userstory"
      ],
      "permission": [
         "edit_my_userstory",
         "project",
         "userstory"
      ]
   },
   "model": "guardian.userobjectpermission",
   "pk": 30
},
{
   "fields": {
      "object_pk": "2",
      "user": [
         "jordan"
      ],
      "content_type": [
         "project",
         "userstory"
      ],
      "permission": [
         "registraractividad_my_userstory",
         "project",
         "userstory"
      ]
   },
   "model": "guardian.userobjectpermission",
   "pk": 31
},
{
   "fields": {
      "object_pk": "4",
      "user": [
         "jordan"
      ],
      "content_type": [
         "project",
         "userstory"
      ],
      "permission": [
         "registraractividad_my_userstory",
         "project",
         "userstory"
      ]
   },
   "model": "guardian.userobjectpermission",
   "pk": 32
},
{
   "fields": {
      "object_pk": "10",
      "user": [
         "jordan"
      ],
      "content_type": [
         "project",
         "userstory"
      ],
      "permission": [
         "registraractividad_my_userstory",
         "project",
         "userstory"
      ]
   },
   "model": "guardian.userobjectpermission",
   "pk": 33
},
{
   "fields": {
      "object_pk": "14",
      "user": [
         "jordan"
      ],
      "content_type": [
         "project",
         "userstory"
      ],
      "permission": [
         "registraractividad_my_userstory",
         "project",
         "userstory"
      ]
   },
   "model": "guardian.userobjectpermission",
   "pk": 34
},
{
   "fields": {
      "object_pk": "7",
      "user": [
         "guille"
      ],
      "content_type": [
         "project",
         "proyecto"
      ],
      "permission": [
         "view_project",
         "project",
         "proyecto"
      ]
   },
   "model": "guardian.userobjectpermission",
   "pk": 35
},
{
   "fields": {
      "object_pk": "3",
      "user": [
         "guille"
      ],
      "content_type": [
         "project",
         "userstory"
      ],
      "permission": [
         "edit_my_userstory",
         "project",
         "userstory"
      ]
   },
   "model": "guardian.userobjectpermission",
   "pk": 36
},
{
   "fields": {
      "object_pk": "6",
      "user": [
         "guille"
      ],
      "content_type": [
         "project",
         "userstory"
      ],
      "permission": [
         "edit_my_userstory",
         "project",
         "userstory"
      ]
   },
   "model": "guardian.userobjectpermission",
   "pk": 37
},
{
   "fields": {
      "object_pk": "7",
      "user": [
         "guille"
      ],
      "content_type": [
         "project",
         "userstory"
      ],
      "permission": [
         "edit_my_userstory",
         "project",
         "userstory"
      ]
   },
   "model": "guardian.userobjectpermission",
   "pk": 38
},
{
   "fields": {
      "object_pk": "9",
      "user": [
         "guille"
      ],
      "content_type": [
         "project",
         "userstory"
      ],
      "permission": [
         "edit_my_userstory",
         "project",
         "userstory"
      ]
   },
   "model": "guardian.userobjectpermission",
   "pk": 39
},
{
   "fields": {
      "object_pk": "11",
      "user": [
         "guille"
      ],
      "content_type": [
         "project",
         "userstory"
      ],
      "permission": [
         "edit_my_userstory",
         "project",
         "userstory"
      ]
   },
   "model": "guardian.userobjectpermission",
   "pk": 40
},
{
   "fields": {
      "object_pk": "13",
      "user": [
         "guille"
      ],
      "content_type": [
         "project",
         "userstory"
      ],
      "permission": [
         "edit_my_userstory",
         "project",
         "userstory"
      ]
   },
   "model": "guardian.userobjectpermission",
   "pk": 41
},
{
   "fields": {
      "object_pk": "3",
      "user": [
         "guille"
      ],
      "content_type": [
         "project",
         "userstory"
      ],
      "permission": [
         "registraractividad_my_userstory",
         "project",
         "userstory"
      ]
   },
   "model": "guardian.userobjectpermission",
   "pk": 42
},
{
   "fields": {
      "object_pk": "6",
      "user": [
         "guille"
      ],
      "content_type": [
         "project",
         "userstory"
      ],
      "permission": [
         "registraractividad_my_userstory",
         "project",
         "userstory"
      ]
   },
   "model": "guardian.userobjectpermission",
   "pk": 43
},
{
   "fields": {
      "object_pk": "7",
      "user": [
         "guille"
      ],
      "content_type": [
         "project",
         "userstory"
      ],
      "permission": [
         "registraractividad_my_userstory",
         "project",
         "userstory"
      ]
   },
   "model": "guardian.userobjectpermission",
   "pk": 44
},
{
   "fields": {
      "object_pk": "9",
      "user": [
         "guille"
      ],
      "content_type": [
         "project",
         "userstory"
      ],
      "permission": [
         "registraractividad_my_userstory",
         "project",
         "userstory"
      ]
   },
   "model": "guardian.userobjectpermission",
   "pk": 45
},
{
   "fields": {
      "object_pk": "11",
      "user": [
         "guille"
      ],
      "content_type": [
         "project",
         "userstory"
      ],
      "permission": [
         "registraractividad_my_userstory",
         "project",
         "userstory"
      ]
   },
   "model": "guardian.userobjectpermission",
   "pk": 46
},
{
   "fields": {
      "object_pk": "13",
      "user": [
         "guille"
      ],
      "content_type": [
         "project",
         "userstory"
      ],
      "permission": [
         "registraractividad_my_userstory",
         "project",
         "userstory"
      ]
   },
   "model": "guardian.userobjectpermission",
   "pk": 47
},
{
   "fields": {
      "comment": "",
      "date_created": "2015-04-30T15:03:08.601Z",
      "manager_slug": "default",
      "user": [
         "admin"
      ]
   },
   "model": "reversion.revision",
   "pk": 1
},
{
   "fields": {
      "comment": "",
      "date_created": "2015-04-30T15:05:09.021Z",
      "manager_slug": "default",
      "user": [
         "admin"
      ]
   },
   "model": "reversion.revision",
   "pk": 2
},
{
   "fields": {
      "comment": "",
      "date_created": "2015-04-30T15:36:15.638Z",
      "manager_slug": "default",
      "user": [
         "admin"
      ]
   },
   "model": "reversion.revision",
   "pk": 3
},
{
   "fields": {
      "comment": "",
      "date_created": "2015-04-30T15:36:53.364Z",
      "manager_slug": "default",
      "user": [
         "admin"
      ]
   },
   "model": "reversion.revision",
   "pk": 4
},
{
   "fields": {
      "comment": "",
      "date_created": "2015-04-30T15:37:17.598Z",
      "manager_slug": "default",
      "user": [
         "admin"
      ]
   },
   "model": "reversion.revision",
   "pk": 5
},
{
   "fields": {
      "comment": "",
      "date_created": "2015-04-30T15:58:45.215Z",
      "manager_slug": "default",
      "user": [
         "admin"
      ]
   },
   "model": "reversion.revision",
   "pk": 6
},
{
   "fields": {
      "comment": "",
      "date_created": "2015-04-30T20:23:19.349Z",
      "manager_slug": "default",
      "user": [
         "admin"
      ]
   },
   "model": "reversion.revision",
   "pk": 7
},
{
   "fields": {
      "comment": "",
      "date_created": "2015-04-30T20:24:20.038Z",
      "manager_slug": "default",
      "user": [
         "admin"
      ]
   },
   "model": "reversion.revision",
   "pk": 8
},
{
   "fields": {
      "comment": "",
      "date_created": "2015-04-30T20:28:17.027Z",
      "manager_slug": "default",
      "user": [
         "admin"
      ]
   },
   "model": "reversion.revision",
   "pk": 9
},
{
   "fields": {
      "comment": "",
      "date_created": "2015-04-30T20:37:12.897Z",
      "manager_slug": "default",
      "user": [
         "admin"
      ]
   },
   "model": "reversion.revision",
   "pk": 10
},
{
   "fields": {
      "comment": "",
      "date_created": "2015-04-30T20:37:21.471Z",
      "manager_slug": "default",
      "user": [
         "admin"
      ]
   },
   "model": "reversion.revision",
   "pk": 11
},
{
   "fields": {
      "comment": "",
      "date_created": "2015-04-30T20:37:59.907Z",
      "manager_slug": "default",
      "user": [
         "admin"
      ]
   },
   "model": "reversion.revision",
   "pk": 12
},
{
   "fields": {
      "comment": "",
      "date_created": "2015-05-01T14:09:36.918Z",
      "manager_slug": "default",
      "user": [
         "admin"
      ]
   },
   "model": "reversion.revision",
   "pk": 13
},
{
   "fields": {
      "comment": "",
      "date_created": "2015-05-01T14:49:12.080Z",
      "manager_slug": "default",
      "user": [
         "admin"
      ]
   },
   "model": "reversion.revision",
   "pk": 14
},
{
   "fields": {
      "comment": "",
      "date_created": "2015-05-01T14:49:38.476Z",
      "manager_slug": "default",
      "user": [
         "admin"
      ]
   },
   "model": "reversion.revision",
   "pk": 15
},
{
   "fields": {
      "comment": "",
      "date_created": "2015-05-01T14:51:45.453Z",
      "manager_slug": "default",
      "user": [
         "admin"
      ]
   },
   "model": "reversion.revision",
   "pk": 16
},
{
   "fields": {
      "comment": "",
      "date_created": "2015-05-01T14:58:42.719Z",
      "manager_slug": "default",
      "user": [
         "admin"
      ]
   },
   "model": "reversion.revision",
   "pk": 17
},
{
   "fields": {
      "comment": "",
      "date_created": "2015-05-01T15:05:18.996Z",
      "manager_slug": "default",
      "user": [
         "admin"
      ]
   },
   "model": "reversion.revision",
   "pk": 18
},
{
   "fields": {
      "comment": "",
      "date_created": "2015-05-01T22:22:20.633Z",
      "manager_slug": "default",
      "user": [
         "admin"
      ]
   },
   "model": "reversion.revision",
   "pk": 19
},
{
   "fields": {
      "comment": "",
      "date_created": "2015-05-02T02:12:35.571Z",
      "manager_slug": "default",
      "user": [
         "admin"
      ]
   },
   "model": "reversion.revision",
   "pk": 20
},
{
   "fields": {
      "comment": "",
      "date_created": "2015-05-02T02:13:34.673Z",
      "manager_slug": "default",
      "user": [
         "admin"
      ]
   },
   "model": "reversion.revision",
   "pk": 21
},
{
   "fields": {
      "comment": "",
      "date_created": "2015-05-02T02:14:26.723Z",
      "manager_slug": "default",
      "user": [
         "admin"
      ]
   },
   "model": "reversion.revision",
   "pk": 22
},
{
   "fields": {
      "comment": "",
      "date_created": "2015-05-02T02:15:19.834Z",
      "manager_slug": "default",
      "user": [
         "admin"
      ]
   },
   "model": "reversion.revision",
   "pk": 23
},
{
   "fields": {
      "comment": "",
      "date_created": "2015-05-02T02:15:43.839Z",
      "manager_slug": "default",
      "user": [
         "admin"
      ]
   },
   "model": "reversion.revision",
   "pk": 24
},
{
   "fields": {
      "comment": "",
      "date_created": "2015-05-02T02:18:10.847Z",
      "manager_slug": "default",
      "user": [
         "admin"
      ]
   },
   "model": "reversion.revision",
   "pk": 25
},
{
   "fields": {
      "comment": "",
      "date_created": "2015-05-02T02:18:53.748Z",
      "manager_slug": "default",
      "user": [
         "admin"
      ]
   },
   "model": "reversion.revision",
   "pk": 26
},
{
   "fields": {
      "comment": "",
      "date_created": "2015-05-02T02:20:00.585Z",
      "manager_slug": "default",
      "user": [
         "admin"
      ]
   },
   "model": "reversion.revision",
   "pk": 27
},
{
   "fields": {
      "comment": "",
      "date_created": "2015-05-02T02:22:21.689Z",
      "manager_slug": "default",
      "user": [
         "admin"
      ]
   },
   "model": "reversion.revision",
   "pk": 28
},
{
   "fields": {
      "comment": "",
      "date_created": "2015-05-02T02:24:07.433Z",
      "manager_slug": "default",
      "user": [
         "admin"
      ]
   },
   "model": "reversion.revision",
   "pk": 29
},
{
   "fields": {
      "comment": "",
      "date_created": "2015-05-02T02:25:38.808Z",
      "manager_slug": "default",
      "user": [
         "admin"
      ]
   },
   "model": "reversion.revision",
   "pk": 30
},
{
   "fields": {
      "comment": "",
      "date_created": "2015-05-02T02:27:34.048Z",
      "manager_slug": "default",
      "user": [
         "admin"
      ]
   },
   "model": "reversion.revision",
   "pk": 31
},
{
   "fields": {
      "comment": "",
      "date_created": "2015-05-02T02:28:36.795Z",
      "manager_slug": "default",
      "user": [
         "admin"
      ]
   },
   "model": "reversion.revision",
   "pk": 32
},
{
   "fields": {
      "comment": "",
      "date_created": "2015-05-02T02:36:42.580Z",
      "manager_slug": "default",
      "user": [
         "admin"
      ]
   },
   "model": "reversion.revision",
   "pk": 33
},
{
   "fields": {
      "comment": "",
      "date_created": "2015-05-02T02:37:24.049Z",
      "manager_slug": "default",
      "user": [
         "admin"
      ]
   },
   "model": "reversion.revision",
   "pk": 34
},
{
   "fields": {
      "comment": "",
      "date_created": "2015-05-02T02:38:23.858Z",
      "manager_slug": "default",
      "user": [
         "admin"
      ]
   },
   "model": "reversion.revision",
   "pk": 35
},
{
   "fields": {
      "comment": "",
      "date_created": "2015-05-02T02:40:23.011Z",
      "manager_slug": "default",
      "user": [
         "admin"
      ]
   },
   "model": "reversion.revision",
   "pk": 36
},
{
   "fields": {
      "comment": "",
      "date_created": "2015-05-02T02:40:45.976Z",
      "manager_slug": "default",
      "user": [
         "admin"
      ]
   },
   "model": "reversion.revision",
   "pk": 37
},
{
   "fields": {
      "comment": "",
      "date_created": "2015-05-02T02:41:09.919Z",
      "manager_slug": "default",
      "user": [
         "admin"
      ]
   },
   "model": "reversion.revision",
   "pk": 38
},
{
   "fields": {
      "comment": "",
      "date_created": "2015-05-02T02:41:25.306Z",
      "manager_slug": "default",
      "user": [
         "admin"
      ]
   },
   "model": "reversion.revision",
   "pk": 39
},
{
   "fields": {
      "comment": "",
      "date_created": "2015-05-02T02:42:16.754Z",
      "manager_slug": "default",
      "user": [
         "admin"
      ]
   },
   "model": "reversion.revision",
   "pk": 40
},
{
   "fields": {
      "comment": "",
      "date_created": "2015-05-02T02:42:35.292Z",
      "manager_slug": "default",
      "user": [
         "admin"
      ]
   },
   "model": "reversion.revision",
   "pk": 41
},
{
   "fields": {
      "comment": "",
      "date_created": "2015-05-02T02:42:50.298Z",
      "manager_slug": "default",
      "user": [
         "admin"
      ]
   },
   "model": "reversion.revision",
   "pk": 42
},
{
   "fields": {
      "comment": "",
      "date_created": "2015-05-02T02:43:07.265Z",
      "manager_slug": "default",
      "user": [
         "admin"
      ]
   },
   "model": "reversion.revision",
   "pk": 43
},
{
   "fields": {
      "comment": "",
      "date_created": "2015-05-02T02:43:46.100Z",
      "manager_slug": "default",
      "user": [
         "admin"
      ]
   },
   "model": "reversion.revision",
   "pk": 44
},
{
   "fields": {
      "comment": "",
      "date_created": "2015-05-02T02:45:26.946Z",
      "manager_slug": "default",
      "user": [
         "admin"
      ]
   },
   "model": "reversion.revision",
   "pk": 45
},
{
   "fields": {
      "comment": "",
      "date_created": "2015-05-02T02:45:50.812Z",
      "manager_slug": "default",
      "user": [
         "admin"
      ]
   },
   "model": "reversion.revision",
   "pk": 46
},
{
   "fields": {
      "comment": "",
      "date_created": "2015-05-02T02:46:21.785Z",
      "manager_slug": "default",
      "user": [
         "admin"
      ]
   },
   "model": "reversion.revision",
   "pk": 47
},
{
   "fields": {
      "comment": "",
      "date_created": "2015-05-02T02:47:25.540Z",
      "manager_slug": "default",
      "user": [
         "admin"
      ]
   },
   "model": "reversion.revision",
   "pk": 48
},
{
   "fields": {
      "comment": "Initial version.",
      "date_created": "2015-05-13T14:18:21.093Z",
      "manager_slug": "default",
      "user": null
   },
   "model": "reversion.revision",
   "pk": 49
},
{
   "fields": {
      "comment": "Initial version.",
      "date_created": "2015-05-13T14:18:21.098Z",
      "manager_slug": "default",
      "user": null
   },
   "model": "reversion.revision",
   "pk": 50
},
{
   "fields": {
      "comment": "Initial version.",
      "date_created": "2015-05-13T14:18:21.101Z",
      "manager_slug": "default",
      "user": null
   },
   "model": "reversion.revision",
   "pk": 51
},
{
   "fields": {
      "comment": "Initial version.",
      "date_created": "2015-05-13T14:18:21.105Z",
      "manager_slug": "default",
      "user": null
   },
   "model": "reversion.revision",
   "pk": 52
},
{
   "fields": {
      "comment": "Initial version.",
      "date_created": "2015-05-13T14:18:21.109Z",
      "manager_slug": "default",
      "user": null
   },
   "model": "reversion.revision",
   "pk": 53
},
{
   "fields": {
      "comment": "Initial version.",
      "date_created": "2015-05-13T14:18:21.113Z",
      "manager_slug": "default",
      "user": null
   },
   "model": "reversion.revision",
   "pk": 54
},
{
   "fields": {
      "action_flag": 3,
      "action_time": "2015-05-13T14:23:45.896Z",
      "object_repr": "MiembroEquipo object",
      "object_id": "21",
      "change_message": "",
      "user": [
         "admin"
      ],
      "content_type": [
         "project",
         "miembroequipo"
      ]
   },
   "model": "admin.logentry",
   "pk": 1
},
{
   "fields": {
      "action_flag": 3,
      "action_time": "2015-05-13T14:23:45.904Z",
      "object_repr": "MiembroEquipo object",
      "object_id": "20",
      "change_message": "",
      "user": [
         "admin"
      ],
      "content_type": [
         "project",
         "miembroequipo"
      ]
   },
   "model": "admin.logentry",
   "pk": 2
},
{
   "fields": {
      "action_flag": 3,
      "action_time": "2015-05-13T14:23:45.907Z",
      "object_repr": "MiembroEquipo object",
      "object_id": "19",
      "change_message": "",
      "user": [
         "admin"
      ],
      "content_type": [
         "project",
         "miembroequipo"
      ]
   },
   "model": "admin.logentry",
   "pk": 3
},
{
   "fields": {
      "action_flag": 3,
      "action_time": "2015-05-13T14:23:45.909Z",
      "object_repr": "MiembroEquipo object",
      "object_id": "18",
      "change_message": "",
      "user": [
         "admin"
      ],
      "content_type": [
         "project",
         "miembroequipo"
      ]
   },
   "model": "admin.logentry",
   "pk": 4
},
{
   "fields": {
      "action_flag": 3,
      "action_time": "2015-05-13T14:23:45.911Z",
      "object_repr": "MiembroEquipo object",
      "object_id": "17",
      "change_message": "",
      "user": [
         "admin"
      ],
      "content_type": [
         "project",
         "miembroequipo"
      ]
   },
   "model": "admin.logentry",
   "pk": 5
},
{
   "fields": {
      "action_flag": 3,
      "action_time": "2015-05-13T14:23:45.913Z",
      "object_repr": "MiembroEquipo object",
      "object_id": "16",
      "change_message": "",
      "user": [
         "admin"
      ],
      "content_type": [
         "project",
         "miembroequipo"
      ]
   },
   "model": "admin.logentry",
   "pk": 6
},
{
   "fields": {
      "action_flag": 3,
      "action_time": "2015-05-13T14:23:45.915Z",
      "object_repr": "MiembroEquipo object",
      "object_id": "15",
      "change_message": "",
      "user": [
         "admin"
      ],
      "content_type": [
         "project",
         "miembroequipo"
      ]
   },
   "model": "admin.logentry",
   "pk": 7
},
{
   "fields": {
      "action_flag": 3,
      "action_time": "2015-05-13T14:23:45.917Z",
      "object_repr": "MiembroEquipo object",
      "object_id": "14",
      "change_message": "",
      "user": [
         "admin"
      ],
      "content_type": [
         "project",
         "miembroequipo"
      ]
   },
   "model": "admin.logentry",
   "pk": 8
},
{
   "fields": {
      "action_flag": 3,
      "action_time": "2015-05-13T14:23:45.919Z",
      "object_repr": "MiembroEquipo object",
      "object_id": "13",
      "change_message": "",
      "user": [
         "admin"
      ],
      "content_type": [
         "project",
         "miembroequipo"
      ]
   },
   "model": "admin.logentry",
   "pk": 9
},
{
   "fields": {
      "action_flag": 3,
      "action_time": "2015-05-13T14:23:45.921Z",
      "object_repr": "MiembroEquipo object",
      "object_id": "12",
      "change_message": "",
      "user": [
         "admin"
      ],
      "content_type": [
         "project",
         "miembroequipo"
      ]
   },
   "model": "admin.logentry",
   "pk": 10
},
{
   "fields": {
      "action_flag": 3,
      "action_time": "2015-05-13T14:23:45.923Z",
      "object_repr": "MiembroEquipo object",
      "object_id": "11",
      "change_message": "",
      "user": [
         "admin"
      ],
      "content_type": [
         "project",
         "miembroequipo"
      ]
   },
   "model": "admin.logentry",
   "pk": 11
},
{
   "fields": {
      "action_flag": 3,
      "action_time": "2015-05-13T14:23:45.925Z",
      "object_repr": "MiembroEquipo object",
      "object_id": "10",
      "change_message": "",
      "user": [
         "admin"
      ],
      "content_type": [
         "project",
         "miembroequipo"
      ]
   },
   "model": "admin.logentry",
   "pk": 12
},
{
   "fields": {
      "action_flag": 3,
      "action_time": "2015-05-13T14:23:45.927Z",
      "object_repr": "MiembroEquipo object",
      "object_id": "9",
      "change_message": "",
      "user": [
         "admin"
      ],
      "content_type": [
         "project",
         "miembroequipo"
      ]
   },
   "model": "admin.logentry",
   "pk": 13
},
{
   "fields": {
      "action_flag": 3,
      "action_time": "2015-05-13T14:23:45.929Z",
      "object_repr": "MiembroEquipo object",
      "object_id": "8",
      "change_message": "",
      "user": [
         "admin"
      ],
      "content_type": [
         "project",
         "miembroequipo"
      ]
   },
   "model": "admin.logentry",
   "pk": 14
},
{
   "fields": {
      "action_flag": 3,
      "action_time": "2015-05-13T14:23:45.931Z",
      "object_repr": "MiembroEquipo object",
      "object_id": "7",
      "change_message": "",
      "user": [
         "admin"
      ],
      "content_type": [
         "project",
         "miembroequipo"
      ]
   },
   "model": "admin.logentry",
   "pk": 15
},
{
   "fields": {
      "action_flag": 3,
      "action_time": "2015-05-13T14:23:45.933Z",
      "object_repr": "MiembroEquipo object",
      "object_id": "6",
      "change_message": "",
      "user": [
         "admin"
      ],
      "content_type": [
         "project",
         "miembroequipo"
      ]
   },
   "model": "admin.logentry",
   "pk": 16
},
{
   "fields": {
      "action_flag": 3,
      "action_time": "2015-05-13T14:23:45.935Z",
      "object_repr": "MiembroEquipo object",
      "object_id": "3",
      "change_message": "",
      "user": [
         "admin"
      ],
      "content_type": [
         "project",
         "miembroequipo"
      ]
   },
   "model": "admin.logentry",
   "pk": 17
}
]
